account_id,user_id,bank_id,account_number,account_type,balance,account_status,opening_date
ACC00001,U01311,B027,611651219937,Savings,470204,Active,3/23/2014
ACC00002,U03586,B016,507898500203,Savings,238593,Active,5/19/2018
ACC00003,U01279,B003,357228969372,Savings,366079,Active,10/20/2011
ACC00004,U03406,B003,575634289801,Savings,158650,Active,1/23/2010
ACC00005,U01664,B026,854183349329,Savings,226260,Active,8/19/2015
ACC00006,U03840,B014,761656116479,Savings,337550,Active,9/6/2022
ACC00007,U03399,B013,744648006640,Savings,51024,Active,10/9/2022
ACC00008,U03070,B016,291478542340,Savings,226361,Active,5/25/2024
ACC00009,U00670,B020,644861519387,Savings,166741,Active,5/18/2018
ACC00010,U00500,B015,208687003731,Savings,440802,Active,9/8/2023
ACC00011,U00537,B025,685007429329,Savings,388345,Active,11/3/2014
ACC00012,U02635,B022,290145142045,Savings,46812,Active,7/14/2013
ACC00013,U03581,B027,838630238788,Savings,126243,Active,6/8/2018
ACC00014,U04052,B015,461346643662,Savings,238957,Active,7/23/2015
ACC00015,U03369,B025,227007141083,Savings,151343,Active,11/5/2014
ACC00016,U02750,B010,868558771414,Savings,133100,Active,6/6/2014
ACC00017,U01809,B027,254281997655,Savings,372154,Active,1/16/2020
ACC00018,U04184,B024,387982539033,Savings,66183,Active,7/14/2012
ACC00019,U03471,B019,875981693951,Savings,259622,Active,4/14/2018
ACC00020,U01177,B005,939183781895,Savings,287814,Active,7/23/2017
ACC00021,U01426,B024,410525725828,Savings,193914,Active,9/17/2016
ACC00022,U01672,B011,433215314300,Savings,201779,Active,7/9/2015
ACC00023,U04820,B024,987021123054,Savings,281232,Active,5/7/2013
ACC00024,U00150,B019,775020824501,Savings,186636,Active,6/18/2015
ACC00025,U00635,B013,289971207231,Savings,220272,Active,10/6/2010
ACC00026,U02226,B003,511353201435,Savings,181209,Active,7/14/2010
ACC00027,U04905,B012,106561197161,Savings,372713,Active,7/30/2022
ACC00028,U01333,B001,197398938622,Savings,237726,Active,4/19/2015
ACC00029,U00041,B024,422515340302,Savings,237040,Active,5/22/2015
ACC00030,U02138,B030,937151799861,Current,19030,Active,8/3/2011
ACC00031,U04542,B011,776903725317,Savings,23497,Active,9/18/2016
ACC00032,U04282,B011,764093295396,Savings,183119,Active,7/23/2013
ACC00033,U00347,B004,406476616570,Savings,492884,Active,1/8/2016
ACC00034,U03120,B018,611013307784,Savings,355835,Active,6/23/2020
ACC00035,U01331,B014,526303313905,Savings,394432,Active,10/20/2011
ACC00036,U03749,B020,991118534369,Savings,146054,Active,1/7/2015
ACC00037,U04509,B013,612133559152,Savings,213664,Active,11/7/2012
ACC00038,U04116,B020,643275736513,Savings,26851,Active,9/23/2024
ACC00039,U02223,B018,137182618489,Savings,469245,Active,12/10/2017
ACC00040,U03234,B020,499079373815,Savings,101760,Active,3/14/2020
ACC00041,U03658,B025,287293982957,Savings,78515,Active,4/9/2019
ACC00042,U00652,B024,995777234291,Current,450386,Active,6/3/2015
ACC00043,U02692,B001,163657478228,Savings,425582,Active,4/26/2013
ACC00044,U02630,B012,822381215423,Savings,118004,Active,3/28/2012
ACC00045,U01340,B030,389879321453,Savings,323275,Active,3/23/2013
ACC00046,U04288,B017,123936648408,Savings,495782,Active,8/6/2014
ACC00047,U04533,B001,187633191602,Current,322592,Active,12/14/2013
ACC00048,U02751,B020,207903035381,Savings,341789,Active,10/14/2013
ACC00049,U02975,B012,486974144750,Savings,497979,Active,1/31/2015
ACC00050,U00761,B008,909248478398,Savings,43913,Active,6/23/2023
ACC00051,U01780,B023,553812555593,Savings,371222,Active,12/29/2022
ACC00052,U04505,B029,978797429696,Savings,169389,Active,4/14/2010
ACC00053,U01860,B008,678432268155,Savings,72593,Active,10/1/2021
ACC00054,U00213,B023,528583568279,Savings,109322,Active,6/14/2014
ACC00055,U01848,B026,487408214617,Savings,461910,Active,7/11/2010
ACC00056,U04515,B026,781845810702,Savings,417009,Active,10/21/2020
ACC00057,U04591,B008,531225643993,Savings,434222,Active,6/5/2016
ACC00058,U03563,B029,645288616142,Savings,53412,Active,3/12/2011
ACC00059,U02217,B021,279303527057,Savings,125956,Active,11/16/2012
ACC00060,U00002,B018,588041839345,Savings,5741,Active,1/18/2011
ACC00061,U00132,B001,214134888543,Savings,157217,Active,8/16/2015
ACC00062,U03275,B029,928727563294,Savings,338946,Active,8/20/2018
ACC00063,U00532,B025,630683291332,Savings,246659,Active,7/7/2012
ACC00064,U03218,B001,916963585083,Savings,492650,Active,3/17/2012
ACC00065,U02180,B029,842903694651,Savings,192328,Active,9/6/2012
ACC00066,U00554,B004,613959808414,Savings,247980,Active,9/13/2017
ACC00067,U02479,B001,654008200291,Savings,416855,Active,2/3/2018
ACC00068,U00244,B015,230418213434,Savings,161315,Active,10/1/2013
ACC00069,U01905,B004,160330742246,Savings,98349,Active,10/17/2020
ACC00070,U00901,B002,966991009665,Savings,220818,Active,11/9/2016
ACC00071,U02963,B010,636770597596,Savings,478435,Active,8/30/2013
ACC00072,U00169,B021,412377807211,Savings,370794,Active,8/1/2011
ACC00073,U02219,B009,242928183643,Savings,126130,Active,5/9/2019
ACC00074,U01689,B022,979084318982,Savings,352417,Active,8/26/2011
ACC00075,U04303,B016,769089112857,Savings,213263,Active,6/14/2022
ACC00076,U01420,B002,226239351445,Current,52296,Active,8/18/2019
ACC00077,U01376,B016,864587444548,Savings,243826,Active,3/22/2023
ACC00078,U02389,B002,834187478933,Savings,446025,Active,9/5/2017
ACC00079,U02616,B001,781236951317,Savings,494499,Active,11/15/2016
ACC00080,U00213,B020,658251696966,Savings,261041,Active,7/20/2020
ACC00081,U04330,B024,554978204397,Savings,479091,Active,4/29/2016
ACC00082,U01992,B008,418693794759,Current,463797,Active,4/13/2010
ACC00083,U00941,B028,235475509672,Savings,327591,Active,9/4/2014
ACC00084,U03311,B021,590165246695,Savings,412838,Active,1/17/2013
ACC00085,U00368,B010,925908422995,Savings,264997,Active,4/27/2013
ACC00086,U04220,B008,331594403843,Savings,390443,Active,1/15/2022
ACC00087,U04063,B004,509009973498,Savings,216309,Active,12/25/2015
ACC00088,U01069,B011,147499903211,Savings,41051,Active,7/19/2017
ACC00089,U02197,B020,607171760742,Savings,132638,Active,4/21/2012
ACC00090,U02532,B024,905164538445,Savings,232412,Active,3/3/2016
ACC00091,U02177,B010,934349675845,Savings,213063,Active,7/28/2011
ACC00092,U03383,B023,496528339234,Savings,84869,Active,7/10/2021
ACC00093,U03670,B023,235347474421,Savings,382901,Active,10/11/2018
ACC00094,U04150,B010,541190826634,Savings,166749,Active,2/16/2013
ACC00095,U03169,B020,458096877791,Savings,96223,Active,4/3/2014
ACC00096,U00197,B008,905294823028,Savings,342242,Active,6/5/2016
ACC00097,U02614,B015,586839183708,Savings,246474,Active,11/7/2017
ACC00098,U02835,B012,921467013168,Savings,346442,Active,11/13/2021
ACC00099,U04862,B011,399928933344,Savings,226093,Active,10/16/2012
ACC00100,U00867,B008,628180499590,Savings,53822,Active,10/15/2015
ACC00101,U02677,B023,390981899612,Savings,427008,Active,2/17/2016
ACC00102,U03382,B030,408244393332,Savings,99746,Active,10/6/2015
ACC00103,U02114,B019,836723266441,Savings,334105,Active,8/2/2017
ACC00104,U04047,B021,248934115518,Savings,370683,Active,11/8/2017
ACC00105,U02666,B014,125674613183,Current,180052,Active,8/23/2014
ACC00106,U00345,B028,557032014521,Savings,232053,Active,7/30/2014
ACC00107,U00135,B006,250562829802,Savings,410114,Active,4/17/2010
ACC00108,U03310,B016,189852178610,Savings,150610,Active,10/25/2016
ACC00109,U02759,B011,578360433218,Savings,158275,Active,6/30/2022
ACC00110,U03343,B001,485298980079,Savings,130152,Active,1/9/2017
ACC00111,U03698,B002,728711018728,Savings,257928,Active,3/6/2022
ACC00112,U02135,B029,525797222370,Savings,10509,Active,9/26/2011
ACC00113,U04496,B003,812095081619,Savings,448510,Active,4/29/2012
ACC00114,U01649,B018,704705483988,Savings,323847,Active,8/22/2015
ACC00115,U01099,B002,854918050590,Savings,245889,Active,1/27/2013
ACC00116,U03170,B018,446949015009,Savings,316360,Active,7/19/2010
ACC00117,U04525,B006,335984679691,Savings,145625,Active,4/10/2011
ACC00118,U03547,B010,948340873682,Savings,177665,Active,10/21/2018
ACC00119,U02804,B019,177331263608,Savings,257517,Active,4/26/2010
ACC00120,U03894,B020,680284739362,Savings,433272,Active,6/20/2022
ACC00121,U01682,B029,810535286579,Savings,350396,Active,3/12/2012
ACC00122,U00178,B028,135809299600,Savings,414711,Active,9/15/2014
ACC00123,U02260,B023,670199184061,Current,347565,Active,12/29/2018
ACC00124,U02394,B002,393785680494,Savings,129177,Active,10/16/2014
ACC00125,U02122,B021,211774460827,Savings,279192,Active,7/1/2010
ACC00126,U00688,B010,211246195695,Current,391100,Active,11/14/2020
ACC00127,U00281,B003,231905517670,Savings,377179,Active,5/25/2013
ACC00128,U02527,B011,161632416946,Savings,305635,Active,6/23/2013
ACC00129,U00082,B003,514533881828,Savings,177619,Active,3/23/2014
ACC00130,U00017,B023,258693411415,Savings,471602,Active,12/20/2013
ACC00131,U02925,B010,881687251402,Savings,59476,Active,2/25/2014
ACC00132,U03741,B020,442517343753,Savings,224251,Active,8/11/2011
ACC00133,U01846,B005,387983245739,Savings,407645,Active,5/18/2019
ACC00134,U04405,B021,827606076498,Savings,234886,Active,12/17/2013
ACC00135,U01074,B019,483760828880,Savings,224393,Active,2/15/2020
ACC00136,U03362,B010,734139281656,Savings,199140,Active,12/29/2019
ACC00137,U02604,B014,158542335265,Savings,2814,Active,12/24/2018
ACC00138,U02353,B014,708838858060,Savings,139769,Active,9/17/2014
ACC00139,U03234,B030,317737716705,Savings,208777,Active,8/16/2011
ACC00140,U03195,B026,979970663632,Savings,416303,Active,10/7/2024
ACC00141,U03892,B004,878348172878,Savings,385169,Active,8/20/2010
ACC00142,U04272,B011,896257305231,Savings,68897,Active,6/15/2017
ACC00143,U03532,B014,416111057870,Savings,328089,Active,8/19/2021
ACC00144,U03373,B012,384095493011,Savings,246900,Active,1/1/2011
ACC00145,U04053,B024,233802571797,Savings,119935,Active,12/28/2019
ACC00146,U00474,B004,184353887895,Savings,478958,Active,3/2/2019
ACC00147,U01176,B011,892780092907,Savings,156929,Active,8/8/2010
ACC00148,U02437,B028,235760519056,Savings,480361,Active,8/12/2019
ACC00149,U04276,B015,573906282922,Savings,313177,Active,9/19/2012
ACC00150,U04779,B018,435099641416,Savings,94201,Active,3/2/2021
ACC00151,U01113,B003,864276239165,Savings,221727,Active,1/7/2019
ACC00152,U02990,B016,985419561310,Savings,182255,Active,6/9/2020
ACC00153,U01056,B004,784043939568,Savings,334060,Active,5/13/2016
ACC00154,U02531,B009,807338053612,Savings,71189,Active,11/17/2013
ACC00155,U01841,B004,338909297617,Savings,334500,Active,5/3/2021
ACC00156,U03695,B003,494248788722,Savings,137355,Active,8/19/2014
ACC00157,U03505,B017,444249179739,Savings,15430,Active,9/29/2015
ACC00158,U01583,B016,280857576736,Savings,118264,Active,12/9/2018
ACC00159,U03799,B027,435842982099,Savings,97721,Active,5/18/2015
ACC00160,U02786,B016,540859803733,Savings,37377,Active,2/10/2017
ACC00161,U00329,B021,125710042477,Savings,159572,Active,5/29/2010
ACC00162,U04051,B004,219115516841,Savings,62240,Inactive,7/21/2012
ACC00163,U03464,B009,197957982249,Savings,433049,Active,5/2/2017
ACC00164,U01259,B012,392045071436,Savings,343039,Active,1/31/2018
ACC00165,U01996,B010,529099566512,Savings,356180,Active,4/27/2010
ACC00166,U00675,B005,638304347707,Savings,452976,Active,12/17/2019
ACC00167,U02126,B003,255121382990,Current,417044,Active,2/25/2023
ACC00168,U04307,B006,247451253820,Savings,87655,Active,3/3/2012
ACC00169,U00925,B022,811532204453,Savings,16661,Active,10/29/2020
ACC00170,U00644,B010,856808173985,Current,199124,Active,3/22/2013
ACC00171,U04550,B008,729295872413,Savings,493986,Active,12/28/2014
ACC00172,U02242,B018,449739174048,Savings,143131,Active,1/11/2016
ACC00173,U04402,B026,246736650754,Current,61669,Active,4/5/2011
ACC00174,U03125,B014,356904445482,Current,254151,Active,8/20/2015
ACC00175,U02715,B028,552548633035,Savings,48217,Active,2/26/2017
ACC00176,U04982,B004,871212130676,Savings,456190,Active,3/12/2025
ACC00177,U00454,B019,498067297126,Savings,44891,Active,2/22/2014
ACC00178,U00490,B020,827117721935,Savings,301575,Active,1/2/2015
ACC00179,U04950,B010,440774736198,Savings,393434,Active,10/9/2010
ACC00180,U03587,B012,805953703143,Savings,382505,Active,4/23/2015
ACC00181,U00048,B005,329975617314,Savings,225216,Active,3/26/2016
ACC00182,U01367,B029,485271361335,Savings,51810,Active,12/28/2010
ACC00183,U02592,B029,634248858571,Savings,282450,Active,2/2/2012
ACC00184,U01562,B014,125379410900,Savings,476359,Active,8/19/2014
ACC00185,U04354,B008,791131172417,Savings,442668,Active,9/21/2023
ACC00186,U01785,B006,148874680930,Savings,380531,Active,2/18/2011
ACC00187,U04388,B015,321797783556,Savings,13346,Active,8/20/2016
ACC00188,U04301,B024,206714651131,Savings,466703,Active,7/29/2011
ACC00189,U00608,B028,826840663838,Savings,98460,Active,6/23/2019
ACC00190,U04585,B028,207316079040,Savings,251621,Active,9/4/2011
ACC00191,U00284,B030,724221811635,Savings,360564,Active,2/19/2012
ACC00192,U01819,B027,166933339439,Savings,203624,Active,10/7/2024
ACC00193,U01653,B003,940580440475,Savings,463062,Active,1/26/2017
ACC00194,U00186,B029,642111827426,Savings,194245,Inactive,10/12/2017
ACC00195,U03600,B007,918807553134,Savings,254190,Active,10/10/2014
ACC00196,U01946,B018,679735848281,Savings,74723,Active,3/31/2022
ACC00197,U02321,B006,664981726924,Savings,404742,Active,2/5/2020
ACC00198,U00888,B023,328680697146,Savings,30653,Active,1/26/2012
ACC00199,U01085,B028,974717379052,Savings,378869,Active,11/9/2012
ACC00200,U03972,B004,464133675449,Savings,457228,Active,7/19/2015
ACC00201,U04165,B021,687771937603,Savings,126550,Active,6/8/2010
ACC00202,U04939,B024,985248387124,Savings,156909,Active,11/13/2015
ACC00203,U04329,B018,277657889211,Savings,275722,Active,9/2/2014
ACC00204,U04934,B004,828999969904,Savings,130560,Active,8/4/2016
ACC00205,U03061,B015,921087331896,Current,83304,Active,5/21/2010
ACC00206,U02033,B003,981141425163,Savings,405613,Active,1/18/2011
ACC00207,U01135,B006,993370046274,Savings,267704,Active,2/14/2018
ACC00208,U00987,B023,942823952857,Savings,121442,Active,1/26/2017
ACC00209,U04012,B016,919741282608,Savings,139685,Active,10/26/2011
ACC00210,U01929,B013,668197245801,Savings,410309,Active,11/17/2013
ACC00211,U00270,B030,537677995804,Savings,489731,Active,2/3/2010
ACC00212,U03237,B021,955892695826,Savings,441477,Active,9/5/2019
ACC00213,U01519,B014,985144123132,Savings,354757,Active,4/25/2011
ACC00214,U02810,B007,252846043010,Savings,106289,Active,1/22/2017
ACC00215,U01450,B013,794871881654,Savings,193197,Active,5/29/2018
ACC00216,U04067,B005,102661739503,Savings,363710,Active,10/7/2011
ACC00217,U03752,B010,800977335462,Savings,337237,Active,6/28/2015
ACC00218,U01082,B022,366916780809,Savings,273735,Active,11/6/2012
ACC00219,U04048,B001,374376647869,Savings,472873,Active,11/16/2012
ACC00220,U04294,B017,540015672841,Savings,275232,Active,1/19/2023
ACC00221,U01530,B018,383776543462,Savings,195844,Active,6/21/2021
ACC00222,U04683,B016,199365295251,Savings,213203,Active,3/21/2014
ACC00223,U04314,B001,489277774428,Savings,93561,Active,6/4/2010
ACC00224,U00108,B003,413614880470,Savings,437142,Active,6/13/2017
ACC00225,U03726,B015,865696156754,Current,186917,Active,9/26/2013
ACC00226,U03423,B017,767971517648,Savings,369133,Active,11/15/2013
ACC00227,U01474,B016,484322059302,Savings,228839,Active,6/29/2010
ACC00228,U01238,B002,508716939141,Savings,103838,Active,1/28/2012
ACC00229,U04664,B029,822274396603,Savings,462594,Active,2/19/2022
ACC00230,U00118,B010,908620716840,Savings,136763,Active,11/17/2021
ACC00231,U03537,B016,529222502975,Savings,250305,Active,1/13/2014
ACC00232,U02791,B021,525538775641,Savings,490083,Active,9/18/2014
ACC00233,U03439,B012,257292566916,Current,476872,Active,10/13/2014
ACC00234,U01154,B015,592432605708,Savings,286229,Active,4/26/2014
ACC00235,U02396,B001,880382376005,Savings,498704,Active,1/17/2013
ACC00236,U03446,B030,189126522057,Savings,256146,Active,12/16/2018
ACC00237,U01186,B002,499749393674,Savings,445970,Active,1/16/2018
ACC00238,U01000,B014,437791243938,Savings,141916,Active,8/1/2016
ACC00239,U01597,B019,508357532404,Savings,308788,Active,8/28/2011
ACC00240,U00412,B001,453059066591,Savings,17945,Active,2/26/2021
ACC00241,U02899,B023,835796550840,Savings,90744,Active,11/17/2020
ACC00242,U03783,B010,207981371755,Savings,14501,Active,3/26/2013
ACC00243,U01434,B009,475355603608,Savings,370998,Active,1/22/2012
ACC00244,U02774,B020,575431867809,Savings,86896,Active,5/17/2015
ACC00245,U01896,B003,146157840620,Savings,197271,Active,10/2/2018
ACC00246,U04903,B008,881373671809,Savings,488428,Active,12/28/2017
ACC00247,U03007,B021,118913946966,Savings,72626,Active,6/22/2013
ACC00248,U01911,B006,862353036194,Savings,480730,Active,12/29/2015
ACC00249,U04424,B026,571763892677,Savings,378378,Active,1/18/2012
ACC00250,U00979,B008,273766248579,Savings,369743,Active,5/3/2017
ACC00251,U01337,B008,227961554200,Savings,464070,Active,2/4/2010
ACC00252,U03021,B011,606341440521,Savings,160968,Active,12/27/2014
ACC00253,U02620,B013,859551678423,Savings,41488,Active,11/30/2016
ACC00254,U01235,B006,510887756566,Savings,443582,Active,11/9/2015
ACC00255,U03173,B008,575604898511,Savings,65031,Active,1/23/2010
ACC00256,U01860,B005,631444976225,Savings,88443,Active,12/2/2022
ACC00257,U02175,B013,338980912935,Current,276350,Active,12/18/2015
ACC00258,U02813,B003,322378181316,Savings,142458,Active,9/4/2013
ACC00259,U03180,B021,213363363688,Savings,432170,Active,3/28/2015
ACC00260,U00126,B003,384889485432,Savings,147651,Active,1/9/2012
ACC00261,U01169,B011,284717063203,Savings,407243,Active,9/2/2020
ACC00262,U01304,B005,274319236652,Savings,429387,Active,11/28/2019
ACC00263,U02519,B007,288803249705,Savings,9302,Active,4/6/2019
ACC00264,U02502,B030,494305410076,Savings,33691,Active,7/2/2015
ACC00265,U03177,B025,391569781110,Savings,213551,Active,11/22/2015
ACC00266,U00142,B029,902261708781,Savings,53545,Active,4/26/2019
ACC00267,U03916,B008,953476695875,Current,59409,Active,3/24/2018
ACC00268,U01530,B027,650362037227,Savings,442710,Active,5/1/2021
ACC00269,U04687,B005,631112398843,Savings,257962,Active,8/25/2011
ACC00270,U02732,B008,388744674034,Savings,134666,Active,9/24/2011
ACC00271,U04408,B026,712609504409,Savings,347125,Active,9/6/2017
ACC00272,U00113,B017,748887258304,Savings,212787,Active,6/2/2013
ACC00273,U02974,B022,342693896705,Savings,441392,Active,10/2/2017
ACC00274,U00924,B019,126517900935,Savings,211342,Active,2/17/2014
ACC00275,U00917,B022,816409749699,Savings,210307,Active,9/10/2013
ACC00276,U03146,B027,694356837445,Savings,7214,Active,11/20/2016
ACC00277,U04545,B015,512314753836,Savings,170875,Active,10/17/2016
ACC00278,U01601,B007,840137586074,Savings,59011,Active,12/31/2018
ACC00279,U00095,B023,790579951425,Savings,179216,Active,11/17/2018
ACC00280,U01523,B001,836365700791,Savings,99168,Active,8/21/2021
ACC00281,U01683,B009,993203335465,Savings,334960,Active,4/1/2012
ACC00282,U04347,B016,105338507251,Savings,411723,Active,8/4/2019
ACC00283,U04538,B029,530880878643,Savings,243882,Active,10/30/2011
ACC00284,U03900,B013,519437522026,Savings,227137,Active,1/3/2012
ACC00285,U04884,B022,698597280269,Savings,253632,Active,9/28/2010
ACC00286,U04660,B012,318158478063,Savings,46179,Active,2/26/2016
ACC00287,U04254,B015,701357646632,Savings,222535,Active,12/2/2012
ACC00288,U00195,B030,348325060337,Savings,354222,Active,12/22/2017
ACC00289,U00791,B007,609854427401,Current,203890,Active,5/25/2014
ACC00290,U04940,B023,787452205567,Savings,116622,Active,10/8/2014
ACC00291,U00006,B006,763587967727,Savings,484930,Active,8/29/2016
ACC00292,U03455,B016,472350180387,Savings,448528,Active,12/5/2013
ACC00293,U04210,B023,955414462964,Savings,424387,Active,1/7/2011
ACC00294,U02271,B025,641021080570,Savings,481702,Active,1/11/2012
ACC00295,U03077,B013,435709313403,Savings,434607,Active,8/20/2022
ACC00296,U02080,B016,724953403418,Savings,256671,Active,12/23/2014
ACC00297,U04000,B020,835769666626,Savings,423231,Active,6/10/2013
ACC00298,U03990,B025,166708369345,Savings,209243,Active,6/5/2011
ACC00299,U01728,B026,229779433097,Savings,484507,Active,6/25/2018
ACC00300,U00159,B027,353925135263,Savings,88224,Active,11/23/2014
ACC00301,U00033,B006,504464801982,Savings,244705,Active,6/18/2012
ACC00302,U01003,B027,158627956466,Current,326503,Active,12/10/2017
ACC00303,U00166,B002,274094351402,Savings,232704,Active,7/28/2012
ACC00304,U03008,B021,702508821127,Savings,83179,Active,12/7/2010
ACC00305,U01877,B004,756940842248,Savings,220695,Active,10/21/2011
ACC00306,U03230,B030,939843357916,Savings,267594,Active,10/5/2016
ACC00307,U00971,B002,472507638522,Savings,319461,Active,3/21/2021
ACC00308,U04332,B012,396009397206,Savings,405339,Active,12/23/2018
ACC00309,U01354,B029,707448983234,Savings,341910,Active,6/10/2021
ACC00310,U00766,B011,210154154179,Savings,166061,Active,4/30/2018
ACC00311,U03614,B019,760277155652,Savings,139242,Active,8/27/2017
ACC00312,U00669,B020,960790904897,Savings,34108,Active,11/16/2010
ACC00313,U03054,B027,715751907063,Savings,73242,Active,2/26/2016
ACC00314,U02365,B002,888922425598,Savings,27457,Active,12/12/2015
ACC00315,U00613,B015,840933185439,Savings,240347,Active,7/9/2013
ACC00316,U02185,B014,973871976846,Savings,302936,Active,11/27/2017
ACC00317,U00637,B012,854529998761,Savings,8192,Active,8/15/2016
ACC00318,U01533,B009,872532434791,Savings,471079,Active,4/20/2022
ACC00319,U03528,B012,882960306022,Savings,325986,Active,4/30/2013
ACC00320,U04164,B030,991441566234,Savings,109358,Active,3/13/2015
ACC00321,U00115,B023,200166691974,Savings,39131,Active,3/7/2021
ACC00322,U00746,B010,650446559757,Savings,252983,Active,6/6/2015
ACC00323,U02891,B017,484681205969,Savings,411544,Active,10/6/2014
ACC00324,U04391,B018,464209998500,Savings,249184,Active,3/15/2014
ACC00325,U03457,B004,508179936462,Savings,260900,Active,11/10/2013
ACC00326,U03516,B010,197779978207,Savings,78393,Active,4/15/2015
ACC00327,U01168,B021,576741212617,Savings,11982,Active,4/7/2014
ACC00328,U00125,B013,389197422343,Savings,26834,Active,6/10/2010
ACC00329,U04374,B020,985828599887,Savings,439665,Active,12/19/2013
ACC00330,U04993,B003,633144752394,Savings,172311,Active,3/31/2019
ACC00331,U04345,B007,441603707236,Savings,278043,Active,2/16/2019
ACC00332,U02841,B011,525803474472,Savings,440358,Active,1/20/2018
ACC00333,U00570,B019,851494708193,Savings,357914,Active,7/27/2014
ACC00334,U00878,B009,356395342808,Current,329893,Active,2/5/2016
ACC00335,U00049,B024,745837537371,Savings,51333,Active,1/17/2016
ACC00336,U02375,B010,609580267759,Savings,52865,Active,12/22/2014
ACC00337,U03036,B006,412230465162,Savings,199688,Active,2/4/2012
ACC00338,U02633,B005,186693611902,Savings,315739,Active,2/3/2019
ACC00339,U02405,B030,603376187001,Savings,38272,Active,5/26/2017
ACC00340,U04918,B025,468514554167,Savings,45462,Active,6/8/2017
ACC00341,U01512,B013,375967340535,Savings,240393,Active,7/11/2022
ACC00342,U00624,B013,624521620115,Savings,279717,Active,7/4/2014
ACC00343,U02633,B021,938463874117,Savings,322338,Active,4/4/2019
ACC00344,U01797,B004,292414644354,Savings,225256,Active,5/1/2019
ACC00345,U01858,B025,932913049026,Savings,24613,Active,8/1/2018
ACC00346,U04427,B022,444037346308,Savings,148575,Active,11/9/2021
ACC00347,U00900,B021,173245744988,Savings,305832,Active,1/18/2016
ACC00348,U02507,B005,291939806694,Savings,229415,Active,5/30/2012
ACC00349,U02406,B015,417548772885,Savings,464917,Active,8/13/2012
ACC00350,U00122,B006,704673372573,Savings,282676,Active,7/29/2017
ACC00351,U02773,B029,140344790008,Savings,402717,Active,3/11/2016
ACC00352,U02779,B010,304563698057,Savings,32497,Active,11/20/2013
ACC00353,U02569,B016,349978764307,Savings,187209,Active,3/30/2017
ACC00354,U03053,B017,184929635626,Savings,90059,Active,5/27/2010
ACC00355,U01917,B024,450405613458,Savings,130648,Active,9/12/2018
ACC00356,U04620,B001,898625650552,Savings,447195,Active,6/16/2016
ACC00357,U00247,B012,468687853399,Savings,187714,Active,6/20/2017
ACC00358,U01476,B023,983502914284,Current,457441,Active,2/15/2016
ACC00359,U03877,B028,286701575734,Savings,273772,Active,4/22/2024
ACC00360,U02967,B025,872167664784,Savings,145699,Active,10/5/2013
ACC00361,U00033,B028,894875303012,Savings,28428,Active,6/18/2021
ACC00362,U02458,B029,888328290564,Savings,227339,Active,8/17/2023
ACC00363,U00904,B001,963336752791,Savings,107696,Active,1/12/2015
ACC00364,U03983,B021,473277347475,Savings,118400,Active,6/4/2020
ACC00365,U02727,B002,911855032443,Savings,445057,Active,12/15/2018
ACC00366,U00991,B025,243315845298,Savings,339951,Active,6/5/2019
ACC00367,U01019,B009,684079894156,Savings,350775,Active,10/24/2013
ACC00368,U02717,B014,855804140362,Current,42882,Active,8/20/2018
ACC00369,U01046,B022,865104198782,Savings,146795,Active,8/23/2010
ACC00370,U00326,B027,201486442745,Savings,284831,Active,4/4/2018
ACC00371,U03628,B030,881521611062,Savings,413008,Active,1/26/2017
ACC00372,U00776,B023,649164094520,Savings,324013,Active,1/17/2024
ACC00373,U02313,B018,329219934270,Savings,67718,Active,3/25/2013
ACC00374,U04332,B023,924726780068,Savings,164990,Active,12/17/2016
ACC00375,U00024,B008,753641885415,Savings,255680,Active,10/26/2019
ACC00376,U04415,B002,178892869646,Current,154742,Active,8/5/2020
ACC00377,U03397,B006,691929073097,Savings,386036,Active,4/3/2023
ACC00378,U02493,B020,630211948607,Savings,303064,Active,3/7/2022
ACC00379,U01599,B011,460726214159,Savings,321131,Active,11/3/2012
ACC00380,U02730,B005,928762225447,Savings,199521,Active,12/18/2019
ACC00381,U02309,B022,805689749634,Savings,9769,Active,7/18/2013
ACC00382,U02465,B018,136680787141,Savings,309596,Active,1/17/2021
ACC00383,U00220,B011,627080342086,Savings,208827,Active,1/28/2021
ACC00384,U00287,B021,806799126902,Savings,104990,Active,5/17/2011
ACC00385,U04556,B003,520506221904,Savings,317404,Active,11/19/2015
ACC00386,U04079,B017,258321394919,Savings,285125,Active,10/18/2010
ACC00387,U04644,B012,664789472886,Savings,339489,Active,11/26/2021
ACC00388,U02315,B015,194107467169,Savings,345912,Active,5/16/2015
ACC00389,U04907,B019,755480598434,Savings,202738,Active,9/23/2021
ACC00390,U01046,B014,218840529397,Savings,46698,Active,8/14/2014
ACC00391,U04298,B011,884730243057,Savings,485686,Active,5/3/2019
ACC00392,U02040,B013,391475600740,Savings,138440,Active,9/11/2019
ACC00393,U00270,B028,771669191771,Savings,481785,Active,4/25/2018
ACC00394,U02087,B014,946409143866,Savings,375421,Active,5/28/2015
ACC00395,U04886,B004,530794121938,Savings,412913,Active,12/17/2010
ACC00396,U00056,B019,891403721801,Savings,332937,Active,9/24/2017
ACC00397,U00347,B008,312947168906,Savings,495241,Active,7/17/2013
ACC00398,U01171,B004,287495026564,Savings,141982,Active,2/4/2023
ACC00399,U04308,B028,369829558709,Savings,358186,Active,10/8/2016
ACC00400,U03660,B021,972213774663,Savings,32467,Active,2/7/2019
ACC00401,U01398,B020,335046290630,Savings,438672,Active,6/24/2015
ACC00402,U04450,B017,221745449403,Savings,347544,Active,5/28/2022
ACC00403,U02917,B007,532769046993,Savings,47307,Inactive,5/12/2013
ACC00404,U02620,B022,278574669546,Savings,376527,Active,4/18/2014
ACC00405,U01636,B005,965239737595,Savings,93347,Active,8/3/2025
ACC00406,U03467,B025,855441050917,Savings,494745,Active,7/1/2010
ACC00407,U01702,B009,813623706166,Savings,133094,Active,3/28/2017
ACC00408,U03707,B017,862314702963,Savings,231201,Active,2/12/2019
ACC00409,U01705,B011,947401189459,Savings,414239,Active,11/29/2011
ACC00410,U02581,B004,952511988590,Current,419781,Active,11/25/2014
ACC00411,U00572,B017,822641703563,Current,177320,Active,12/3/2017
ACC00412,U04296,B026,984142480381,Savings,68848,Active,2/27/2017
ACC00413,U02904,B014,215720624603,Savings,285936,Active,3/16/2017
ACC00414,U02443,B021,515295021498,Savings,446770,Active,7/11/2012
ACC00415,U02843,B005,250628195898,Savings,446645,Active,10/29/2017
ACC00416,U02197,B030,471268153723,Savings,192951,Active,10/21/2010
ACC00417,U00620,B012,932848825265,Savings,89488,Active,5/1/2014
ACC00418,U00445,B027,198696962546,Savings,156098,Active,1/27/2015
ACC00419,U03935,B020,398333416016,Savings,258401,Active,11/23/2012
ACC00420,U03674,B021,987121308271,Savings,337632,Active,3/29/2013
ACC00421,U04956,B007,101081111546,Savings,230848,Active,12/14/2023
ACC00422,U03358,B024,670099103314,Savings,284264,Active,3/19/2013
ACC00423,U03826,B021,475758835844,Savings,431999,Active,2/25/2019
ACC00424,U03536,B006,987418709550,Current,499977,Active,6/21/2016
ACC00425,U00893,B015,569082529336,Savings,411150,Active,3/17/2013
ACC00426,U01983,B007,460128961016,Savings,342919,Active,10/19/2013
ACC00427,U04538,B030,299044698586,Savings,90243,Active,1/5/2022
ACC00428,U02695,B017,352628813437,Current,91547,Active,8/15/2020
ACC00429,U01701,B002,426981617820,Savings,302301,Active,9/19/2013
ACC00430,U01160,B012,789006224104,Savings,29924,Active,7/11/2013
ACC00431,U01690,B010,153669227215,Savings,238156,Active,4/30/2013
ACC00432,U03140,B027,887215373826,Current,486685,Active,5/5/2018
ACC00433,U04773,B029,210109366946,Savings,487934,Active,2/11/2014
ACC00434,U03244,B014,673757901335,Savings,111170,Active,7/16/2018
ACC00435,U01971,B017,801358636805,Savings,400752,Active,6/23/2010
ACC00436,U01833,B020,185761657894,Savings,235122,Active,6/5/2019
ACC00437,U03456,B018,636114160167,Savings,214340,Active,9/25/2021
ACC00438,U00683,B022,203835523843,Savings,321746,Active,1/9/2022
ACC00439,U03623,B021,105104647730,Savings,105835,Active,6/6/2010
ACC00440,U01923,B001,682227412855,Savings,376566,Active,5/5/2018
ACC00441,U01863,B013,368256397036,Savings,114520,Active,5/29/2010
ACC00442,U01305,B019,277374848656,Savings,155612,Active,5/5/2017
ACC00443,U03721,B027,639106534489,Savings,165036,Active,6/1/2014
ACC00444,U00350,B030,760247833009,Savings,125164,Active,11/4/2013
ACC00445,U03769,B003,376261357077,Savings,237112,Active,3/18/2012
ACC00446,U00986,B023,442056435776,Savings,329124,Inactive,12/23/2014
ACC00447,U01444,B012,707397427431,Savings,233129,Active,3/15/2015
ACC00448,U02693,B030,684652340060,Savings,267885,Active,12/21/2014
ACC00449,U02460,B030,163098525186,Current,72335,Active,1/21/2015
ACC00450,U00757,B019,565993463967,Savings,133860,Active,7/8/2015
ACC00451,U00134,B028,476114450570,Savings,217097,Active,9/1/2017
ACC00452,U03528,B008,362440428600,Savings,247347,Active,11/23/2012
ACC00453,U02976,B022,143198857207,Savings,376443,Active,2/6/2013
ACC00454,U04679,B006,596138302206,Savings,240847,Active,8/19/2014
ACC00455,U04021,B022,385787529140,Savings,77533,Active,7/18/2014
ACC00456,U03875,B014,376083882165,Savings,327628,Active,11/21/2012
ACC00457,U02735,B025,257056001993,Savings,30330,Active,11/1/2013
ACC00458,U00400,B009,835606452597,Current,339927,Active,7/31/2017
ACC00459,U03753,B010,379436859411,Current,173297,Active,5/8/2018
ACC00460,U02414,B007,235366398089,Savings,202356,Active,5/8/2013
ACC00461,U01852,B022,663661549365,Savings,257358,Active,7/19/2017
ACC00462,U04431,B009,213033442103,Savings,35901,Active,5/25/2011
ACC00463,U00131,B017,301903200323,Savings,419996,Active,3/26/2014
ACC00464,U04558,B007,905166639141,Savings,331934,Active,1/30/2020
ACC00465,U01900,B028,520074266065,Savings,50074,Active,3/31/2013
ACC00466,U04778,B005,726519799559,Savings,488262,Active,7/6/2017
ACC00467,U02473,B029,137996247536,Savings,321971,Active,2/6/2019
ACC00468,U01551,B030,382075053922,Savings,267290,Active,9/21/2017
ACC00469,U01228,B017,921565509512,Savings,388800,Active,6/3/2011
ACC00470,U01709,B007,828420692396,Savings,448338,Active,11/22/2016
ACC00471,U04595,B026,526945423897,Savings,412975,Active,1/16/2010
ACC00472,U04567,B013,526755805374,Savings,400026,Active,12/19/2011
ACC00473,U00689,B015,244043982808,Savings,266167,Active,1/17/2017
ACC00474,U00100,B015,405875744816,Savings,151106,Active,9/7/2012
ACC00475,U03433,B009,446327257617,Current,34409,Active,8/14/2011
ACC00476,U00967,B005,337002219378,Savings,101468,Active,9/13/2010
ACC00477,U02070,B015,593591090175,Savings,34827,Active,3/9/2017
ACC00478,U03501,B029,175279803774,Savings,135519,Active,1/9/2012
ACC00479,U02272,B012,651859332970,Savings,410069,Active,7/13/2019
ACC00480,U04603,B015,271080397735,Savings,13765,Active,5/14/2021
ACC00481,U04888,B027,261722890635,Savings,468365,Active,4/15/2011
ACC00482,U02769,B023,334538390385,Savings,345640,Active,10/26/2020
ACC00483,U00446,B004,766459046747,Savings,483064,Active,8/2/2014
ACC00484,U03372,B012,431440765789,Savings,41503,Active,6/14/2014
ACC00485,U01240,B014,783852017646,Savings,352648,Active,10/20/2019
ACC00486,U04483,B002,738698848914,Savings,358148,Active,2/22/2012
ACC00487,U02813,B013,514883084274,Savings,228328,Active,3/1/2012
ACC00488,U00962,B006,960023511925,Savings,241184,Active,11/3/2016
ACC00489,U04229,B007,656341364982,Savings,4321,Active,2/18/2017
ACC00490,U04654,B030,620518519930,Savings,200785,Active,2/7/2014
ACC00491,U02145,B001,820074710095,Savings,427374,Active,5/23/2016
ACC00492,U01534,B016,620858858760,Savings,165248,Active,6/10/2016
ACC00493,U04771,B029,602188669710,Savings,226502,Active,7/17/2012
ACC00494,U02132,B001,691309437306,Savings,229542,Active,6/14/2024
ACC00495,U03079,B014,260369665664,Savings,176740,Active,2/19/2012
ACC00496,U02500,B029,707817055527,Savings,263037,Active,10/16/2016
ACC00497,U04722,B013,856348357872,Savings,277838,Active,10/6/2013
ACC00498,U00029,B024,811756627225,Savings,431150,Active,1/6/2019
ACC00499,U03936,B008,637522470377,Savings,79052,Active,6/7/2021
ACC00500,U04832,B002,644175529211,Savings,317583,Active,2/23/2019
ACC00501,U03742,B015,921080275547,Savings,291977,Active,5/6/2010
ACC00502,U00485,B022,558671615253,Savings,41617,Active,7/31/2021
ACC00503,U04993,B013,878901266935,Savings,71410,Active,1/15/2022
ACC00504,U00577,B006,612881007602,Savings,325678,Active,4/25/2015
ACC00505,U04633,B019,326468144709,Savings,494119,Active,11/27/2019
ACC00506,U04946,B001,101214656855,Savings,174245,Active,6/15/2012
ACC00507,U01185,B025,138392197167,Current,431882,Active,1/24/2016
ACC00508,U02658,B019,674699938143,Savings,311597,Active,5/1/2015
ACC00509,U04929,B010,997964579317,Savings,359245,Active,2/25/2012
ACC00510,U01763,B023,658696400141,Savings,434796,Active,8/2/2016
ACC00511,U01111,B006,494750503042,Savings,13904,Active,8/22/2015
ACC00512,U02090,B024,156133448642,Savings,10551,Active,2/8/2016
ACC00513,U01509,B007,383618902352,Savings,378022,Active,4/25/2019
ACC00514,U04472,B007,719663794166,Savings,288805,Active,9/22/2014
ACC00515,U02068,B007,348740042847,Savings,171853,Active,6/9/2014
ACC00516,U02502,B030,818040754566,Savings,231773,Active,3/22/2017
ACC00517,U03487,B007,971651420559,Savings,25496,Active,5/31/2015
ACC00518,U00184,B009,675532056137,Current,300994,Active,12/15/2017
ACC00519,U00390,B002,807917770011,Savings,353167,Active,11/3/2019
ACC00520,U04307,B012,324142682883,Savings,18379,Active,10/18/2013
ACC00521,U03655,B022,147365060448,Savings,178461,Active,7/19/2014
ACC00522,U01044,B011,513842184941,Savings,127515,Active,4/12/2012
ACC00523,U02842,B015,709480471496,Savings,220855,Active,11/15/2019
ACC00524,U03236,B022,709922982163,Savings,421428,Inactive,9/30/2020
ACC00525,U02483,B003,300033186228,Current,403136,Active,12/16/2016
ACC00526,U04756,B022,118062327058,Savings,460051,Active,9/3/2017
ACC00527,U03527,B023,294110903047,Savings,440254,Active,10/25/2010
ACC00528,U01713,B007,650735503026,Savings,39004,Active,12/6/2019
ACC00529,U03474,B006,712678849718,Savings,180423,Active,8/5/2021
ACC00530,U01967,B003,242830243688,Savings,444033,Active,10/28/2017
ACC00531,U02983,B003,147734080122,Savings,170861,Active,3/18/2019
ACC00532,U02460,B018,975682497254,Savings,221682,Active,7/11/2015
ACC00533,U01029,B024,397208641527,Savings,338999,Active,1/18/2019
ACC00534,U04187,B022,754821281312,Savings,47395,Active,12/17/2022
ACC00535,U01621,B025,930011150129,Current,120938,Active,6/18/2015
ACC00536,U01939,B026,452128629815,Savings,480419,Active,11/30/2011
ACC00537,U01208,B021,822813855843,Savings,240485,Active,10/23/2017
ACC00538,U04171,B006,938216524179,Savings,91693,Active,1/1/2015
ACC00539,U02057,B030,419831637205,Savings,425485,Active,10/21/2020
ACC00540,U04626,B014,349239039155,Savings,244638,Active,12/1/2015
ACC00541,U03465,B001,571994204273,Savings,87121,Active,9/20/2014
ACC00542,U01229,B030,379470780427,Savings,415924,Active,10/9/2017
ACC00543,U01253,B007,447014181940,Savings,257540,Active,10/30/2010
ACC00544,U00274,B027,508226084004,Savings,317187,Active,2/15/2011
ACC00545,U01800,B015,912098355089,Savings,459702,Active,9/17/2012
ACC00546,U03298,B030,412161393620,Savings,305060,Inactive,4/17/2013
ACC00547,U00297,B019,733435081587,Savings,174006,Inactive,3/17/2018
ACC00548,U02571,B027,352794674588,Savings,254777,Active,12/11/2015
ACC00549,U04313,B020,947246166998,Savings,380638,Active,7/30/2010
ACC00550,U04259,B014,801347242862,Savings,230703,Active,4/15/2012
ACC00551,U02022,B006,212869698228,Savings,363797,Active,5/8/2013
ACC00552,U02847,B003,400181661146,Savings,64979,Active,11/23/2015
ACC00553,U01120,B015,546602750499,Savings,112653,Active,1/6/2013
ACC00554,U00331,B030,304027546958,Savings,426630,Active,4/30/2021
ACC00555,U00488,B006,666247939640,Savings,158157,Active,11/12/2014
ACC00556,U00539,B030,347591192036,Savings,348674,Active,8/31/2015
ACC00557,U03140,B007,509905354929,Savings,128757,Active,2/20/2018
ACC00558,U00403,B006,282637268332,Savings,401887,Active,4/5/2021
ACC00559,U01491,B005,208222156002,Savings,273853,Active,5/27/2015
ACC00560,U04424,B017,933180056633,Savings,448494,Active,4/2/2022
ACC00561,U00414,B016,421331357048,Savings,450713,Active,7/7/2015
ACC00562,U00314,B006,766673284860,Savings,18406,Active,1/24/2010
ACC00563,U03748,B024,642152273596,Savings,101210,Active,9/28/2017
ACC00564,U03281,B025,680362273610,Savings,489365,Active,2/16/2013
ACC00565,U04415,B020,389200861236,Savings,261798,Active,11/11/2010
ACC00566,U04257,B019,106514237559,Savings,439292,Active,8/2/2012
ACC00567,U03737,B013,309090307924,Savings,54628,Active,6/14/2013
ACC00568,U02043,B004,619912851557,Savings,326514,Active,8/14/2020
ACC00569,U01047,B002,546162099691,Savings,370802,Active,10/31/2018
ACC00570,U00356,B020,958261143669,Savings,147154,Active,12/18/2011
ACC00571,U02726,B018,595831604189,Savings,473874,Active,12/7/2011
ACC00572,U01947,B030,595812901571,Savings,467675,Active,4/23/2018
ACC00573,U02860,B009,962267772572,Savings,68698,Active,6/13/2018
ACC00574,U00215,B030,964483123306,Savings,189266,Active,8/28/2016
ACC00575,U01518,B003,980062399120,Current,439615,Active,1/3/2015
ACC00576,U04311,B017,322810550697,Savings,403913,Active,7/10/2013
ACC00577,U03461,B020,839358953807,Savings,80998,Active,9/29/2016
ACC00578,U00608,B025,788722189135,Savings,316670,Active,8/17/2012
ACC00579,U04765,B023,813119001439,Current,493468,Active,4/12/2010
ACC00580,U02859,B030,244947759084,Savings,56619,Active,11/12/2015
ACC00581,U01106,B012,666027806118,Savings,67852,Active,8/21/2017
ACC00582,U04326,B030,894966312319,Savings,48673,Active,9/27/2018
ACC00583,U03509,B003,106261730240,Savings,398325,Active,10/21/2015
ACC00584,U04638,B020,982461891590,Savings,354627,Active,5/17/2020
ACC00585,U00958,B004,252846324931,Savings,478051,Active,7/4/2016
ACC00586,U01408,B008,245726587988,Savings,114214,Active,2/1/2013
ACC00587,U01749,B030,984142267979,Savings,201795,Active,1/18/2011
ACC00588,U04175,B023,565604905632,Savings,146565,Active,2/14/2020
ACC00589,U01078,B003,979097034889,Savings,255980,Active,2/20/2021
ACC00590,U04218,B026,406637485711,Savings,256353,Active,6/3/2013
ACC00591,U00375,B012,533859867038,Savings,454333,Active,1/25/2010
ACC00592,U03047,B004,156333867886,Savings,479407,Active,10/14/2014
ACC00593,U04890,B022,919041374211,Savings,280574,Active,3/27/2014
ACC00594,U02809,B023,891776190255,Savings,401334,Active,10/20/2015
ACC00595,U02601,B010,820299042313,Savings,187160,Active,4/21/2011
ACC00596,U02925,B004,453051376969,Savings,261920,Active,5/23/2011
ACC00597,U04531,B016,761177566509,Savings,482370,Active,2/3/2018
ACC00598,U03326,B014,936871212326,Savings,77404,Active,3/6/2013
ACC00599,U04354,B001,629125386058,Savings,403410,Active,11/24/2012
ACC00600,U04494,B003,472004132758,Savings,430263,Active,8/20/2016
ACC00601,U03792,B011,186052014868,Savings,134363,Active,2/22/2025
ACC00602,U02819,B025,326529376505,Savings,163668,Active,10/20/2015
ACC00603,U03448,B016,499739655912,Savings,387640,Active,11/3/2010
ACC00604,U02277,B006,369066963609,Savings,442602,Active,2/21/2011
ACC00605,U01214,B019,935439984225,Savings,285112,Active,6/4/2010
ACC00606,U03701,B008,638385119785,Savings,91547,Active,12/11/2014
ACC00607,U01554,B023,522436624301,Savings,150893,Active,3/19/2011
ACC00608,U01970,B017,360365168842,Savings,23833,Active,9/24/2013
ACC00609,U00995,B017,943977596881,Savings,195206,Active,11/20/2014
ACC00610,U00318,B008,234798559412,Savings,133558,Active,1/29/2019
ACC00611,U04399,B002,801216264838,Current,14415,Active,8/4/2012
ACC00612,U01694,B019,370063318666,Savings,284532,Active,7/22/2010
ACC00613,U01782,B010,951209914525,Savings,113039,Active,7/19/2015
ACC00614,U02501,B013,452649079342,Savings,191809,Active,10/5/2020
ACC00615,U01482,B001,908684664906,Savings,400676,Active,3/6/2011
ACC00616,U02700,B023,710255752135,Savings,301081,Active,3/6/2010
ACC00617,U04600,B004,972909616549,Savings,332012,Inactive,12/12/2015
ACC00618,U03198,B019,390085131966,Savings,186707,Active,10/19/2016
ACC00619,U01210,B011,708258680136,Savings,181470,Active,3/28/2018
ACC00620,U02303,B009,656996313325,Savings,43258,Active,1/21/2015
ACC00621,U04171,B026,348411719437,Savings,254225,Active,9/23/2016
ACC00622,U02089,B021,588857654534,Savings,419946,Active,4/11/2010
ACC00623,U00440,B016,250808898567,Savings,201743,Active,8/14/2013
ACC00624,U03027,B001,772784474932,Savings,118734,Active,5/18/2015
ACC00625,U04490,B027,268237044725,Savings,14185,Active,5/22/2018
ACC00626,U02642,B011,181332046842,Savings,440723,Active,8/13/2014
ACC00627,U01903,B019,999133598949,Savings,34893,Active,5/18/2013
ACC00628,U01518,B028,980599369070,Savings,321232,Active,6/29/2014
ACC00629,U00664,B006,567118847050,Savings,397940,Active,5/3/2018
ACC00630,U00847,B021,201134205586,Savings,437702,Active,7/25/2017
ACC00631,U04072,B012,592284843081,Savings,35788,Active,2/27/2019
ACC00632,U00107,B007,886472867277,Savings,477368,Active,3/28/2010
ACC00633,U00211,B007,989540700445,Savings,188101,Active,7/20/2022
ACC00634,U04760,B010,857276113300,Savings,32019,Active,9/26/2024
ACC00635,U02901,B008,503199423772,Savings,59587,Active,2/28/2013
ACC00636,U04280,B001,715396098201,Savings,111208,Active,2/4/2011
ACC00637,U03732,B005,263445252469,Savings,320749,Active,12/19/2012
ACC00638,U03976,B013,448002948839,Savings,104423,Active,5/12/2012
ACC00639,U00760,B012,747344313349,Savings,264872,Active,6/17/2021
ACC00640,U03109,B019,437704559988,Savings,41381,Active,9/1/2012
ACC00641,U01304,B018,913468868681,Savings,245607,Inactive,1/15/2019
ACC00642,U02679,B023,191789215916,Savings,128065,Active,5/2/2010
ACC00643,U01352,B010,152572124784,Savings,412800,Active,4/7/2015
ACC00644,U00350,B025,115887155603,Savings,159984,Active,2/7/2010
ACC00645,U01260,B016,144099495713,Savings,290385,Active,9/4/2013
ACC00646,U02876,B025,452587762850,Savings,31546,Active,8/16/2014
ACC00647,U01563,B016,345190323369,Savings,146898,Active,2/20/2021
ACC00648,U01410,B005,362581711019,Savings,149485,Active,11/1/2015
ACC00649,U03896,B007,669725217409,Savings,404468,Active,5/19/2013
ACC00650,U02328,B010,287241493566,Savings,429145,Active,11/4/2010
ACC00651,U01585,B001,406446488753,Savings,160207,Active,6/9/2014
ACC00652,U03468,B024,811520681436,Savings,227954,Active,1/3/2016
ACC00653,U02997,B030,955898660766,Savings,14599,Active,10/10/2011
ACC00654,U02213,B022,762324810180,Savings,343559,Active,12/27/2019
ACC00655,U00945,B025,969560542223,Savings,381551,Active,7/18/2015
ACC00656,U00306,B009,936500749940,Savings,433115,Active,5/15/2018
ACC00657,U01215,B016,138821346316,Savings,490451,Active,7/29/2010
ACC00658,U01601,B023,458114604495,Savings,48776,Active,7/9/2010
ACC00659,U04632,B021,242028000224,Savings,350733,Active,12/7/2016
ACC00660,U03606,B028,832761055943,Savings,112364,Active,6/13/2012
ACC00661,U04675,B014,412176232915,Savings,14176,Active,3/23/2010
ACC00662,U00996,B011,678594058081,Savings,419525,Active,6/30/2010
ACC00663,U01006,B022,668468047001,Savings,132171,Active,8/21/2024
ACC00664,U01676,B016,917829041879,Savings,361708,Active,4/30/2018
ACC00665,U01061,B012,824434198590,Savings,428173,Active,8/8/2010
ACC00666,U01456,B027,553054490159,Savings,245589,Active,12/4/2013
ACC00667,U01471,B001,761661811891,Savings,178073,Active,7/2/2021
ACC00668,U00592,B018,615924122163,Savings,409318,Active,10/13/2017
ACC00669,U00068,B002,838024466695,Savings,25848,Active,4/29/2018
ACC00670,U00630,B010,865143686554,Current,430580,Active,11/15/2019
ACC00671,U03990,B001,938488193089,Savings,441261,Active,12/27/2014
ACC00672,U04553,B004,229002378182,Savings,341400,Active,5/26/2011
ACC00673,U02192,B009,333228867384,Savings,92673,Active,4/20/2017
ACC00674,U02744,B028,685262058137,Current,381686,Active,11/1/2019
ACC00675,U01200,B011,319066778063,Savings,275808,Active,8/26/2014
ACC00676,U00205,B030,864626785523,Savings,264445,Active,6/27/2012
ACC00677,U00109,B005,244236358075,Savings,432573,Active,1/6/2024
ACC00678,U02846,B010,498733565164,Savings,92282,Active,12/10/2018
ACC00679,U03888,B004,456192017208,Savings,393764,Active,3/2/2018
ACC00680,U01781,B011,594387568476,Savings,298695,Active,3/28/2012
ACC00681,U01920,B025,137525277541,Savings,25340,Active,11/12/2011
ACC00682,U04678,B010,532755737438,Savings,184403,Active,5/17/2022
ACC00683,U03975,B029,939607270613,Savings,3167,Active,12/14/2017
ACC00684,U03145,B023,135232633268,Savings,215329,Active,2/21/2013
ACC00685,U04766,B011,949064908288,Savings,221724,Active,8/30/2016
ACC00686,U00731,B002,632382925593,Savings,269636,Active,8/16/2021
ACC00687,U02158,B015,165158225549,Current,341208,Active,12/4/2016
ACC00688,U03834,B004,311051483893,Savings,272486,Active,9/11/2014
ACC00689,U03470,B023,547460186439,Savings,336153,Active,3/8/2014
ACC00690,U01308,B005,586280125094,Savings,457498,Active,10/24/2011
ACC00691,U00053,B023,647518471480,Savings,148867,Active,2/1/2023
ACC00692,U00080,B003,964373631462,Savings,480612,Active,12/26/2012
ACC00693,U00111,B030,761597369078,Savings,308943,Active,8/7/2010
ACC00694,U02862,B028,521255649767,Savings,298832,Active,10/23/2011
ACC00695,U00468,B029,727539763145,Savings,14192,Active,6/1/2012
ACC00696,U01047,B027,333105289221,Savings,494391,Active,3/13/2014
ACC00697,U04399,B007,341285454648,Savings,110458,Active,5/25/2016
ACC00698,U00428,B024,927537071992,Savings,408188,Active,4/17/2018
ACC00699,U01155,B029,249472539361,Savings,480600,Active,10/7/2022
ACC00700,U00768,B021,714652349383,Savings,128848,Active,11/30/2016
ACC00701,U02100,B010,795172717934,Savings,159436,Active,8/5/2014
ACC00702,U03557,B021,710512399527,Savings,427200,Active,3/7/2016
ACC00703,U02834,B029,953970821059,Savings,215270,Active,5/28/2018
ACC00704,U04421,B004,192108848860,Savings,483740,Active,1/7/2022
ACC00705,U04716,B008,839633941607,Savings,50423,Active,1/18/2013
ACC00706,U02812,B018,888595234863,Current,52073,Active,8/18/2013
ACC00707,U00929,B009,993100590752,Savings,25820,Active,3/10/2020
ACC00708,U01614,B001,989026128008,Savings,309142,Inactive,4/25/2021
ACC00709,U01469,B017,162335606986,Savings,44213,Active,11/25/2010
ACC00710,U04533,B026,239299277389,Savings,203050,Active,5/12/2014
ACC00711,U02044,B011,854848501697,Savings,58722,Active,12/10/2015
ACC00712,U03341,B008,421068574857,Savings,33177,Active,9/1/2013
ACC00713,U00269,B024,919253094532,Savings,9115,Active,5/17/2014
ACC00714,U01624,B003,825767940165,Savings,31810,Active,5/1/2015
ACC00715,U00280,B016,746090570864,Savings,414187,Active,11/16/2014
ACC00716,U00932,B010,955193182431,Savings,448967,Active,10/20/2020
ACC00717,U00569,B027,150923303114,Savings,293482,Active,1/13/2019
ACC00718,U00195,B006,871284640765,Savings,213678,Active,2/14/2013
ACC00719,U01436,B007,601173525603,Savings,492361,Active,4/29/2013
ACC00720,U03779,B026,361841280154,Savings,225061,Active,8/22/2016
ACC00721,U02800,B004,990133653779,Savings,465698,Active,7/31/2014
ACC00722,U03756,B024,377238699492,Savings,170128,Active,8/10/2013
ACC00723,U04370,B020,814932176817,Savings,254973,Active,8/22/2012
ACC00724,U03000,B012,847328931331,Savings,121051,Active,9/13/2013
ACC00725,U01566,B001,983624890319,Savings,137273,Active,7/14/2014
ACC00726,U01820,B029,368900743633,Savings,223898,Active,12/9/2011
ACC00727,U02670,B028,527795125600,Current,35726,Active,6/1/2018
ACC00728,U02567,B019,492265665759,Savings,4708,Active,11/16/2013
ACC00729,U01604,B002,370731758000,Savings,142443,Active,9/29/2018
ACC00730,U04759,B013,250122712171,Savings,201870,Active,7/10/2012
ACC00731,U02120,B023,337470996891,Savings,454349,Active,12/26/2010
ACC00732,U00040,B024,259947521414,Savings,214854,Active,8/7/2024
ACC00733,U03558,B028,553906358466,Savings,179362,Active,5/2/2021
ACC00734,U00714,B018,147663786114,Savings,206099,Active,9/24/2013
ACC00735,U00075,B018,346369056064,Savings,212459,Active,10/28/2011
ACC00736,U04491,B029,950251620574,Current,263361,Active,4/4/2015
ACC00737,U01992,B014,731445215152,Current,116947,Active,1/1/2017
ACC00738,U02962,B024,182416852417,Savings,491507,Active,6/5/2021
ACC00739,U03328,B020,421324611048,Savings,21674,Active,3/3/2016
ACC00740,U04087,B011,325743087099,Savings,142737,Active,11/11/2017
ACC00741,U04835,B015,617012323583,Current,54694,Active,11/25/2011
ACC00742,U00957,B022,900337691997,Savings,266889,Active,6/4/2014
ACC00743,U03726,B007,953126601705,Savings,90101,Active,5/25/2022
ACC00744,U04314,B019,706166125104,Savings,49716,Active,12/27/2011
ACC00745,U02909,B010,320106163458,Savings,25010,Active,3/10/2011
ACC00746,U04239,B017,122644240089,Savings,492123,Active,5/13/2013
ACC00747,U04830,B008,538296258287,Savings,430573,Active,10/26/2017
ACC00748,U02641,B029,458823013516,Savings,20334,Active,9/11/2012
ACC00749,U01615,B025,971208034311,Savings,187589,Active,2/14/2013
ACC00750,U01624,B005,618674837511,Savings,486283,Active,11/5/2022
ACC00751,U00119,B030,309409445803,Savings,217111,Active,7/6/2018
ACC00752,U02789,B030,724757258541,Savings,42744,Active,4/17/2015
ACC00753,U02088,B013,802653570764,Savings,469263,Active,1/17/2019
ACC00754,U02631,B023,822279881205,Savings,90694,Active,5/6/2012
ACC00755,U04289,B018,759997642554,Savings,344116,Active,9/14/2019
ACC00756,U04412,B018,827769405525,Savings,41413,Active,12/19/2015
ACC00757,U02988,B005,778781398400,Savings,475690,Active,10/6/2014
ACC00758,U04688,B030,393104136376,Savings,378534,Active,5/4/2015
ACC00759,U04552,B026,338079851966,Current,302539,Active,4/7/2013
ACC00760,U00750,B009,582375226348,Savings,283601,Active,1/20/2020
ACC00761,U01865,B018,755908994890,Savings,303144,Active,3/27/2018
ACC00762,U03014,B009,156821062218,Savings,11904,Active,8/11/2016
ACC00763,U03716,B008,491171819418,Savings,489623,Active,7/12/2017
ACC00764,U01950,B002,854074142370,Savings,129039,Active,8/13/2013
ACC00765,U00320,B015,758654793660,Savings,379626,Active,7/29/2012
ACC00766,U03295,B010,758951937296,Savings,330939,Active,10/24/2012
ACC00767,U00792,B029,883200228349,Savings,190486,Active,5/25/2016
ACC00768,U01922,B007,182833652673,Savings,75046,Active,8/25/2022
ACC00769,U04201,B020,780011846819,Savings,140241,Active,12/30/2010
ACC00770,U00105,B013,664387587823,Savings,458663,Active,2/13/2011
ACC00771,U01963,B004,851480502055,Savings,95575,Active,1/11/2012
ACC00772,U04872,B026,937111286384,Savings,107290,Active,1/25/2013
ACC00773,U00162,B016,536535452055,Savings,422871,Active,9/1/2018
ACC00774,U02575,B001,790877458745,Savings,400518,Active,8/27/2010
ACC00775,U04378,B020,475847187730,Savings,322284,Active,8/27/2011
ACC00776,U01658,B012,421242364001,Savings,465210,Active,1/20/2012
ACC00777,U02802,B007,444618861341,Savings,35299,Active,9/11/2010
ACC00778,U01331,B030,221926801953,Savings,217919,Active,10/11/2018
ACC00779,U04891,B003,714643293446,Savings,84723,Active,6/9/2017
ACC00780,U00767,B022,428041413120,Savings,441705,Active,8/11/2013
ACC00781,U02976,B019,349439051779,Savings,58742,Active,11/19/2015
ACC00782,U00261,B009,390564595813,Savings,168181,Active,3/19/2012
ACC00783,U03024,B020,884155695708,Savings,5900,Active,5/4/2012
ACC00784,U02411,B028,793822297052,Savings,411307,Active,4/7/2018
ACC00785,U03747,B002,661991906410,Savings,119907,Active,6/7/2017
ACC00786,U02879,B015,157007054237,Savings,291503,Active,10/10/2011
ACC00787,U04844,B025,439503247158,Savings,153032,Active,9/8/2021
ACC00788,U00966,B021,839732508873,Savings,170891,Active,7/28/2010
ACC00789,U00259,B001,600178871437,Savings,28920,Active,2/3/2022
ACC00790,U04270,B016,733865931588,Savings,449842,Active,12/28/2016
ACC00791,U02720,B009,717989647475,Current,53851,Active,7/12/2012
ACC00792,U03149,B021,383966891407,Savings,316180,Active,9/12/2021
ACC00793,U03412,B026,853133286286,Savings,263465,Active,8/30/2012
ACC00794,U00534,B023,498899925192,Savings,116377,Active,11/26/2018
ACC00795,U01930,B009,332384205247,Savings,386439,Active,11/14/2019
ACC00796,U02153,B013,540290746752,Savings,447992,Active,10/4/2022
ACC00797,U00600,B001,927571795171,Savings,104304,Active,4/17/2021
ACC00798,U01323,B013,467940680035,Savings,288747,Active,3/31/2020
ACC00799,U01238,B012,696973914357,Savings,218817,Active,9/21/2011
ACC00800,U04187,B022,737431763230,Savings,282420,Active,5/5/2013
ACC00801,U01243,B004,599471621793,Savings,457588,Active,9/5/2014
ACC00802,U02249,B029,523962649017,Savings,492186,Active,4/15/2010
ACC00803,U00037,B019,467969800432,Current,251949,Active,4/7/2011
ACC00804,U01390,B006,930583798546,Savings,429922,Active,7/5/2013
ACC00805,U02082,B014,354385851459,Savings,374660,Active,2/23/2010
ACC00806,U02025,B011,360469434133,Savings,285881,Active,5/24/2024
ACC00807,U04696,B007,470561719402,Savings,63554,Active,6/3/2016
ACC00808,U04903,B002,519547438661,Savings,428670,Active,4/29/2010
ACC00809,U01088,B005,772118253418,Savings,171957,Active,1/6/2013
ACC00810,U04723,B028,857114085372,Savings,380153,Active,1/25/2010
ACC00811,U03242,B001,140173657167,Savings,477879,Active,12/10/2019
ACC00812,U04349,B020,245899941491,Savings,387307,Active,9/26/2014
ACC00813,U04082,B009,864095171629,Savings,444661,Active,2/11/2014
ACC00814,U04804,B027,802608225361,Savings,79474,Active,9/14/2015
ACC00815,U03241,B009,861411188916,Savings,385709,Active,3/4/2012
ACC00816,U02461,B007,477354346398,Savings,152190,Active,2/3/2014
ACC00817,U00699,B007,888403945316,Savings,464306,Active,12/25/2017
ACC00818,U04701,B016,784113762146,Savings,214835,Active,5/14/2013
ACC00819,U01103,B027,515834723982,Savings,285793,Active,11/19/2019
ACC00820,U01947,B016,263578037663,Savings,319505,Active,6/27/2010
ACC00821,U01116,B003,157007458048,Savings,32928,Active,6/6/2013
ACC00822,U02012,B006,142860703170,Savings,248701,Active,7/20/2020
ACC00823,U01725,B029,989340100584,Savings,448762,Active,7/5/2015
ACC00824,U04012,B026,444302343997,Savings,488672,Active,6/4/2018
ACC00825,U00896,B011,271965659705,Savings,132947,Active,1/14/2010
ACC00826,U04204,B020,966758197446,Savings,389601,Active,6/10/2012
ACC00827,U00956,B025,757100132008,Savings,5368,Active,7/14/2018
ACC00828,U03069,B017,771211653402,Savings,166246,Active,8/19/2013
ACC00829,U00173,B007,512376565794,Savings,373046,Active,7/22/2015
ACC00830,U01349,B025,993703095371,Savings,460576,Active,9/23/2014
ACC00831,U04768,B025,438728017110,Current,469365,Active,2/15/2012
ACC00832,U01587,B009,419410838099,Savings,56996,Active,11/15/2013
ACC00833,U01599,B012,136717194870,Savings,296853,Active,8/23/2015
ACC00834,U04472,B028,927447558987,Savings,446009,Active,2/21/2025
ACC00835,U03759,B016,391582337187,Savings,370385,Active,12/10/2011
ACC00836,U01987,B028,265636043754,Savings,400356,Active,3/8/2021
ACC00837,U03325,B013,330849738942,Savings,106956,Active,1/26/2016
ACC00838,U03728,B019,636370399778,Savings,99059,Active,5/23/2013
ACC00839,U04244,B008,299368634718,Savings,221712,Active,11/9/2012
ACC00840,U01809,B020,242222405670,Savings,66939,Active,10/12/2011
ACC00841,U00529,B013,272637656978,Savings,237315,Active,7/28/2019
ACC00842,U01407,B009,768013773620,Savings,359092,Active,4/29/2011
ACC00843,U02936,B023,529038171609,Savings,133220,Active,11/24/2019
ACC00844,U02562,B007,247842229108,Savings,389632,Active,7/24/2013
ACC00845,U01566,B009,698399457630,Savings,87545,Active,9/13/2022
ACC00846,U04802,B018,918576970276,Savings,205270,Active,10/5/2012
ACC00847,U04534,B026,934416741166,Savings,480757,Active,4/17/2017
ACC00848,U04953,B011,363814636159,Savings,332138,Active,11/13/2016
ACC00849,U01102,B017,989397760706,Savings,189652,Active,1/14/2012
ACC00850,U00947,B015,396538566170,Savings,346487,Active,5/23/2011
ACC00851,U03240,B021,613939219529,Savings,185021,Active,3/14/2017
ACC00852,U01911,B021,722038700134,Savings,214051,Active,6/8/2017
ACC00853,U01769,B011,155150660475,Savings,437494,Active,5/13/2013
ACC00854,U02474,B019,689973014606,Savings,135557,Active,9/23/2012
ACC00855,U02639,B020,905312436453,Savings,422949,Active,10/25/2015
ACC00856,U00633,B008,881078954037,Savings,326813,Active,2/19/2024
ACC00857,U00773,B015,860973960438,Savings,236548,Active,5/5/2013
ACC00858,U00319,B005,867829340096,Savings,458231,Inactive,2/29/2024
ACC00859,U01051,B009,122341030127,Savings,201277,Active,10/1/2023
ACC00860,U04658,B027,793879352486,Savings,273197,Active,6/25/2020
ACC00861,U02186,B026,215397722662,Savings,388938,Active,10/7/2018
ACC00862,U04095,B012,428581115233,Savings,93217,Active,4/29/2021
ACC00863,U03348,B022,412373207063,Savings,423435,Active,6/1/2010
ACC00864,U02620,B020,814953714194,Savings,158903,Active,3/19/2015
ACC00865,U01413,B007,193937203925,Savings,277202,Active,7/24/2019
ACC00866,U00910,B015,434613888157,Savings,150500,Active,6/8/2010
ACC00867,U03656,B026,757389102524,Savings,486559,Active,1/28/2014
ACC00868,U03525,B002,542024814143,Savings,382524,Active,8/19/2010
ACC00869,U01633,B025,978616842943,Savings,191852,Active,6/7/2015
ACC00870,U04438,B008,873722514178,Savings,444057,Active,12/28/2015
ACC00871,U04073,B012,562120707549,Savings,289914,Active,11/23/2023
ACC00872,U02293,B017,705675646784,Savings,100304,Active,10/22/2018
ACC00873,U04361,B024,680907672811,Savings,27805,Active,12/27/2018
ACC00874,U01627,B007,994950633620,Savings,155045,Active,12/26/2020
ACC00875,U04829,B011,618346230902,Savings,84361,Active,4/13/2014
ACC00876,U04147,B019,549999315554,Savings,175987,Active,9/6/2017
ACC00877,U04698,B009,180969153744,Savings,291444,Active,7/24/2011
ACC00878,U04115,B012,140798625315,Savings,65637,Active,9/16/2018
ACC00879,U01524,B025,235645383354,Savings,91015,Active,12/10/2015
ACC00880,U01178,B019,656321084163,Savings,157517,Active,6/17/2012
ACC00881,U01630,B011,491347109084,Savings,151340,Inactive,4/6/2017
ACC00882,U03771,B030,295054439985,Savings,449721,Active,6/23/2020
ACC00883,U01009,B017,305252692759,Current,105186,Active,7/2/2020
ACC00884,U01963,B028,447550540600,Savings,108017,Active,6/27/2018
ACC00885,U00458,B006,410162500747,Savings,125294,Active,5/5/2011
ACC00886,U02881,B006,862138566696,Savings,61455,Active,4/3/2015
ACC00887,U02273,B016,997270141175,Savings,218353,Active,6/26/2010
ACC00888,U00703,B017,498182629271,Savings,146890,Active,12/16/2011
ACC00889,U04208,B004,168194397930,Savings,314473,Active,12/5/2019
ACC00890,U04879,B009,629984832361,Savings,318217,Active,3/2/2010
ACC00891,U04890,B014,564271857248,Savings,110351,Active,7/18/2010
ACC00892,U01527,B024,403020364338,Savings,80054,Active,11/19/2014
ACC00893,U00311,B007,409186130443,Savings,382397,Active,1/9/2024
ACC00894,U02869,B021,955311907680,Savings,192891,Active,6/11/2015
ACC00895,U03488,B007,110774249405,Savings,10105,Active,6/23/2015
ACC00896,U01060,B028,260838648134,Current,236377,Active,9/10/2013
ACC00897,U04950,B007,925746889671,Savings,8401,Active,3/10/2020
ACC00898,U03045,B009,503584941597,Savings,39044,Active,11/29/2011
ACC00899,U00820,B014,608274573846,Savings,132739,Active,10/1/2017
ACC00900,U03740,B030,966350443676,Savings,159151,Active,7/1/2011
ACC00901,U03538,B007,857108552974,Savings,182168,Active,4/17/2019
ACC00902,U03611,B018,524142226622,Savings,207300,Active,11/4/2010
ACC00903,U00511,B026,997914704546,Savings,126847,Active,5/19/2010
ACC00904,U01654,B013,618636855991,Savings,36538,Active,8/10/2010
ACC00905,U02476,B007,136455137543,Savings,176033,Active,3/13/2010
ACC00906,U01995,B016,628725856985,Savings,465885,Active,9/11/2018
ACC00907,U03781,B005,292114029512,Savings,35170,Active,8/3/2017
ACC00908,U04321,B024,742288382881,Savings,357871,Active,11/11/2013
ACC00909,U01851,B014,209689901855,Savings,390864,Active,10/2/2017
ACC00910,U04257,B003,237442875541,Savings,141723,Active,2/5/2016
ACC00911,U03820,B030,292652668142,Savings,390253,Active,10/7/2013
ACC00912,U01946,B022,926286680187,Savings,306621,Active,8/13/2020
ACC00913,U01565,B012,734508664406,Savings,239158,Active,2/19/2019
ACC00914,U03769,B007,112827007947,Savings,305101,Active,1/25/2012
ACC00915,U03334,B023,148742196081,Savings,363645,Active,1/21/2015
ACC00916,U03404,B002,604856925333,Savings,419683,Active,1/30/2015
ACC00917,U00655,B022,122383885975,Savings,211060,Active,6/15/2018
ACC00918,U00096,B003,194246904589,Savings,211324,Active,12/30/2013
ACC00919,U02982,B001,655759314528,Savings,243654,Active,4/18/2013
ACC00920,U00511,B007,471500515135,Savings,330724,Active,7/11/2019
ACC00921,U03015,B026,310988441942,Savings,88714,Active,10/27/2018
ACC00922,U00316,B007,424466171539,Savings,256175,Active,3/10/2023
ACC00923,U02385,B006,619348962424,Savings,443294,Active,9/3/2012
ACC00924,U03010,B013,842014478379,Savings,351936,Active,9/27/2023
ACC00925,U01203,B020,569530864513,Savings,20608,Active,11/5/2018
ACC00926,U01074,B012,945614618239,Savings,44502,Active,8/28/2020
ACC00927,U03671,B003,429208866172,Savings,493153,Active,3/23/2013
ACC00928,U04676,B007,123452243408,Savings,82481,Active,2/10/2018
ACC00929,U01385,B030,386402777268,Savings,126801,Active,1/25/2016
ACC00930,U00848,B022,369449408326,Savings,464655,Active,9/28/2019
ACC00931,U03907,B028,786529173427,Savings,466853,Active,10/11/2019
ACC00932,U00593,B003,162565082077,Savings,369636,Active,6/11/2022
ACC00933,U03145,B013,856688033342,Savings,318204,Active,8/13/2014
ACC00934,U04755,B019,836840610795,Savings,109245,Active,3/18/2015
ACC00935,U01839,B020,615503249671,Savings,191315,Active,10/11/2011
ACC00936,U00116,B003,617626036725,Savings,449126,Active,6/15/2012
ACC00937,U04144,B024,789791914417,Savings,122919,Active,4/25/2017
ACC00938,U01358,B002,655077291994,Savings,445264,Active,10/17/2022
ACC00939,U02754,B004,124296195118,Savings,193977,Active,2/24/2015
ACC00940,U02293,B027,459043078890,Savings,380874,Active,12/16/2021
ACC00941,U02351,B006,489269728730,Savings,384638,Active,8/22/2013
ACC00942,U03434,B024,345998580430,Savings,235550,Active,3/5/2012
ACC00943,U04015,B029,633779690408,Savings,483995,Active,12/29/2017
ACC00944,U00256,B007,964671899373,Savings,73180,Active,8/28/2014
ACC00945,U02484,B011,565357166888,Savings,477118,Active,1/30/2010
ACC00946,U00349,B001,981495379357,Savings,313429,Active,3/14/2015
ACC00947,U00123,B020,960881071900,Savings,484686,Active,5/17/2019
ACC00948,U02032,B010,968070517036,Savings,214981,Active,5/21/2015
ACC00949,U00312,B014,850367662604,Savings,258288,Active,7/25/2016
ACC00950,U03559,B003,618145443773,Savings,369384,Active,8/25/2015
ACC00951,U01148,B023,457832347501,Savings,460054,Inactive,1/29/2017
ACC00952,U04870,B005,226814995457,Savings,183177,Active,12/7/2014
ACC00953,U01367,B015,374539137885,Savings,486622,Active,6/16/2012
ACC00954,U00857,B010,529415677821,Savings,421908,Active,10/18/2013
ACC00955,U03493,B011,207674386694,Savings,276011,Active,7/24/2011
ACC00956,U04067,B019,656899188229,Current,427520,Active,10/5/2022
ACC00957,U01355,B022,855125400900,Savings,205901,Inactive,6/14/2014
ACC00958,U02256,B002,688202400648,Savings,322219,Active,10/2/2010
ACC00959,U00448,B029,195734250728,Savings,340923,Active,12/19/2014
ACC00960,U01021,B002,884007037215,Savings,119042,Active,5/7/2012
ACC00961,U01612,B019,659555341187,Savings,80027,Active,9/20/2014
ACC00962,U04097,B006,489803704851,Savings,266996,Active,5/25/2012
ACC00963,U03852,B018,196695530570,Savings,319926,Active,12/2/2016
ACC00964,U01200,B016,112123999328,Current,139398,Active,4/28/2016
ACC00965,U00603,B016,980238528632,Savings,343339,Active,2/5/2010
ACC00966,U02940,B007,573180642651,Savings,274378,Active,5/10/2024
ACC00967,U04568,B024,446319421435,Savings,290634,Active,8/1/2016
ACC00968,U04062,B024,294188629935,Current,100924,Active,7/29/2012
ACC00969,U01632,B016,219665009450,Savings,202010,Active,11/9/2023
ACC00970,U04983,B011,517430415850,Savings,277630,Active,9/7/2010
ACC00971,U01935,B002,292333502324,Savings,206281,Active,7/8/2011
ACC00972,U00688,B012,662550585917,Savings,168733,Active,5/20/2021
ACC00973,U01237,B008,407337846276,Savings,341051,Active,12/10/2010
ACC00974,U04821,B025,322310055267,Savings,393244,Active,3/25/2014
ACC00975,U01495,B029,778125858414,Savings,203986,Active,4/15/2015
ACC00976,U00711,B010,626853708808,Savings,141871,Active,10/24/2019
ACC00977,U03681,B013,255536530254,Savings,475095,Active,3/14/2011
ACC00978,U02172,B026,969545676813,Savings,465502,Active,6/27/2011
ACC00979,U02663,B030,296417775439,Savings,220734,Active,3/12/2011
ACC00980,U04391,B010,979088024008,Savings,418974,Active,11/14/2018
ACC00981,U03595,B006,164360267843,Savings,38250,Active,5/28/2014
ACC00982,U04945,B008,180217709123,Savings,219794,Active,9/8/2016
ACC00983,U00086,B008,169471720938,Savings,478022,Active,1/22/2016
ACC00984,U00059,B006,680664933415,Savings,144947,Active,6/4/2011
ACC00985,U03614,B011,711444782211,Savings,357718,Active,12/13/2012
ACC00986,U04707,B003,270649394319,Savings,66274,Active,4/4/2018
ACC00987,U01861,B005,655198338226,Savings,462043,Active,7/13/2017
ACC00988,U02347,B023,962899099222,Savings,374345,Active,4/23/2017
ACC00989,U01545,B022,635969569107,Savings,99367,Active,9/27/2018
ACC00990,U04378,B012,732113195183,Savings,170640,Active,3/13/2013
ACC00991,U04991,B019,317352647601,Savings,482918,Active,7/7/2018
ACC00992,U01098,B002,991164173487,Savings,482284,Active,7/1/2018
ACC00993,U04094,B005,106359163149,Savings,138302,Active,5/23/2019
ACC00994,U02310,B030,281065294969,Savings,219669,Active,5/14/2010
ACC00995,U02458,B026,668527284985,Savings,226834,Active,9/4/2022
ACC00996,U03259,B006,659279751463,Savings,15900,Active,2/8/2019
ACC00997,U03928,B002,422861433908,Savings,81152,Active,11/10/2021
ACC00998,U01161,B010,245566092546,Savings,53705,Active,4/7/2010
ACC00999,U03730,B014,119838574045,Savings,61467,Active,12/1/2021
ACC01000,U03318,B016,242025678027,Savings,13148,Active,8/13/2018
ACC01001,U02801,B010,425170727105,Savings,149587,Active,9/12/2019
ACC01002,U02858,B022,374584919413,Savings,212622,Active,5/21/2012
ACC01003,U01486,B026,931363395263,Savings,203973,Active,11/15/2014
ACC01004,U04033,B004,403279405602,Savings,423325,Active,12/18/2016
ACC01005,U00835,B020,932233632941,Savings,109646,Active,9/1/2013
ACC01006,U02111,B021,659209166987,Savings,440596,Active,11/4/2019
ACC01007,U00782,B021,955409890389,Savings,332320,Active,3/1/2021
ACC01008,U01345,B030,245653960509,Savings,336719,Active,7/27/2010
ACC01009,U02816,B002,714486580470,Savings,379666,Active,12/26/2011
ACC01010,U01634,B008,680084692986,Savings,223919,Active,12/3/2018
ACC01011,U01373,B018,214341548237,Savings,6617,Active,4/8/2016
ACC01012,U03412,B021,298322101506,Savings,363755,Active,12/11/2011
ACC01013,U03332,B009,206961903120,Savings,175603,Active,11/10/2014
ACC01014,U04962,B011,814908341400,Savings,332211,Active,5/20/2011
ACC01015,U03521,B010,833970318378,Savings,421605,Active,3/5/2013
ACC01016,U00969,B030,342794298305,Savings,322175,Active,9/10/2014
ACC01017,U03498,B027,582217993966,Savings,242465,Active,8/17/2015
ACC01018,U02169,B002,888989673981,Savings,281293,Active,9/19/2011
ACC01019,U02236,B021,649935041113,Current,398084,Active,8/27/2011
ACC01020,U03758,B017,207271286181,Savings,357450,Active,7/2/2019
ACC01021,U00890,B020,377613299607,Savings,179602,Active,8/24/2010
ACC01022,U03727,B013,508184352970,Savings,159546,Active,2/21/2012
ACC01023,U04510,B015,787268725148,Savings,54723,Active,11/5/2015
ACC01024,U02815,B006,429029446317,Savings,296387,Active,4/12/2022
ACC01025,U01760,B007,782774561453,Savings,113444,Active,5/31/2015
ACC01026,U01681,B029,226591660267,Current,152607,Active,2/3/2010
ACC01027,U02853,B010,472863267046,Savings,396402,Active,5/26/2011
ACC01028,U00912,B006,567368519863,Savings,156387,Active,6/27/2012
ACC01029,U01746,B002,983067801255,Savings,147499,Active,6/5/2019
ACC01030,U04500,B026,175145331231,Savings,424869,Active,1/8/2021
ACC01031,U02057,B002,392092888677,Savings,148982,Active,5/7/2010
ACC01032,U04099,B014,330548723661,Savings,280586,Active,7/6/2013
ACC01033,U01555,B026,914866843165,Savings,465156,Active,8/30/2021
ACC01034,U01155,B006,776998746030,Savings,154576,Active,11/13/2022
ACC01035,U04322,B013,742255581972,Savings,248452,Active,4/7/2014
ACC01036,U04290,B014,935596983752,Savings,499289,Active,10/30/2011
ACC01037,U01845,B009,698557888202,Savings,419943,Active,11/23/2016
ACC01038,U01732,B017,699731496009,Savings,27334,Active,7/13/2012
ACC01039,U02538,B004,169991137946,Savings,382478,Active,2/15/2021
ACC01040,U04060,B002,288800169684,Savings,258620,Active,4/28/2015
ACC01041,U02997,B003,223942786463,Savings,471386,Active,11/18/2014
ACC01042,U04437,B028,642326513806,Savings,453202,Active,10/22/2019
ACC01043,U00499,B026,963414970222,Savings,274258,Active,8/6/2019
ACC01044,U04543,B029,347885543303,Savings,42858,Active,8/2/2014
ACC01045,U03336,B030,833872928347,Savings,463998,Active,1/5/2013
ACC01046,U04453,B016,541514904460,Savings,313078,Active,3/13/2011
ACC01047,U00441,B018,688985471756,Savings,409651,Active,1/31/2023
ACC01048,U00561,B022,634436141024,Savings,270834,Active,5/14/2011
ACC01049,U03059,B021,130747594252,Savings,159184,Active,9/29/2021
ACC01050,U03259,B016,691813120800,Savings,83006,Inactive,3/29/2016
ACC01051,U01119,B022,241100518660,Savings,419187,Active,9/5/2010
ACC01052,U00465,B025,258111734715,Savings,357364,Active,1/18/2020
ACC01053,U01438,B005,947137377928,Savings,274751,Active,2/5/2015
ACC01054,U00764,B028,935716388600,Savings,63613,Active,4/2/2015
ACC01055,U03966,B013,829064309610,Savings,134887,Active,1/13/2020
ACC01056,U01117,B013,761843839790,Savings,494650,Active,9/13/2014
ACC01057,U04452,B027,928037654706,Savings,488004,Active,1/18/2015
ACC01058,U04377,B007,448200025085,Savings,151111,Active,3/12/2011
ACC01059,U00021,B020,128705806438,Savings,19736,Active,1/15/2019
ACC01060,U01034,B021,491021947578,Savings,288344,Active,4/13/2014
ACC01061,U03808,B005,816104358438,Savings,26173,Active,11/15/2019
ACC01062,U03575,B003,248865398518,Savings,75388,Active,8/22/2017
ACC01063,U00804,B020,845758888876,Savings,385629,Active,3/13/2020
ACC01064,U04097,B014,808107851248,Savings,190654,Active,12/1/2011
ACC01065,U00204,B009,954768088933,Savings,184451,Active,3/27/2010
ACC01066,U03081,B010,252897542213,Savings,318359,Active,7/14/2012
ACC01067,U02227,B027,730287133659,Savings,332881,Active,9/6/2011
ACC01068,U00098,B026,670335641610,Savings,337650,Active,7/11/2013
ACC01069,U00287,B026,845342821451,Savings,154538,Active,12/31/2012
ACC01070,U00019,B028,570634102001,Savings,182818,Active,3/17/2016
ACC01071,U01332,B022,866470427746,Savings,321824,Active,8/10/2013
ACC01072,U03469,B018,368160132052,Savings,97890,Active,9/3/2017
ACC01073,U01933,B020,652625891308,Savings,490982,Active,9/12/2011
ACC01074,U01229,B024,794535476829,Savings,237707,Active,7/1/2010
ACC01075,U04311,B009,273191248395,Savings,148066,Active,11/13/2016
ACC01076,U02963,B014,177227249453,Savings,68489,Active,1/24/2017
ACC01077,U04539,B003,614589562798,Savings,339747,Active,2/13/2018
ACC01078,U01906,B015,661188697884,Current,87223,Active,8/12/2012
ACC01079,U00202,B025,104391425096,Savings,242179,Inactive,6/25/2020
ACC01080,U03565,B026,613566592535,Savings,258099,Active,2/5/2016
ACC01081,U04137,B025,294228531352,Savings,74158,Active,4/6/2018
ACC01082,U02865,B014,725196067422,Savings,456946,Active,5/30/2011
ACC01083,U02953,B010,267186561641,Savings,94774,Active,1/23/2015
ACC01084,U04956,B028,104071254375,Current,98974,Active,4/7/2016
ACC01085,U03693,B010,142865271711,Savings,253438,Active,10/18/2020
ACC01086,U03233,B007,313071491372,Savings,120219,Active,6/25/2010
ACC01087,U02524,B030,680215019865,Savings,87382,Active,4/24/2011
ACC01088,U02721,B006,863589356971,Savings,209130,Active,11/23/2022
ACC01089,U02042,B007,356991662621,Savings,266064,Active,3/3/2016
ACC01090,U01072,B002,728007049795,Savings,139822,Active,12/1/2016
ACC01091,U04432,B022,819317545110,Savings,4828,Active,9/23/2019
ACC01092,U04712,B029,142217452734,Current,307376,Active,7/6/2018
ACC01093,U01188,B003,828575430901,Savings,185855,Active,8/23/2015
ACC01094,U03682,B026,770468112315,Savings,315927,Active,9/5/2013
ACC01095,U01741,B022,203170392129,Savings,207581,Active,12/24/2013
ACC01096,U01853,B018,813155489088,Savings,407904,Active,2/5/2010
ACC01097,U03103,B018,917740077060,Savings,343345,Active,12/20/2010
ACC01098,U04581,B026,238408280861,Savings,253171,Active,6/24/2019
ACC01099,U03669,B029,237686396854,Savings,211915,Active,10/12/2012
ACC01100,U02302,B019,941671379725,Savings,310477,Active,4/17/2021
ACC01101,U04485,B006,450648586841,Savings,322610,Active,2/14/2013
ACC01102,U01736,B003,222909387167,Savings,426970,Active,10/3/2014
ACC01103,U00783,B004,149861153043,Savings,211561,Active,12/14/2017
ACC01104,U01970,B003,719976759728,Savings,15976,Active,12/21/2010
ACC01105,U00246,B001,531613512160,Savings,460629,Active,9/14/2015
ACC01106,U02638,B022,840956295404,Savings,299841,Active,12/6/2013
ACC01107,U02131,B029,845263868664,Savings,422976,Inactive,5/13/2013
ACC01108,U01087,B019,405245813855,Savings,384769,Active,2/14/2012
ACC01109,U04126,B009,339432970919,Savings,40968,Active,6/25/2020
ACC01110,U00937,B029,169864996717,Savings,143858,Active,1/18/2023
ACC01111,U04524,B005,745818545363,Savings,134089,Active,4/18/2022
ACC01112,U04643,B002,832029571064,Savings,113141,Active,10/15/2019
ACC01113,U03142,B029,476495438608,Savings,130016,Active,10/20/2021
ACC01114,U00224,B022,367535507840,Savings,97289,Active,8/3/2012
ACC01115,U03355,B002,766453559494,Savings,496684,Active,11/3/2011
ACC01116,U01588,B009,667343493909,Savings,223537,Active,9/5/2013
ACC01117,U02755,B030,314002727116,Savings,485142,Active,12/12/2010
ACC01118,U03830,B006,742493805888,Savings,411850,Active,8/3/2024
ACC01119,U04300,B022,959539172811,Savings,438931,Active,10/24/2024
ACC01120,U02552,B008,268386509255,Savings,475847,Active,11/21/2013
ACC01121,U04182,B025,710300811388,Savings,313168,Active,2/3/2017
ACC01122,U00009,B029,339821133054,Savings,302526,Active,6/18/2012
ACC01123,U00050,B028,230920219207,Savings,13896,Active,1/14/2017
ACC01124,U02619,B001,300999748223,Savings,427220,Active,3/8/2017
ACC01125,U03360,B021,673028555514,Savings,120387,Active,11/28/2013
ACC01126,U02723,B017,332020255860,Savings,211042,Active,11/18/2013
ACC01127,U02736,B014,615665089972,Savings,21542,Active,5/10/2012
ACC01128,U01794,B020,200059622455,Savings,481790,Active,12/15/2020
ACC01129,U04983,B022,346901325842,Current,203376,Active,2/27/2011
ACC01130,U02679,B007,385675639434,Savings,368525,Active,11/20/2014
ACC01131,U04788,B002,805920023112,Savings,199676,Active,7/15/2019
ACC01132,U01999,B029,121630294797,Savings,183711,Active,1/7/2022
ACC01133,U01197,B028,722230096708,Current,143007,Active,4/2/2023
ACC01134,U02493,B021,635345565484,Savings,199658,Active,3/15/2016
ACC01135,U03476,B017,391848639193,Savings,196451,Active,12/11/2022
ACC01136,U04258,B019,700703217520,Savings,163483,Active,4/25/2015
ACC01137,U00792,B007,840289667994,Savings,165086,Active,7/7/2011
ACC01138,U04900,B019,248304655738,Savings,170140,Active,10/24/2019
ACC01139,U04676,B013,972976416000,Savings,230073,Active,12/15/2015
ACC01140,U03366,B011,592785067022,Savings,185222,Active,6/6/2011
ACC01141,U01726,B001,538957392833,Savings,244610,Active,7/19/2016
ACC01142,U01391,B009,570080564937,Savings,472426,Active,11/22/2011
ACC01143,U00522,B030,836875516787,Savings,219897,Active,11/16/2016
ACC01144,U04742,B029,286907909382,Current,150130,Active,5/21/2017
ACC01145,U00377,B011,811136152566,Savings,217105,Active,7/17/2016
ACC01146,U00079,B012,581399040323,Savings,121352,Active,4/19/2012
ACC01147,U00355,B007,234968788240,Savings,340994,Active,7/9/2010
ACC01148,U01192,B004,515213525699,Savings,462285,Active,12/6/2015
ACC01149,U03033,B019,696885980013,Current,266633,Active,5/1/2023
ACC01150,U00447,B030,633874216611,Savings,178581,Active,12/5/2014
ACC01151,U01619,B026,154013684132,Savings,465378,Active,8/22/2013
ACC01152,U03354,B007,314805045899,Savings,42619,Active,2/22/2025
ACC01153,U04746,B029,542230713177,Savings,100505,Active,12/28/2010
ACC01154,U04258,B019,725919452546,Savings,480850,Active,3/18/2010
ACC01155,U04230,B016,111306666611,Savings,284673,Active,6/19/2012
ACC01156,U00725,B003,125003291968,Savings,299452,Active,3/5/2012
ACC01157,U01338,B003,356554219910,Savings,250456,Active,5/25/2012
ACC01158,U04385,B018,278752821499,Savings,133183,Active,7/31/2017
ACC01159,U02655,B016,644104877157,Savings,397760,Active,10/8/2011
ACC01160,U02499,B018,267727101560,Savings,188850,Active,12/18/2016
ACC01161,U01729,B023,607083047740,Savings,359710,Active,7/21/2015
ACC01162,U03411,B025,232213671802,Savings,197133,Active,3/3/2022
ACC01163,U02984,B004,807953591313,Savings,165928,Active,11/24/2018
ACC01164,U04574,B016,320674604703,Savings,119204,Active,10/4/2011
ACC01165,U03798,B001,101204788585,Savings,246949,Active,12/5/2011
ACC01166,U01693,B009,310836170971,Savings,233765,Active,7/6/2017
ACC01167,U04231,B030,221930878846,Savings,152109,Active,7/18/2013
ACC01168,U02951,B012,294041395611,Savings,85708,Active,4/15/2011
ACC01169,U02817,B002,189095227803,Savings,90786,Active,9/9/2013
ACC01170,U03932,B026,139109908266,Savings,63295,Active,10/13/2013
ACC01171,U02121,B020,261231651121,Savings,470324,Active,9/14/2017
ACC01172,U03646,B016,664174159919,Current,287188,Active,11/1/2020
ACC01173,U02741,B013,355218195963,Savings,276094,Active,1/16/2016
ACC01174,U01656,B007,898818170867,Savings,213418,Active,1/22/2010
ACC01175,U03335,B028,924358550025,Savings,300089,Active,3/31/2013
ACC01176,U04687,B016,636394012686,Savings,371361,Active,9/29/2017
ACC01177,U04051,B005,378666728657,Savings,260636,Active,1/10/2016
ACC01178,U00199,B012,629246670462,Savings,26385,Active,4/26/2017
ACC01179,U04244,B009,401143973098,Savings,276441,Active,12/8/2015
ACC01180,U04349,B011,640916172988,Savings,42171,Active,12/2/2015
ACC01181,U01147,B002,573131141129,Savings,26644,Active,7/14/2011
ACC01182,U03073,B014,851813221594,Savings,499756,Active,4/13/2022
ACC01183,U00048,B005,665397136139,Savings,214318,Active,4/19/2012
ACC01184,U00703,B020,354879593798,Savings,208796,Active,8/14/2019
ACC01185,U00070,B022,946436261669,Savings,303099,Active,3/19/2016
ACC01186,U03846,B007,366320385800,Savings,463747,Active,12/20/2019
ACC01187,U00952,B008,494366418607,Savings,354327,Active,5/2/2013
ACC01188,U03197,B003,186663779469,Savings,81190,Inactive,8/1/2012
ACC01189,U02698,B011,475093561390,Savings,221846,Active,8/16/2015
ACC01190,U00799,B018,261955412629,Savings,428890,Active,7/5/2011
ACC01191,U03723,B028,890615195190,Savings,359150,Active,12/31/2011
ACC01192,U00730,B026,846020247464,Savings,172316,Active,9/23/2023
ACC01193,U03695,B004,171707251944,Savings,216110,Active,6/24/2017
ACC01194,U02286,B027,456382932201,Savings,183924,Active,5/3/2022
ACC01195,U02000,B020,441007123507,Savings,204867,Active,4/28/2014
ACC01196,U00270,B023,662645511334,Savings,25297,Active,7/13/2014
ACC01197,U01037,B030,148303969779,Savings,236874,Active,7/15/2016
ACC01198,U03716,B026,667618855871,Savings,224415,Active,3/17/2013
ACC01199,U03115,B023,858766943913,Savings,178186,Active,4/14/2018
ACC01200,U01867,B024,528569924376,Current,498156,Active,6/27/2012
ACC01201,U00699,B021,975698389285,Savings,389724,Active,4/25/2010
ACC01202,U01655,B003,318835392316,Savings,193755,Active,7/24/2011
ACC01203,U02286,B027,938405979860,Savings,44178,Active,8/16/2010
ACC01204,U00987,B020,130949693750,Savings,220778,Active,10/15/2015
ACC01205,U01145,B022,267064924172,Savings,39458,Active,4/25/2012
ACC01206,U02224,B016,885342726878,Savings,340897,Active,8/16/2014
ACC01207,U01324,B003,799102276744,Current,237056,Active,12/3/2011
ACC01208,U03962,B014,490893654378,Savings,337295,Active,11/17/2014
ACC01209,U00773,B016,405758647156,Savings,416852,Active,2/12/2017
ACC01210,U04588,B006,366113668327,Savings,130221,Active,9/3/2014
ACC01211,U00929,B010,791663473378,Savings,185072,Active,5/9/2018
ACC01212,U02462,B010,936275177653,Savings,295551,Active,12/30/2012
ACC01213,U01947,B026,821958055773,Savings,350713,Active,3/2/2021
ACC01214,U02309,B013,144583113147,Savings,459923,Active,1/20/2015
ACC01215,U04698,B020,231711711462,Savings,121907,Active,3/31/2020
ACC01216,U03590,B014,544609161958,Current,197066,Active,11/1/2020
ACC01217,U03579,B013,957009165232,Savings,135653,Active,1/1/2011
ACC01218,U02807,B001,953156312952,Savings,365372,Active,11/24/2017
ACC01219,U04185,B014,846652831276,Savings,127304,Active,5/31/2021
ACC01220,U03989,B023,965718687799,Savings,328650,Active,4/12/2013
ACC01221,U02800,B009,712597332173,Savings,419151,Active,11/17/2016
ACC01222,U00064,B009,153400061120,Savings,252254,Active,9/12/2014
ACC01223,U01088,B001,850509447317,Savings,113759,Active,6/6/2023
ACC01224,U01481,B018,179475514690,Savings,247551,Active,6/29/2014
ACC01225,U04304,B009,139057442157,Savings,20732,Active,8/14/2015
ACC01226,U01902,B026,392204480862,Savings,246901,Active,1/10/2016
ACC01227,U01830,B009,340649507230,Savings,237712,Active,5/16/2010
ACC01228,U00771,B015,266116852753,Savings,225838,Active,6/9/2017
ACC01229,U00566,B002,395229731015,Savings,302197,Active,7/1/2013
ACC01230,U01762,B018,476377324142,Savings,479968,Inactive,9/28/2012
ACC01231,U02808,B023,535586739449,Current,396809,Active,12/2/2018
ACC01232,U00271,B020,473376430888,Savings,406161,Active,8/3/2022
ACC01233,U01685,B005,560975352558,Savings,60844,Active,8/8/2013
ACC01234,U03368,B015,327948304610,Savings,206970,Active,5/20/2023
ACC01235,U01475,B014,364308227834,Savings,88441,Active,6/30/2019
ACC01236,U03964,B021,986882611507,Current,32854,Active,8/6/2013
ACC01237,U02534,B014,268355184183,Savings,318359,Active,10/27/2018
ACC01238,U04476,B024,156312306215,Savings,353902,Active,11/1/2016
ACC01239,U02624,B027,201025882525,Savings,55626,Active,1/10/2014
ACC01240,U00537,B015,534041350168,Savings,211321,Active,8/1/2017
ACC01241,U04590,B015,760589399721,Savings,239129,Active,1/7/2016
ACC01242,U04915,B010,640706539059,Savings,191731,Active,4/20/2014
ACC01243,U02917,B029,645479489546,Savings,87842,Active,11/9/2013
ACC01244,U02738,B005,557294463339,Savings,243196,Active,1/6/2021
ACC01245,U03901,B014,404915528926,Savings,244153,Active,4/11/2016
ACC01246,U03871,B024,817729535863,Savings,39683,Active,7/25/2018
ACC01247,U01483,B008,727035980161,Savings,349954,Active,2/4/2015
ACC01248,U04385,B006,857937085808,Savings,409527,Active,1/15/2012
ACC01249,U01712,B024,167629124568,Savings,373591,Active,5/30/2011
ACC01250,U02100,B001,400729250053,Savings,284134,Active,3/31/2014
ACC01251,U00176,B019,455052202122,Savings,473274,Active,6/9/2015
ACC01252,U02980,B003,372421291101,Savings,304623,Active,3/12/2014
ACC01253,U04770,B002,215581504976,Savings,496849,Active,7/17/2014
ACC01254,U01034,B018,868111373531,Savings,178951,Active,9/11/2018
ACC01255,U01449,B018,219995362059,Savings,127675,Active,9/17/2014
ACC01256,U00934,B024,158398887533,Savings,470987,Inactive,3/16/2020
ACC01257,U02060,B019,296320215324,Savings,45940,Active,12/16/2012
ACC01258,U03499,B029,984032599833,Savings,124497,Active,4/18/2017
ACC01259,U01891,B005,561298997590,Savings,184557,Active,10/20/2020
ACC01260,U02684,B029,830704246909,Savings,482685,Active,4/12/2017
ACC01261,U01461,B003,237792356053,Savings,378771,Active,1/27/2017
ACC01262,U02378,B027,115475062105,Savings,266392,Active,1/21/2020
ACC01263,U00986,B002,709430844248,Savings,189326,Active,8/16/2015
ACC01264,U04272,B004,255597869295,Savings,196974,Active,11/30/2012
ACC01265,U00424,B004,437861080349,Savings,424107,Active,10/25/2013
ACC01266,U03120,B009,918046677711,Savings,74496,Active,4/12/2017
ACC01267,U01210,B023,794417825382,Savings,214297,Active,5/31/2015
ACC01268,U02047,B024,712855643986,Savings,432272,Active,10/24/2016
ACC01269,U03857,B009,361123730136,Savings,341901,Active,1/29/2021
ACC01270,U01750,B030,720988629357,Savings,278865,Active,9/13/2016
ACC01271,U01268,B018,592604584967,Savings,472360,Active,10/14/2012
ACC01272,U01801,B011,612922173289,Savings,317594,Active,5/12/2017
ACC01273,U03694,B014,996195199512,Savings,413489,Active,2/11/2018
ACC01274,U01185,B026,617714705944,Savings,304366,Active,6/26/2012
ACC01275,U04071,B006,742820115048,Savings,165149,Active,9/28/2017
ACC01276,U03753,B020,307248368736,Savings,29841,Active,2/24/2023
ACC01277,U03438,B024,879670388040,Savings,112621,Active,8/14/2017
ACC01278,U02428,B021,536644527099,Savings,332079,Active,8/17/2021
ACC01279,U03838,B007,497103508639,Savings,386239,Active,10/3/2019
ACC01280,U03066,B008,735854143485,Savings,83739,Active,1/11/2011
ACC01281,U04504,B001,845156863660,Savings,20695,Active,5/4/2014
ACC01282,U00143,B021,403078499483,Savings,251511,Active,3/25/2016
ACC01283,U03424,B017,950697534170,Savings,161188,Active,4/23/2010
ACC01284,U00562,B016,138535034135,Savings,224377,Active,5/24/2014
ACC01285,U01473,B025,329186566736,Savings,88541,Active,5/7/2014
ACC01286,U00176,B023,796354376178,Savings,229024,Active,11/16/2015
ACC01287,U01637,B021,555944139499,Savings,377434,Active,2/10/2014
ACC01288,U02663,B021,113394524538,Current,137469,Active,6/4/2017
ACC01289,U01005,B002,801661050684,Savings,366425,Active,7/19/2013
ACC01290,U01597,B013,928632470867,Savings,334084,Active,7/30/2020
ACC01291,U02819,B020,510225410135,Savings,336972,Active,10/6/2011
ACC01292,U01036,B024,391773992842,Savings,281872,Active,10/2/2012
ACC01293,U00899,B006,784049639042,Savings,210657,Active,12/2/2022
ACC01294,U00002,B011,696476246245,Savings,356536,Inactive,7/28/2016
ACC01295,U00384,B017,923329485246,Savings,417999,Active,8/17/2021
ACC01296,U03077,B011,268563481089,Savings,85494,Active,3/5/2012
ACC01297,U00699,B014,875075008157,Savings,401442,Active,7/12/2015
ACC01298,U02608,B005,780456524351,Savings,432048,Active,6/3/2017
ACC01299,U00024,B005,532391442160,Savings,99687,Active,11/19/2013
ACC01300,U01402,B001,647600461750,Savings,94300,Active,12/22/2013
ACC01301,U02627,B020,349476801152,Savings,247176,Active,6/8/2025
ACC01302,U00185,B025,176950001681,Savings,412441,Active,8/27/2016
ACC01303,U02366,B001,804763712558,Savings,210570,Active,1/3/2019
ACC01304,U04136,B019,639414565186,Savings,315302,Active,1/17/2019
ACC01305,U01754,B013,684409421324,Savings,75217,Active,12/15/2013
ACC01306,U03802,B008,602280226513,Savings,146455,Active,1/9/2011
ACC01307,U02298,B024,897027737815,Savings,134163,Active,3/17/2014
ACC01308,U04123,B007,317012309521,Savings,354453,Active,7/27/2020
ACC01309,U04282,B027,285026098849,Savings,362675,Active,1/6/2016
ACC01310,U01540,B022,242423626544,Savings,44214,Active,12/31/2019
ACC01311,U01188,B028,302016220783,Savings,68158,Active,11/26/2014
ACC01312,U04322,B017,642883741939,Savings,306245,Active,11/15/2011
ACC01313,U01798,B011,572074296768,Savings,272820,Active,12/8/2011
ACC01314,U03529,B023,221050714182,Savings,58439,Active,11/15/2020
ACC01315,U00938,B014,125046455172,Savings,11961,Active,3/5/2016
ACC01316,U03792,B012,884276515875,Savings,78829,Active,10/29/2015
ACC01317,U02202,B012,270163545596,Savings,368288,Active,1/26/2014
ACC01318,U03701,B008,204801354566,Savings,479673,Active,1/18/2024
ACC01319,U02776,B015,802882643794,Savings,140255,Active,5/10/2010
ACC01320,U04601,B016,725795830768,Savings,257172,Active,2/10/2011
ACC01321,U04959,B012,156862937417,Savings,477639,Active,9/22/2017
ACC01322,U04578,B003,305389880549,Savings,31623,Active,4/1/2017
ACC01323,U02181,B025,209672197175,Current,427870,Active,8/27/2012
ACC01324,U02302,B021,981774431189,Savings,94762,Active,3/27/2017
ACC01325,U02229,B019,857107308617,Savings,25788,Active,10/24/2018
ACC01326,U00160,B017,683342423087,Savings,89872,Active,1/10/2012
ACC01327,U00111,B008,933281585766,Savings,47874,Active,4/3/2021
ACC01328,U04942,B010,626708915556,Savings,133292,Active,1/24/2010
ACC01329,U01807,B028,432713396842,Savings,16241,Active,1/5/2022
ACC01330,U02387,B004,445251436596,Savings,466616,Active,1/11/2013
ACC01331,U03557,B018,144778479351,Savings,243910,Active,4/22/2012
ACC01332,U04225,B002,288253297963,Savings,233322,Active,1/15/2012
ACC01333,U00402,B027,299343018967,Savings,368043,Active,6/22/2011
ACC01334,U03718,B024,812613020408,Savings,199951,Active,6/18/2015
ACC01335,U04317,B023,327294314391,Current,135738,Active,9/21/2014
ACC01336,U01002,B008,486376235988,Savings,453063,Active,11/27/2012
ACC01337,U01950,B001,900405010331,Savings,123384,Active,8/16/2018
ACC01338,U04371,B011,445600559082,Savings,233133,Active,3/15/2016
ACC01339,U03376,B013,327287897782,Savings,90081,Active,11/20/2018
ACC01340,U01428,B026,231684080048,Savings,398863,Active,6/5/2018
ACC01341,U01597,B013,926583266754,Savings,75948,Active,5/4/2018
ACC01342,U02969,B026,929120185658,Savings,84271,Active,12/9/2017
ACC01343,U01732,B011,232358079916,Savings,278353,Active,4/11/2013
ACC01344,U01596,B021,437365414866,Savings,388434,Active,2/17/2014
ACC01345,U01090,B025,756411553908,Savings,164194,Active,11/15/2016
ACC01346,U00902,B004,791964878952,Savings,88177,Active,6/6/2014
ACC01347,U03605,B020,651485740348,Savings,484814,Active,5/31/2015
ACC01348,U04421,B001,654861430748,Savings,418815,Active,4/26/2019
ACC01349,U02971,B007,928250372800,Savings,201999,Active,10/20/2018
ACC01350,U02562,B017,158519353754,Savings,300647,Active,9/23/2020
ACC01351,U02219,B017,851697502928,Savings,137401,Active,4/27/2010
ACC01352,U01568,B018,742964648411,Savings,44102,Active,3/31/2012
ACC01353,U03020,B022,912534619049,Savings,101666,Active,3/5/2010
ACC01354,U03269,B022,223563512462,Savings,238492,Active,1/19/2015
ACC01355,U01500,B021,726826023781,Savings,366565,Active,2/14/2019
ACC01356,U03629,B016,578847138939,Savings,464080,Active,5/2/2013
ACC01357,U04405,B022,364229143814,Savings,376837,Active,6/2/2017
ACC01358,U01748,B018,913548253289,Savings,23301,Active,3/26/2015
ACC01359,U00249,B003,575726272766,Savings,398885,Active,5/6/2012
ACC01360,U00326,B009,200832149911,Savings,418546,Active,4/24/2019
ACC01361,U00559,B020,821110744140,Savings,345174,Active,7/7/2014
ACC01362,U00089,B006,372410500672,Savings,5764,Active,6/13/2015
ACC01363,U04607,B013,869097707111,Savings,253396,Inactive,9/4/2014
ACC01364,U02195,B026,452766423749,Savings,123204,Active,11/24/2014
ACC01365,U01573,B015,685169699717,Savings,244933,Active,11/9/2011
ACC01366,U03506,B012,819529429349,Savings,376780,Active,8/24/2011
ACC01367,U02754,B017,225591938688,Savings,211639,Active,10/27/2012
ACC01368,U04391,B022,521397551990,Current,159548,Inactive,4/14/2020
ACC01369,U00790,B001,854728935928,Savings,302200,Active,6/25/2012
ACC01370,U01158,B023,103057838259,Savings,91834,Active,4/21/2018
ACC01371,U02668,B010,341963923302,Savings,479003,Active,2/26/2015
ACC01372,U00289,B024,781330678275,Savings,62452,Active,11/23/2016
ACC01373,U02022,B021,922325506260,Savings,370229,Active,2/5/2017
ACC01374,U03689,B018,413619872364,Savings,173350,Active,5/2/2018
ACC01375,U00482,B026,701524111878,Savings,178682,Active,6/27/2011
ACC01376,U00079,B004,302126136206,Savings,233702,Active,11/3/2016
ACC01377,U01130,B017,653710549012,Savings,376637,Active,12/6/2010
ACC01378,U03215,B024,175754689218,Savings,83434,Active,5/31/2015
ACC01379,U00022,B023,207490421383,Savings,254367,Active,11/18/2010
ACC01380,U03780,B004,634025017887,Savings,434177,Active,6/3/2012
ACC01381,U04219,B014,135153748579,Savings,105576,Inactive,10/27/2014
ACC01382,U04562,B023,451782695942,Savings,477777,Active,1/22/2014
ACC01383,U00884,B003,779007815823,Savings,496906,Active,12/14/2011
ACC01384,U03131,B027,497293783266,Savings,265166,Active,4/2/2010
ACC01385,U01115,B028,935878640462,Savings,430841,Active,11/17/2011
ACC01386,U00842,B013,452911627816,Savings,421808,Inactive,9/23/2010
ACC01387,U04719,B011,128831352184,Savings,397429,Active,6/29/2012
ACC01388,U02821,B029,700495302604,Savings,477874,Active,8/17/2014
ACC01389,U03474,B030,266165227299,Savings,398128,Active,11/26/2017
ACC01390,U01421,B019,888887128359,Savings,99893,Active,3/30/2020
ACC01391,U02227,B024,482781949613,Savings,361740,Active,12/1/2011
ACC01392,U02271,B001,926655090575,Savings,114554,Active,10/5/2018
ACC01393,U04874,B007,993541359235,Savings,19843,Active,2/5/2012
ACC01394,U02353,B018,612457973551,Savings,99779,Active,12/1/2017
ACC01395,U04844,B029,981888959464,Savings,302662,Active,7/7/2015
ACC01396,U04117,B026,791761912415,Savings,318656,Active,7/19/2018
ACC01397,U04036,B009,117865564186,Current,71571,Active,12/20/2014
ACC01398,U01583,B013,351025134580,Savings,56036,Active,6/30/2015
ACC01399,U04692,B019,480440932095,Savings,457430,Active,10/20/2014
ACC01400,U01285,B005,725193522322,Savings,242666,Active,5/1/2013
ACC01401,U01105,B026,133141889560,Savings,171028,Inactive,2/3/2015
ACC01402,U00414,B020,436130717566,Savings,91268,Active,8/8/2011
ACC01403,U00352,B018,618689355957,Savings,47151,Active,1/25/2015
ACC01404,U02707,B005,579011714624,Savings,257185,Active,2/5/2016
ACC01405,U00985,B003,699898204226,Savings,249944,Active,3/29/2011
ACC01406,U02338,B026,836165522858,Savings,474532,Active,3/31/2010
ACC01407,U04062,B013,993512898549,Savings,314423,Active,4/18/2024
ACC01408,U02975,B006,719020587177,Savings,319661,Active,8/30/2010
ACC01409,U02873,B025,903723251753,Savings,18921,Active,11/4/2021
ACC01410,U00481,B022,242485864125,Current,484398,Active,1/12/2020
ACC01411,U04352,B013,209690227784,Savings,113778,Active,1/29/2011
ACC01412,U04419,B029,101516538425,Savings,84654,Active,11/7/2019
ACC01413,U02722,B008,731748594564,Savings,216045,Active,6/6/2019
ACC01414,U01316,B013,712580062828,Savings,194375,Active,3/5/2014
ACC01415,U04385,B016,846918674051,Savings,184171,Active,4/30/2014
ACC01416,U01302,B022,483037301220,Savings,208380,Active,4/24/2014
ACC01417,U02608,B001,219967322115,Savings,120661,Active,6/21/2016
ACC01418,U00194,B016,119630391406,Savings,82391,Active,8/6/2021
ACC01419,U01711,B025,484498629308,Savings,256926,Active,6/24/2015
ACC01420,U02315,B008,822926287256,Savings,261581,Active,5/14/2023
ACC01421,U01697,B007,141251820362,Savings,7352,Active,1/31/2017
ACC01422,U00105,B030,650093735937,Savings,455100,Active,8/16/2021
ACC01423,U03942,B030,202818802779,Savings,272470,Active,10/30/2019
ACC01424,U03664,B020,637782647145,Savings,303631,Active,8/28/2012
ACC01425,U03739,B004,910281235016,Savings,20786,Active,11/10/2014
ACC01426,U00522,B015,811194121940,Savings,302944,Active,10/14/2015
ACC01427,U04483,B013,179560187949,Savings,54363,Active,9/20/2013
ACC01428,U03028,B008,438723501926,Savings,222959,Active,4/30/2016
ACC01429,U01338,B025,576711235879,Savings,490982,Active,3/5/2011
ACC01430,U00220,B021,876239657171,Savings,82542,Active,12/17/2022
ACC01431,U00874,B001,571018024110,Savings,241788,Active,1/8/2014
ACC01432,U01940,B017,699527819480,Savings,86996,Active,2/20/2018
ACC01433,U03122,B030,178932124372,Savings,343482,Active,10/8/2014
ACC01434,U02285,B019,536977925295,Savings,125867,Active,7/24/2019
ACC01435,U03605,B002,188653265243,Savings,392474,Active,11/9/2015
ACC01436,U02314,B002,834560601714,Savings,230235,Active,11/19/2019
ACC01437,U03933,B007,676675946021,Savings,208377,Active,1/31/2014
ACC01438,U01324,B022,125993342793,Savings,398396,Active,5/23/2017
ACC01439,U00069,B013,849318345004,Savings,173139,Active,2/6/2018
ACC01440,U02190,B025,941385351805,Savings,338349,Active,9/27/2013
ACC01441,U04084,B010,105524277346,Savings,271327,Active,12/6/2013
ACC01442,U00831,B030,834901798787,Savings,167355,Active,7/21/2019
ACC01443,U01527,B003,372510125963,Savings,312012,Active,4/6/2015
ACC01444,U03362,B004,253420727872,Savings,425766,Active,9/23/2013
ACC01445,U02871,B001,920820105295,Savings,468314,Active,4/14/2011
ACC01446,U00502,B019,116621214358,Savings,427725,Active,12/30/2016
ACC01447,U00445,B012,950123617477,Savings,81899,Active,1/31/2018
ACC01448,U01713,B017,492280807905,Savings,340546,Active,1/15/2018
ACC01449,U03199,B003,360914022460,Savings,468674,Active,8/16/2023
ACC01450,U01643,B011,736648815502,Savings,171788,Active,8/5/2010
ACC01451,U00539,B015,736709730762,Savings,235296,Active,10/23/2013
ACC01452,U04426,B010,200591898687,Savings,78017,Active,12/1/2016
ACC01453,U01631,B020,244159404203,Savings,1999,Active,3/6/2017
ACC01454,U01171,B028,975249098233,Savings,396952,Active,11/20/2014
ACC01455,U02681,B002,143223561278,Savings,29260,Active,6/14/2020
ACC01456,U03459,B028,976845344284,Savings,136169,Active,11/10/2012
ACC01457,U03602,B017,163385628131,Savings,252713,Active,12/31/2013
ACC01458,U04562,B019,781620224777,Savings,372897,Active,3/12/2015
ACC01459,U03516,B007,748694797184,Savings,386229,Active,7/9/2018
ACC01460,U01652,B013,142495649427,Savings,337178,Active,5/31/2013
ACC01461,U02115,B024,234940648070,Savings,412735,Active,3/16/2019
ACC01462,U03002,B027,868018297811,Savings,21274,Active,9/22/2011
ACC01463,U02632,B017,134816274065,Savings,124238,Active,10/5/2016
ACC01464,U03798,B030,236718890541,Savings,78446,Active,12/16/2021
ACC01465,U04131,B011,490876858875,Savings,42474,Active,5/22/2024
ACC01466,U00646,B027,295473836923,Savings,375894,Active,5/11/2015
ACC01467,U01204,B001,345812713515,Savings,493441,Active,2/23/2015
ACC01468,U02064,B022,579386288953,Savings,197273,Active,3/30/2019
ACC01469,U01137,B017,217327475813,Savings,102728,Active,3/17/2017
ACC01470,U04277,B006,528650789738,Savings,140702,Active,4/13/2014
ACC01471,U00444,B027,375222297196,Savings,370865,Active,5/2/2024
ACC01472,U02860,B002,387212043401,Savings,204324,Active,8/2/2020
ACC01473,U00228,B029,749103789675,Savings,399814,Active,3/8/2021
ACC01474,U00837,B030,744204146945,Savings,372742,Active,6/25/2018
ACC01475,U01170,B004,879107923257,Savings,484614,Active,3/23/2022
ACC01476,U03000,B014,629057026630,Savings,148571,Active,8/4/2015
ACC01477,U03991,B017,517580588198,Savings,376089,Active,9/20/2018
ACC01478,U03102,B021,942689603276,Savings,78346,Active,10/31/2016
ACC01479,U03572,B004,978382111353,Savings,357552,Active,12/10/2018
ACC01480,U00154,B008,391785416046,Savings,165892,Active,12/13/2022
ACC01481,U01586,B019,411747254730,Savings,232168,Active,7/21/2014
ACC01482,U02353,B012,832953223884,Savings,181129,Active,8/21/2013
ACC01483,U04922,B029,322468157836,Savings,463465,Active,10/31/2016
ACC01484,U03362,B029,684926578213,Savings,74547,Active,6/30/2021
ACC01485,U01968,B005,916274802805,Savings,199519,Active,6/19/2021
ACC01486,U01440,B024,744245987048,Savings,227286,Active,9/25/2012
ACC01487,U01748,B003,702962157593,Savings,426295,Active,10/30/2016
ACC01488,U02301,B008,338359976404,Savings,250415,Active,3/30/2019
ACC01489,U02961,B019,759903786239,Savings,17613,Active,5/28/2013
ACC01490,U03105,B013,472752147230,Savings,26936,Active,3/26/2010
ACC01491,U00693,B008,392101010249,Savings,258848,Active,5/26/2011
ACC01492,U00882,B026,675701983621,Savings,102451,Active,10/30/2019
ACC01493,U04262,B012,624588308645,Savings,188027,Active,4/14/2016
ACC01494,U04240,B029,401801074138,Savings,107947,Active,4/14/2012
ACC01495,U00105,B017,910558021146,Savings,304953,Active,3/22/2021
ACC01496,U00755,B018,524260646501,Savings,365093,Active,11/16/2012
ACC01497,U02871,B001,136917799256,Savings,57814,Active,5/6/2017
ACC01498,U04751,B020,635957289783,Savings,431398,Active,7/13/2015
ACC01499,U02804,B029,822670137415,Savings,488287,Active,10/21/2013
ACC01500,U02078,B003,282131960028,Savings,345321,Active,1/2/2013
ACC01501,U00485,B002,652554877028,Savings,271711,Inactive,3/17/2019
ACC01502,U01650,B023,265273220568,Savings,31102,Active,10/27/2020
ACC01503,U03035,B029,172690837884,Savings,219779,Active,2/10/2011
ACC01504,U02109,B024,696837615684,Savings,2789,Active,11/18/2014
ACC01505,U02460,B030,644407273131,Savings,180537,Active,4/30/2016
ACC01506,U03364,B016,840934524033,Savings,496587,Active,12/24/2015
ACC01507,U02322,B014,737877059090,Savings,166740,Active,6/16/2010
ACC01508,U01097,B023,175049591377,Savings,304799,Active,2/3/2016
ACC01509,U02249,B023,791993416434,Savings,400687,Active,11/18/2013
ACC01510,U01404,B028,836729452360,Savings,220009,Active,6/10/2011
ACC01511,U01599,B025,746856628923,Savings,56088,Active,2/9/2016
ACC01512,U03613,B030,876856159404,Savings,97227,Active,3/13/2011
ACC01513,U04349,B017,633451524159,Savings,319406,Active,7/20/2014
ACC01514,U04760,B028,557454015372,Savings,250473,Active,8/2/2016
ACC01515,U00667,B017,809923299499,Savings,289473,Active,1/1/2012
ACC01516,U03710,B018,143856516763,Savings,332794,Active,3/22/2014
ACC01517,U02523,B008,653342492475,Savings,120414,Active,5/8/2017
ACC01518,U03104,B002,748586211418,Savings,311964,Active,6/2/2019
ACC01519,U04730,B026,123535935919,Savings,299945,Active,9/12/2019
ACC01520,U00791,B020,773081576214,Savings,160048,Active,6/16/2015
ACC01521,U03431,B021,901463097540,Savings,75162,Active,9/20/2018
ACC01522,U03954,B014,823578160516,Savings,48809,Active,2/8/2011
ACC01523,U01397,B001,827549828442,Savings,266333,Active,11/10/2018
ACC01524,U01028,B001,260420680421,Savings,36287,Active,11/17/2016
ACC01525,U04050,B023,173485534788,Savings,374259,Active,7/17/2013
ACC01526,U03576,B001,567849024679,Savings,463637,Active,6/14/2022
ACC01527,U03959,B018,452506671917,Savings,136868,Active,8/23/2012
ACC01528,U00443,B013,777382810154,Savings,490204,Active,2/17/2010
ACC01529,U03647,B012,298609085657,Savings,22587,Active,3/4/2019
ACC01530,U04607,B012,921686188948,Current,28654,Active,4/26/2012
ACC01531,U03876,B026,923637050675,Savings,156646,Active,9/9/2018
ACC01532,U03910,B020,807270114271,Savings,410848,Inactive,12/23/2018
ACC01533,U02785,B015,324494179572,Savings,340235,Active,11/24/2018
ACC01534,U03531,B024,625983086520,Savings,401731,Active,3/20/2012
ACC01535,U04139,B018,461363114474,Savings,189317,Inactive,8/20/2010
ACC01536,U02996,B021,884022345323,Savings,350820,Active,10/13/2020
ACC01537,U00650,B010,917385259117,Savings,426846,Active,11/20/2013
ACC01538,U01765,B030,135522350345,Savings,72036,Active,10/16/2019
ACC01539,U04027,B016,259556824346,Savings,333833,Active,3/17/2010
ACC01540,U00658,B025,685977064917,Savings,197632,Active,5/17/2020
ACC01541,U00578,B018,928517557497,Current,371975,Active,2/7/2020
ACC01542,U04013,B019,240419396261,Savings,21495,Active,2/8/2014
ACC01543,U03230,B015,940107892398,Savings,264965,Active,5/7/2018
ACC01544,U00439,B001,111820987867,Savings,237272,Active,6/27/2016
ACC01545,U00372,B003,132533879244,Savings,320497,Active,4/9/2016
ACC01546,U02650,B018,584084242211,Savings,216835,Active,7/17/2012
ACC01547,U02603,B018,370731299616,Savings,177111,Active,12/11/2021
ACC01548,U04784,B016,283139244392,Savings,235533,Active,5/12/2018
ACC01549,U03100,B013,484165454132,Savings,324756,Active,12/27/2015
ACC01550,U00170,B030,386452575782,Savings,295093,Active,5/21/2015
ACC01551,U02660,B030,697183897473,Savings,354425,Active,9/27/2017
ACC01552,U02439,B030,261348403805,Savings,6896,Active,11/26/2020
ACC01553,U01138,B022,493435974152,Savings,486237,Active,8/24/2010
ACC01554,U01708,B028,297564433845,Current,163854,Active,2/18/2021
ACC01555,U00572,B004,165488979205,Savings,431114,Active,10/18/2019
ACC01556,U01218,B011,462473850024,Current,411241,Active,11/10/2012
ACC01557,U03212,B028,178593383524,Current,257277,Active,3/23/2014
ACC01558,U04655,B003,762968970296,Savings,117888,Active,6/27/2010
ACC01559,U04118,B029,772952415773,Savings,50687,Active,8/27/2015
ACC01560,U00564,B029,447029581481,Savings,35197,Active,7/20/2010
ACC01561,U00047,B007,380807238652,Savings,356911,Active,11/19/2013
ACC01562,U03296,B008,856724694865,Savings,5701,Active,7/14/2014
ACC01563,U02832,B021,899790450047,Savings,186918,Active,11/25/2016
ACC01564,U01958,B017,884899578677,Savings,370687,Active,4/18/2011
ACC01565,U02776,B016,773862515653,Savings,127053,Active,5/19/2012
ACC01566,U03003,B011,657079564286,Current,354861,Active,4/26/2018
ACC01567,U02408,B016,437803414843,Current,139882,Active,4/29/2013
ACC01568,U00819,B022,103218845991,Savings,387780,Active,6/6/2015
ACC01569,U03787,B006,933033231947,Savings,206562,Active,4/11/2022
ACC01570,U04616,B019,199010833555,Savings,427756,Active,3/27/2012
ACC01571,U03928,B030,408781156797,Savings,195993,Active,3/4/2018
ACC01572,U00958,B014,698205535380,Savings,147536,Active,11/12/2013
ACC01573,U04192,B011,567709049636,Savings,271304,Active,12/12/2013
ACC01574,U01833,B025,342210528685,Savings,358435,Active,9/13/2015
ACC01575,U02386,B009,205489318179,Savings,202182,Active,6/24/2010
ACC01576,U02039,B024,115817585144,Savings,424909,Active,9/5/2010
ACC01577,U00036,B023,440368265437,Savings,200047,Active,11/16/2015
ACC01578,U03933,B018,390493278873,Savings,303355,Active,6/18/2012
ACC01579,U03167,B023,953716909786,Savings,308102,Active,8/10/2010
ACC01580,U03698,B020,364617825130,Savings,203739,Active,1/8/2020
ACC01581,U01442,B007,975370630106,Savings,330321,Active,10/12/2014
ACC01582,U04561,B010,472777019048,Savings,466072,Active,12/24/2019
ACC01583,U01211,B017,424136138845,Savings,51472,Active,7/6/2015
ACC01584,U03495,B004,560978079616,Savings,497416,Active,12/15/2017
ACC01585,U04593,B019,702080704343,Savings,278183,Active,12/27/2010
ACC01586,U04345,B006,342145361041,Savings,174711,Active,10/25/2017
ACC01587,U04928,B024,379071985015,Current,274809,Active,12/11/2010
ACC01588,U00002,B002,743167488374,Savings,351224,Active,7/7/2010
ACC01589,U03744,B028,612881923880,Current,286205,Active,1/6/2017
ACC01590,U04711,B026,529004639658,Savings,18333,Active,1/19/2017
ACC01591,U01701,B006,749357137957,Savings,165120,Active,9/17/2021
ACC01592,U00085,B013,330736763743,Savings,30533,Active,8/4/2010
ACC01593,U01359,B007,998837454811,Savings,444229,Active,5/10/2012
ACC01594,U02925,B006,591894242383,Savings,288204,Active,8/26/2022
ACC01595,U01800,B029,333514681973,Savings,151351,Active,4/28/2018
ACC01596,U04832,B026,975871565628,Savings,261202,Active,2/20/2017
ACC01597,U00981,B002,959391482080,Savings,29794,Active,11/9/2017
ACC01598,U03673,B023,609406114857,Savings,331818,Active,6/4/2014
ACC01599,U02256,B008,450893359837,Savings,180413,Active,11/27/2014
ACC01600,U04275,B025,325683366843,Savings,260668,Active,10/2/2017
ACC01601,U03990,B025,528274045852,Savings,18948,Active,8/24/2015
ACC01602,U02714,B007,311420987763,Savings,465037,Active,7/29/2017
ACC01603,U01042,B020,290750748363,Savings,227500,Active,5/27/2012
ACC01604,U01066,B017,337845683871,Savings,166748,Active,3/12/2017
ACC01605,U02699,B009,619681769647,Savings,3595,Active,11/26/2012
ACC01606,U02507,B008,124486353136,Savings,6755,Active,8/17/2011
ACC01607,U02728,B006,557118704110,Savings,182989,Active,12/20/2016
ACC01608,U04992,B006,160053668142,Savings,146352,Active,5/13/2016
ACC01609,U02960,B005,832483092834,Savings,144803,Active,3/25/2022
ACC01610,U04526,B021,942002258524,Savings,19994,Active,1/9/2011
ACC01611,U01350,B012,834511288241,Savings,173900,Active,12/21/2010
ACC01612,U01537,B015,864054938301,Savings,461248,Active,3/9/2013
ACC01613,U04059,B013,306377660092,Savings,7600,Active,8/13/2016
ACC01614,U04568,B028,112390365355,Savings,101877,Active,5/15/2014
ACC01615,U04263,B010,377768877297,Savings,162207,Active,1/14/2016
ACC01616,U02636,B017,435653433882,Savings,147393,Active,12/28/2017
ACC01617,U04768,B006,620495722557,Savings,457615,Active,9/25/2016
ACC01618,U00948,B006,375457504683,Savings,351227,Active,9/21/2011
ACC01619,U02994,B013,261574900512,Savings,164186,Active,8/16/2010
ACC01620,U03626,B018,742930657257,Savings,427598,Active,12/17/2014
ACC01621,U00538,B008,552590003634,Savings,138883,Active,8/31/2013
ACC01622,U04380,B025,804795348383,Savings,434744,Active,5/18/2010
ACC01623,U00205,B006,655829297963,Savings,13244,Active,2/5/2011
ACC01624,U01551,B011,608847114105,Savings,452152,Active,3/13/2012
ACC01625,U01773,B020,187455360384,Savings,165519,Active,8/25/2012
ACC01626,U00888,B010,268016816171,Savings,392011,Active,5/8/2013
ACC01627,U03548,B006,166759399913,Savings,284147,Active,11/18/2010
ACC01628,U00159,B015,672037301056,Savings,93956,Active,4/2/2016
ACC01629,U01201,B023,387847628130,Savings,209995,Active,7/2/2015
ACC01630,U03468,B015,430853281625,Current,173833,Active,8/15/2015
ACC01631,U02737,B005,583504162418,Savings,445623,Active,9/16/2016
ACC01632,U02443,B014,775808228295,Savings,312612,Active,8/3/2012
ACC01633,U04294,B015,348032574235,Savings,324710,Active,4/8/2025
ACC01634,U03917,B010,909556655910,Savings,308963,Active,6/22/2014
ACC01635,U01992,B012,186446008388,Savings,78298,Inactive,6/5/2019
ACC01636,U00679,B025,854491273185,Savings,52229,Active,10/26/2016
ACC01637,U01392,B014,271215062913,Savings,308533,Active,1/28/2011
ACC01638,U04254,B023,282299040759,Savings,4724,Active,12/17/2017
ACC01639,U00263,B017,134624593847,Savings,40809,Active,9/2/2010
ACC01640,U03119,B006,161124010048,Savings,198536,Inactive,2/13/2017
ACC01641,U04025,B009,830490487909,Savings,465279,Active,9/23/2011
ACC01642,U00047,B013,980662278533,Savings,372593,Active,9/23/2012
ACC01643,U04431,B016,167166142354,Savings,12770,Active,8/30/2017
ACC01644,U01585,B006,798732162094,Savings,262471,Active,5/24/2012
ACC01645,U02148,B016,812515344899,Savings,187845,Active,6/21/2013
ACC01646,U04015,B016,845596694216,Savings,46117,Active,5/3/2018
ACC01647,U01546,B026,360974787097,Current,471506,Active,5/13/2017
ACC01648,U00410,B028,512593262875,Savings,318909,Active,3/30/2010
ACC01649,U02925,B005,591039495021,Savings,466561,Active,7/14/2017
ACC01650,U00592,B016,790793835444,Current,251211,Active,3/14/2018
ACC01651,U04321,B001,267733787091,Current,283514,Active,12/30/2017
ACC01652,U03342,B005,141346493614,Savings,435233,Active,5/27/2010
ACC01653,U00596,B023,957029699439,Savings,159644,Active,1/14/2013
ACC01654,U03813,B022,253886637162,Savings,58794,Active,6/12/2023
ACC01655,U01888,B003,943215171128,Savings,367431,Active,9/3/2013
ACC01656,U04837,B028,499982803822,Savings,227783,Active,1/15/2016
ACC01657,U03453,B026,992122137899,Savings,155318,Active,11/18/2015
ACC01658,U02780,B012,394142501271,Savings,445683,Active,2/4/2020
ACC01659,U02335,B023,323228184648,Savings,30736,Active,12/9/2022
ACC01660,U04260,B024,859262348031,Savings,204687,Active,12/14/2017
ACC01661,U03437,B018,919946295841,Savings,166032,Active,6/4/2015
ACC01662,U01700,B025,565910545067,Savings,39105,Active,12/14/2015
ACC01663,U00832,B009,111476987049,Savings,120571,Active,10/9/2012
ACC01664,U01320,B021,612127137212,Savings,427174,Active,5/3/2019
ACC01665,U01979,B007,318006109260,Savings,270853,Active,3/2/2012
ACC01666,U01229,B013,721191791618,Savings,489077,Active,3/28/2015
ACC01667,U04459,B030,343880469651,Savings,354145,Active,9/14/2014
ACC01668,U04497,B018,536427879490,Savings,211389,Active,2/21/2014
ACC01669,U00003,B029,655944581703,Savings,240583,Active,6/21/2020
ACC01670,U03840,B012,721358897369,Savings,358174,Active,9/23/2010
ACC01671,U03623,B017,758966510173,Savings,442105,Active,4/27/2017
ACC01672,U02656,B011,772021876264,Savings,165873,Active,1/20/2014
ACC01673,U00238,B009,608813255027,Savings,338515,Active,3/19/2014
ACC01674,U01532,B019,604103650854,Savings,95372,Active,4/2/2014
ACC01675,U00760,B021,245883121759,Savings,210825,Active,7/14/2015
ACC01676,U04166,B030,317381833215,Savings,147140,Active,6/26/2022
ACC01677,U01261,B012,768748205592,Savings,285487,Active,5/27/2015
ACC01678,U01926,B030,334117046372,Savings,340691,Active,5/13/2012
ACC01679,U00514,B014,874300447540,Savings,407505,Active,6/21/2017
ACC01680,U01914,B006,459531434764,Current,133132,Inactive,1/18/2017
ACC01681,U03617,B024,812825149675,Savings,455059,Active,12/11/2010
ACC01682,U01900,B015,996521017505,Savings,105131,Active,5/16/2017
ACC01683,U01266,B013,689436721984,Savings,154902,Active,12/5/2010
ACC01684,U00614,B005,937826397129,Savings,129447,Active,5/23/2013
ACC01685,U01617,B010,339297640356,Savings,277348,Active,5/21/2021
ACC01686,U01395,B014,542411633688,Savings,434656,Active,3/24/2016
ACC01687,U01622,B001,475235346857,Current,235927,Active,10/22/2023
ACC01688,U02209,B019,211721204098,Savings,326471,Active,8/31/2020
ACC01689,U00415,B025,532637228935,Savings,246592,Active,3/12/2011
ACC01690,U04535,B019,674918458675,Savings,110385,Active,11/23/2016
ACC01691,U03844,B025,957515039177,Savings,176680,Active,1/19/2013
ACC01692,U04453,B030,637125637065,Savings,362591,Active,2/14/2016
ACC01693,U00263,B011,107075116291,Current,148956,Active,1/21/2020
ACC01694,U04757,B021,433485649439,Savings,108898,Active,1/8/2015
ACC01695,U01910,B009,706757053956,Savings,73501,Active,6/13/2022
ACC01696,U02571,B018,136815035644,Savings,430646,Active,3/31/2011
ACC01697,U04210,B022,812303308116,Savings,398927,Active,2/22/2010
ACC01698,U02876,B027,225118462215,Savings,243572,Active,5/10/2014
ACC01699,U03321,B007,696583215550,Savings,151775,Active,10/26/2012
ACC01700,U00073,B026,729967442357,Savings,128722,Active,8/15/2012
ACC01701,U02507,B016,394631299355,Savings,278028,Inactive,3/24/2021
ACC01702,U04751,B026,184880387516,Savings,83534,Active,11/19/2013
ACC01703,U02096,B030,550558057897,Current,71105,Active,10/19/2014
ACC01704,U03255,B004,745429204238,Savings,324549,Active,11/26/2010
ACC01705,U04936,B028,345414003956,Savings,274253,Active,8/8/2014
ACC01706,U04737,B004,443724191826,Savings,487796,Active,9/29/2018
ACC01707,U00723,B011,660362671791,Savings,148596,Active,12/22/2016
ACC01708,U01005,B002,215691900905,Savings,153928,Active,7/24/2021
ACC01709,U01789,B022,684575207635,Savings,234229,Active,11/14/2017
ACC01710,U04085,B006,454774356809,Savings,436412,Active,11/12/2010
ACC01711,U02462,B030,851762918368,Savings,43295,Active,9/13/2017
ACC01712,U01514,B002,839544077704,Savings,422960,Active,4/2/2012
ACC01713,U00804,B017,344528713384,Savings,378686,Active,10/21/2014
ACC01714,U03615,B030,259870959366,Savings,40434,Active,2/1/2017
ACC01715,U03791,B007,743023597422,Savings,166137,Active,1/13/2016
ACC01716,U03421,B027,572634584272,Savings,311215,Active,1/22/2019
ACC01717,U04389,B015,586695058139,Savings,129022,Active,5/20/2015
ACC01718,U00075,B014,382680385195,Savings,98081,Active,4/18/2013
ACC01719,U04611,B018,286516025024,Savings,302745,Active,2/4/2015
ACC01720,U00446,B003,831528386289,Savings,18305,Active,6/19/2011
ACC01721,U03987,B001,911840642457,Savings,43799,Active,11/12/2012
ACC01722,U01546,B014,984529567463,Savings,141784,Active,9/26/2014
ACC01723,U04323,B030,935275827520,Savings,358587,Active,2/1/2015
ACC01724,U02661,B025,192095263989,Current,82197,Active,12/15/2013
ACC01725,U01204,B012,776236121080,Savings,127970,Active,3/31/2012
ACC01726,U02110,B022,503115751501,Savings,442931,Active,9/26/2024
ACC01727,U02831,B010,872624411962,Savings,194785,Active,6/21/2016
ACC01728,U00750,B017,821829566927,Savings,445826,Active,7/20/2017
ACC01729,U00150,B005,526416883822,Savings,263740,Active,8/28/2018
ACC01730,U04687,B016,691593481273,Savings,36337,Active,12/27/2014
ACC01731,U03934,B003,669171879775,Savings,44316,Active,10/4/2017
ACC01732,U02560,B014,344406431904,Savings,353289,Active,2/26/2014
ACC01733,U00251,B006,134572030296,Savings,245132,Active,6/28/2010
ACC01734,U00071,B028,832739293518,Savings,437357,Active,10/29/2010
ACC01735,U00752,B016,385175957510,Savings,58738,Active,10/30/2015
ACC01736,U03006,B027,802848317231,Current,319285,Active,7/22/2010
ACC01737,U04952,B003,969539229714,Savings,256189,Active,9/21/2020
ACC01738,U02847,B006,783086064946,Savings,203206,Active,6/6/2020
ACC01739,U01437,B006,566686989390,Savings,358158,Active,8/8/2022
ACC01740,U01369,B017,294505528723,Savings,28852,Active,10/4/2016
ACC01741,U01588,B030,108889042580,Savings,271843,Active,5/2/2015
ACC01742,U00192,B003,891917623436,Savings,259487,Active,3/31/2016
ACC01743,U02441,B002,810765230061,Savings,271812,Active,7/8/2015
ACC01744,U04421,B028,483190282328,Savings,164910,Active,1/3/2014
ACC01745,U03040,B019,470754860444,Current,365548,Active,1/16/2013
ACC01746,U04108,B028,845517844921,Savings,484597,Active,3/12/2013
ACC01747,U01856,B026,973370899586,Savings,202529,Active,5/30/2022
ACC01748,U00449,B015,959743063834,Savings,170027,Active,4/6/2019
ACC01749,U00165,B026,456303142427,Savings,444415,Active,9/16/2011
ACC01750,U03802,B008,833123980395,Savings,116253,Active,6/11/2015
ACC01751,U01834,B005,885988062491,Savings,386110,Active,8/8/2016
ACC01752,U03625,B026,865600244564,Current,413852,Active,5/14/2013
ACC01753,U00065,B014,900387076961,Savings,25600,Active,7/13/2019
ACC01754,U03472,B025,944223330569,Savings,479689,Active,1/10/2012
ACC01755,U03510,B009,901597614271,Savings,192916,Active,4/2/2016
ACC01756,U02161,B016,430899789530,Savings,260334,Active,9/4/2010
ACC01757,U02889,B012,623819776674,Savings,9822,Active,3/29/2017
ACC01758,U02140,B019,669100813004,Savings,28599,Active,9/14/2016
ACC01759,U02214,B026,870082060588,Savings,94493,Active,9/10/2011
ACC01760,U02871,B025,458800863720,Savings,306494,Active,1/7/2018
ACC01761,U04723,B004,901805633308,Savings,4628,Active,3/11/2017
ACC01762,U02730,B013,347477496466,Savings,231830,Active,10/30/2012
ACC01763,U04087,B011,596918297640,Savings,453559,Active,4/17/2017
ACC01764,U03668,B010,349985913059,Savings,79163,Active,7/3/2010
ACC01765,U04131,B016,440939585114,Current,230149,Active,3/14/2017
ACC01766,U00996,B018,622831756900,Savings,309596,Active,8/19/2012
ACC01767,U04366,B004,995892626557,Savings,17768,Active,9/5/2011
ACC01768,U02990,B004,187474358086,Savings,468882,Active,1/12/2022
ACC01769,U04937,B021,915375398728,Savings,317869,Active,8/30/2011
ACC01770,U00706,B029,974618646914,Savings,199847,Active,3/13/2012
ACC01771,U01458,B030,119991401009,Savings,125318,Active,1/27/2014
ACC01772,U04154,B023,112845847800,Savings,127767,Active,3/2/2012
ACC01773,U00347,B008,580475629480,Savings,223294,Active,3/29/2012
ACC01774,U02069,B028,551395767329,Savings,242331,Active,8/14/2016
ACC01775,U00108,B016,894736215762,Savings,328786,Active,4/10/2019
ACC01776,U02224,B028,762410235792,Savings,381549,Active,7/23/2016
ACC01777,U04480,B025,337407322485,Savings,288603,Active,10/6/2018
ACC01778,U03520,B012,655339557935,Savings,269254,Active,8/10/2022
ACC01779,U00160,B014,293241008122,Savings,196319,Active,12/12/2014
ACC01780,U04135,B026,520609015603,Savings,31697,Active,6/7/2017
ACC01781,U04998,B014,233491350940,Savings,39024,Active,1/17/2017
ACC01782,U02629,B018,434781395994,Current,232782,Active,4/8/2011
ACC01783,U04106,B023,638688337735,Savings,194393,Active,8/29/2012
ACC01784,U04924,B030,533352924689,Savings,66152,Active,12/18/2012
ACC01785,U04494,B002,821001552093,Savings,467193,Active,3/14/2010
ACC01786,U01544,B029,757910834330,Savings,18254,Active,8/26/2010
ACC01787,U02415,B022,452619362070,Savings,152210,Active,12/7/2015
ACC01788,U03096,B029,801758305043,Savings,178038,Active,11/30/2018
ACC01789,U01756,B020,899816545535,Savings,233630,Active,5/22/2021
ACC01790,U04438,B016,637717431767,Savings,465297,Active,12/6/2015
ACC01791,U03924,B028,989862805937,Savings,366795,Active,1/11/2024
ACC01792,U04272,B020,671029374850,Savings,389880,Active,5/22/2012
ACC01793,U04071,B027,183237549750,Current,324834,Active,11/28/2016
ACC01794,U01118,B004,940552902061,Savings,202335,Active,8/22/2015
ACC01795,U00523,B014,432289455234,Savings,434980,Active,5/22/2022
ACC01796,U03038,B026,406651738744,Savings,395929,Active,2/7/2012
ACC01797,U00049,B006,367184971864,Savings,14957,Active,7/29/2017
ACC01798,U01096,B024,171285430866,Savings,74190,Active,8/23/2012
ACC01799,U04067,B028,577698270975,Savings,83289,Active,1/11/2011
ACC01800,U03643,B020,157698803348,Savings,490875,Active,2/17/2014
ACC01801,U01517,B014,625514791254,Current,389508,Active,12/16/2012
ACC01802,U04536,B021,598721522928,Savings,247314,Active,1/29/2018
ACC01803,U03379,B019,994491337736,Savings,382199,Active,12/23/2010
ACC01804,U03170,B006,604307657721,Savings,54848,Active,3/4/2021
ACC01805,U01185,B020,667823857451,Savings,168652,Active,10/20/2016
ACC01806,U00277,B008,642467683173,Savings,180897,Active,11/15/2011
ACC01807,U00919,B012,229922636761,Savings,294623,Active,4/24/2017
ACC01808,U01601,B011,367021212843,Savings,44419,Active,3/24/2016
ACC01809,U02158,B019,301865211702,Savings,18953,Active,7/25/2012
ACC01810,U00364,B004,192891240597,Savings,473683,Active,4/4/2012
ACC01811,U00924,B003,742973054864,Savings,243023,Active,10/22/2011
ACC01812,U04010,B027,932603146785,Savings,296782,Active,7/13/2010
ACC01813,U04172,B029,206149238605,Savings,349860,Active,2/15/2017
ACC01814,U04253,B025,327287478731,Savings,94083,Active,2/11/2019
ACC01815,U00524,B019,400387919059,Savings,177628,Active,3/10/2015
ACC01816,U00449,B025,366825058295,Savings,193246,Active,12/24/2018
ACC01817,U00765,B017,615728725340,Savings,273472,Active,3/20/2014
ACC01818,U03929,B003,667203978452,Savings,301038,Active,1/24/2016
ACC01819,U03578,B014,249532793670,Savings,206508,Active,9/1/2012
ACC01820,U04610,B027,747742729608,Savings,105628,Active,11/21/2016
ACC01821,U00737,B011,348729355868,Savings,92027,Active,10/5/2013
ACC01822,U04141,B003,789821537973,Savings,146646,Active,12/10/2015
ACC01823,U04744,B001,809683183829,Savings,209119,Active,12/2/2011
ACC01824,U02409,B022,329198178786,Current,312175,Active,12/3/2015
ACC01825,U01706,B009,986861276878,Savings,393494,Active,9/5/2010
ACC01826,U01651,B008,813273056236,Savings,369340,Active,10/15/2018
ACC01827,U02817,B025,444402599857,Savings,163503,Active,6/23/2016
ACC01828,U03047,B029,361260090929,Savings,492720,Active,4/8/2013
ACC01829,U04598,B019,752802399943,Savings,374736,Active,4/15/2020
ACC01830,U03189,B003,424837353525,Savings,384046,Active,6/14/2014
ACC01831,U02222,B020,714897309801,Current,416353,Active,3/31/2018
ACC01832,U04182,B009,908833883293,Savings,177660,Active,1/8/2013
ACC01833,U02615,B002,826206688281,Savings,134495,Active,4/1/2016
ACC01834,U03182,B024,645420442254,Savings,315123,Active,7/1/2020
ACC01835,U04066,B009,272544769372,Savings,234703,Active,5/31/2011
ACC01836,U04316,B005,382700071770,Savings,74223,Active,12/4/2019
ACC01837,U02378,B005,242952416773,Savings,57698,Active,1/14/2012
ACC01838,U01201,B023,185470374551,Savings,5552,Active,7/25/2012
ACC01839,U04504,B008,305266336885,Savings,116752,Active,8/6/2011
ACC01840,U03728,B023,182974538359,Savings,388336,Active,6/4/2013
ACC01841,U04673,B006,673033353122,Savings,191459,Active,10/15/2015
ACC01842,U04423,B020,767386124093,Savings,321922,Active,5/13/2014
ACC01843,U02592,B011,187457207786,Savings,378467,Active,3/15/2010
ACC01844,U02795,B027,902528112030,Savings,157802,Active,8/9/2014
ACC01845,U02522,B004,660119387793,Savings,453847,Active,6/27/2021
ACC01846,U02926,B008,824247645146,Savings,9345,Active,1/8/2012
ACC01847,U01729,B018,413038687364,Savings,202660,Active,1/18/2018
ACC01848,U01633,B016,325347618904,Savings,429260,Active,8/13/2022
ACC01849,U02819,B010,112514465931,Savings,239890,Active,12/22/2015
ACC01850,U04836,B006,471820163806,Savings,247668,Active,8/20/2021
ACC01851,U02769,B020,404355189852,Savings,434320,Active,7/23/2020
ACC01852,U02568,B014,263378430644,Savings,121118,Active,8/10/2016
ACC01853,U00820,B023,583560278826,Savings,439156,Active,11/12/2011
ACC01854,U02144,B026,598789947490,Savings,239961,Active,12/18/2014
ACC01855,U00390,B027,412530345288,Savings,58119,Active,2/27/2020
ACC01856,U03842,B016,236305520378,Savings,328057,Active,9/28/2015
ACC01857,U04958,B023,314536901142,Savings,21287,Active,11/22/2018
ACC01858,U01943,B006,676782560035,Savings,464336,Active,4/4/2015
ACC01859,U02742,B024,459510730100,Savings,208890,Active,10/18/2017
ACC01860,U01471,B024,776364403432,Current,420857,Active,11/13/2022
ACC01861,U04747,B030,514546646017,Savings,444057,Active,12/9/2012
ACC01862,U00750,B003,273924586639,Savings,459542,Active,4/25/2018
ACC01863,U01484,B022,352721655542,Savings,327734,Active,4/26/2021
ACC01864,U01909,B004,576353232399,Savings,311214,Active,8/1/2010
ACC01865,U02989,B022,564027591559,Savings,475570,Active,11/5/2014
ACC01866,U03997,B017,378642976748,Savings,261376,Active,1/4/2016
ACC01867,U01176,B002,695267768088,Savings,15687,Active,10/18/2017
ACC01868,U00352,B016,970565381745,Savings,376828,Active,8/6/2015
ACC01869,U00805,B022,923667562852,Savings,243392,Active,3/29/2011
ACC01870,U03798,B027,455732494196,Savings,469228,Active,11/30/2016
ACC01871,U01875,B007,323464863150,Savings,10849,Active,1/18/2021
ACC01872,U04035,B003,741041376014,Savings,403817,Active,1/8/2018
ACC01873,U00446,B024,250556967085,Savings,460679,Active,10/19/2015
ACC01874,U01119,B013,169932197183,Savings,242240,Active,5/5/2016
ACC01875,U02675,B027,157188808498,Savings,218517,Active,6/22/2020
ACC01876,U03619,B010,301056081571,Savings,14500,Active,2/13/2023
ACC01877,U01355,B003,478666768335,Savings,202455,Active,8/1/2010
ACC01878,U02362,B012,535528071792,Savings,177669,Active,12/11/2015
ACC01879,U03639,B010,888219906403,Savings,439777,Active,5/9/2014
ACC01880,U00223,B027,812312315192,Savings,36975,Active,3/3/2012
ACC01881,U02917,B024,305522569797,Savings,212199,Active,4/23/2012
ACC01882,U00037,B022,640422611919,Savings,499099,Active,1/24/2014
ACC01883,U01147,B027,692828156283,Savings,75700,Active,4/29/2016
ACC01884,U00050,B023,270943029450,Savings,168405,Active,9/11/2019
ACC01885,U01807,B014,484480818352,Current,31168,Active,12/1/2016
ACC01886,U03169,B013,799994507689,Savings,192659,Active,4/13/2013
ACC01887,U04212,B014,802000464567,Savings,455737,Active,9/20/2013
ACC01888,U00045,B017,277963198459,Savings,329046,Active,2/5/2015
ACC01889,U00644,B025,808806191195,Savings,361106,Active,9/14/2019
ACC01890,U03174,B018,381648499535,Savings,128181,Active,1/21/2024
ACC01891,U00097,B011,520802383896,Savings,318438,Inactive,4/20/2015
ACC01892,U02008,B003,397458238820,Current,323085,Active,8/7/2019
ACC01893,U02565,B012,495688357960,Savings,258020,Active,3/11/2016
ACC01894,U04528,B002,984696534925,Savings,269736,Active,8/20/2013
ACC01895,U02918,B020,695282791931,Savings,334265,Active,12/18/2010
ACC01896,U00459,B030,308286854126,Savings,430155,Active,11/9/2017
ACC01897,U04062,B004,514479552284,Savings,415639,Active,12/10/2022
ACC01898,U03048,B001,908194352063,Savings,430725,Active,12/20/2016
ACC01899,U02163,B018,656448347855,Savings,439027,Active,8/6/2016
ACC01900,U01675,B005,716031075057,Savings,337627,Active,5/5/2021
ACC01901,U04009,B003,913083524934,Savings,188598,Active,7/16/2016
ACC01902,U01493,B008,590985741503,Savings,482338,Active,9/8/2019
ACC01903,U00502,B019,903552781100,Savings,74832,Active,6/27/2015
ACC01904,U03844,B024,150968287973,Savings,362486,Active,4/22/2016
ACC01905,U01703,B003,776065359691,Savings,65147,Active,11/9/2012
ACC01906,U03856,B003,657472295903,Current,174479,Active,6/10/2011
ACC01907,U01948,B022,476169102466,Savings,128651,Active,5/12/2019
ACC01908,U01479,B002,410876352097,Savings,95094,Active,7/29/2010
ACC01909,U03136,B019,348649293667,Savings,275669,Active,5/15/2016
ACC01910,U01925,B014,586289726337,Savings,345575,Active,6/24/2018
ACC01911,U04079,B015,656245167843,Savings,415713,Active,4/14/2014
ACC01912,U02094,B024,720157455724,Savings,277557,Active,6/26/2021
ACC01913,U01275,B014,421905729476,Savings,22449,Active,5/8/2016
ACC01914,U01867,B027,644598238014,Savings,624,Active,4/23/2015
ACC01915,U02480,B022,249025110983,Savings,38994,Active,9/5/2010
ACC01916,U01991,B004,158832802923,Savings,479009,Active,2/15/2012
ACC01917,U04272,B029,908558726466,Savings,304315,Active,9/11/2017
ACC01918,U02310,B021,605717740543,Savings,470205,Active,2/12/2014
ACC01919,U02424,B002,771144217112,Savings,350179,Active,3/23/2011
ACC01920,U04373,B014,922538824518,Savings,434237,Active,5/9/2013
ACC01921,U04017,B008,874039186620,Savings,493587,Active,12/19/2018
ACC01922,U00930,B025,784354629166,Savings,254595,Active,7/11/2010
ACC01923,U02931,B008,175747493026,Savings,174945,Active,8/19/2024
ACC01924,U01503,B005,871620037526,Savings,418191,Active,11/15/2015
ACC01925,U00599,B017,202475676888,Savings,272596,Active,7/24/2016
ACC01926,U00870,B009,662699635855,Savings,481090,Active,3/19/2019
ACC01927,U02179,B006,483508669984,Savings,214934,Active,10/31/2019
ACC01928,U04948,B029,430612301485,Savings,357044,Active,9/30/2012
ACC01929,U00356,B028,420985093557,Savings,39837,Active,1/22/2012
ACC01930,U04919,B007,825033741797,Savings,197871,Active,1/26/2023
ACC01931,U03709,B014,222977896433,Savings,47209,Active,9/9/2011
ACC01932,U02246,B005,547768189158,Savings,82890,Active,7/11/2018
ACC01933,U04465,B022,933727091006,Savings,153704,Active,12/13/2014
ACC01934,U04216,B008,700892864810,Savings,492308,Active,3/20/2016
ACC01935,U02070,B003,921102120929,Savings,311283,Active,11/19/2014
ACC01936,U01405,B017,202192700765,Savings,238739,Active,9/12/2010
ACC01937,U00185,B013,779304928722,Savings,208276,Active,6/8/2015
ACC01938,U02695,B002,113069656412,Savings,254935,Active,3/27/2014
ACC01939,U01961,B015,544013343195,Savings,474474,Active,2/10/2020
ACC01940,U04847,B023,361818028013,Savings,11365,Active,8/30/2017
ACC01941,U01998,B003,469882748636,Savings,404706,Active,1/5/2014
ACC01942,U04219,B007,103978006711,Savings,433465,Active,1/23/2011
ACC01943,U03773,B017,362491766956,Savings,47449,Active,8/12/2017
ACC01944,U00429,B019,536806373866,Savings,279011,Active,8/22/2013
ACC01945,U04867,B005,484001920522,Savings,208051,Active,8/29/2010
ACC01946,U03070,B007,779877469765,Savings,127207,Active,1/29/2018
ACC01947,U04857,B006,880807506121,Savings,108201,Active,9/28/2017
ACC01948,U04705,B012,483410425785,Savings,437974,Active,4/16/2011
ACC01949,U03430,B029,898871371836,Savings,101288,Active,2/17/2024
ACC01950,U04261,B013,924956917186,Savings,423357,Active,10/6/2018
ACC01951,U01863,B014,841799870850,Savings,275787,Active,6/24/2011
ACC01952,U01180,B006,453501571465,Savings,390221,Active,7/11/2014
ACC01953,U03125,B024,896740590486,Savings,24396,Active,10/29/2017
ACC01954,U00652,B015,228147460484,Savings,328662,Active,1/23/2017
ACC01955,U01294,B016,313694036626,Savings,291239,Active,9/20/2021
ACC01956,U00208,B025,808721400077,Savings,320062,Active,6/17/2010
ACC01957,U02320,B001,253241946507,Savings,186644,Active,4/11/2016
ACC01958,U03105,B016,129966841406,Savings,373607,Active,4/18/2010
ACC01959,U04028,B015,295749161842,Savings,144469,Active,7/20/2011
ACC01960,U01469,B012,330194449843,Savings,98431,Active,2/11/2017
ACC01961,U01372,B006,549380994814,Savings,175439,Active,12/28/2012
ACC01962,U00714,B026,223766719179,Savings,258848,Active,7/10/2017
ACC01963,U01599,B016,445795197264,Savings,217704,Active,4/5/2010
ACC01964,U03740,B015,908762392688,Savings,466017,Active,1/15/2016
ACC01965,U03778,B003,680970297525,Savings,21265,Active,9/22/2016
ACC01966,U02082,B011,603932618231,Savings,430026,Active,12/26/2021
ACC01967,U03783,B012,445657967184,Savings,282158,Active,1/30/2013
ACC01968,U03641,B020,648350883408,Savings,392411,Active,9/3/2012
ACC01969,U04238,B003,239570671883,Savings,422833,Active,9/29/2012
ACC01970,U00868,B009,900577325584,Savings,494141,Active,12/25/2019
ACC01971,U00939,B016,223617731278,Savings,276166,Active,11/14/2020
ACC01972,U02855,B005,167259807464,Current,341300,Active,6/28/2023
ACC01973,U02666,B006,922929055369,Savings,15446,Active,6/17/2011
ACC01974,U01902,B018,165514081474,Savings,190208,Active,4/20/2014
ACC01975,U04397,B021,322617501075,Savings,144622,Active,1/25/2016
ACC01976,U01434,B028,116622018126,Savings,22375,Active,9/30/2016
ACC01977,U02343,B004,866865473256,Savings,297326,Active,10/27/2014
ACC01978,U04317,B001,919514871245,Current,196898,Active,9/25/2016
ACC01979,U01036,B007,941864266390,Savings,217865,Active,10/2/2015
ACC01980,U03615,B030,977410986872,Savings,221615,Active,9/26/2011
ACC01981,U01149,B023,242179057545,Savings,192731,Active,1/2/2012
ACC01982,U02709,B024,355655892248,Savings,196119,Active,2/26/2018
ACC01983,U04657,B011,896345288194,Savings,57333,Active,10/30/2010
ACC01984,U04364,B009,189108796997,Savings,450391,Active,11/30/2012
ACC01985,U03326,B030,718343024832,Savings,29067,Active,12/20/2016
ACC01986,U04370,B012,472347928998,Savings,162498,Active,6/9/2014
ACC01987,U01426,B011,694038568797,Savings,17491,Active,1/16/2010
ACC01988,U01786,B010,878033561017,Savings,138729,Active,6/13/2018
ACC01989,U04149,B009,914839599702,Savings,443762,Active,6/10/2013
ACC01990,U02886,B011,667917722719,Savings,70808,Active,8/21/2010
ACC01991,U00792,B010,795053858639,Savings,152195,Active,4/10/2014
ACC01992,U00136,B025,285747188119,Savings,240932,Active,3/11/2017
ACC01993,U04393,B016,207652365392,Savings,339354,Active,10/25/2010
ACC01994,U02960,B005,366476401970,Savings,261707,Active,12/18/2013
ACC01995,U02910,B011,211534219207,Savings,474445,Active,8/18/2014
ACC01996,U04401,B009,565612079988,Savings,329923,Active,9/9/2015
ACC01997,U02338,B011,619848649402,Savings,345882,Active,5/20/2017
ACC01998,U03520,B023,758991808380,Savings,471191,Active,6/17/2020
ACC01999,U03784,B030,226628494386,Savings,141740,Active,5/1/2014
ACC02000,U04636,B028,280383110538,Savings,447345,Active,8/27/2014
ACC02001,U02726,B002,842161066217,Savings,88055,Active,5/29/2013
ACC02002,U02575,B022,684647184377,Savings,384233,Active,9/23/2017
ACC02003,U04536,B016,584000537898,Current,457890,Active,2/10/2013
ACC02004,U01435,B008,759885917373,Savings,288098,Active,7/12/2016
ACC02005,U03860,B004,535977628218,Savings,357269,Active,8/14/2017
ACC02006,U03107,B023,472351092355,Current,37073,Active,9/19/2018
ACC02007,U01572,B022,660080739844,Savings,144284,Active,11/11/2021
ACC02008,U03799,B007,575762270233,Savings,406419,Active,7/2/2012
ACC02009,U04188,B023,745660494811,Savings,84161,Active,8/29/2012
ACC02010,U01368,B003,560767511618,Savings,179578,Active,4/18/2020
ACC02011,U02172,B019,995758521809,Savings,322695,Active,9/3/2016
ACC02012,U00908,B011,138365081869,Savings,152567,Active,12/20/2019
ACC02013,U03879,B023,748776658126,Savings,495185,Active,11/4/2014
ACC02014,U00831,B007,133423640900,Savings,327438,Active,12/1/2015
ACC02015,U04120,B005,673226666330,Savings,240797,Active,8/6/2011
ACC02016,U04499,B019,730615312146,Savings,171771,Active,9/20/2021
ACC02017,U04360,B009,338354135693,Current,27613,Active,4/2/2014
ACC02018,U02708,B026,990588809813,Savings,315332,Active,1/15/2018
ACC02019,U03681,B021,921318423950,Savings,490744,Active,6/3/2014
ACC02020,U01340,B015,969998478199,Current,30617,Active,6/5/2017
ACC02021,U01416,B019,337904660309,Savings,94494,Active,12/20/2017
ACC02022,U01549,B029,956995994397,Savings,353552,Active,8/21/2015
ACC02023,U03514,B024,409134342017,Savings,144822,Active,12/11/2021
ACC02024,U00792,B008,712616302646,Savings,477856,Active,5/21/2011
ACC02025,U03789,B014,450068345975,Savings,245898,Active,1/7/2015
ACC02026,U04426,B012,919260197116,Savings,499862,Active,1/14/2019
ACC02027,U03695,B023,259281706213,Savings,399765,Active,4/26/2018
ACC02028,U00852,B019,699397020815,Savings,39911,Active,11/30/2017
ACC02029,U04501,B019,216510953630,Savings,298138,Active,1/30/2020
ACC02030,U02660,B030,852243723235,Savings,41428,Active,9/2/2014
ACC02031,U04840,B022,132669110604,Savings,224294,Active,12/7/2014
ACC02032,U03411,B030,345244489951,Savings,214862,Active,7/12/2011
ACC02033,U03099,B012,686456320743,Savings,4677,Active,9/24/2013
ACC02034,U04468,B030,613671859148,Savings,400978,Active,4/2/2020
ACC02035,U01843,B015,435561774398,Savings,152465,Active,5/24/2018
ACC02036,U00694,B014,883391236463,Savings,457918,Inactive,3/31/2014
ACC02037,U01830,B012,806964401367,Savings,497216,Active,10/16/2019
ACC02038,U00108,B024,678412582144,Savings,309002,Active,6/21/2020
ACC02039,U01074,B027,209596925264,Savings,43366,Active,2/23/2020
ACC02040,U03405,B028,740384526650,Current,203761,Active,2/3/2012
ACC02041,U04651,B013,984836382181,Savings,324735,Active,1/2/2015
ACC02042,U04816,B023,141865767184,Savings,20627,Active,1/9/2011
ACC02043,U01725,B030,154702247290,Savings,167753,Active,2/12/2011
ACC02044,U04620,B027,781437256693,Savings,50351,Active,7/6/2011
ACC02045,U04946,B005,668637878533,Savings,396942,Active,9/6/2012
ACC02046,U03801,B015,431875031760,Savings,33401,Active,7/29/2012
ACC02047,U04804,B005,882224132876,Savings,440487,Active,7/27/2020
ACC02048,U00371,B019,558811998148,Savings,390231,Active,5/12/2015
ACC02049,U03696,B028,488015416679,Current,127354,Active,12/14/2017
ACC02050,U02279,B008,831341962805,Savings,92435,Active,12/7/2013
ACC02051,U04171,B011,558237558464,Current,97751,Active,1/10/2013
ACC02052,U02723,B007,391580476431,Savings,313903,Active,11/21/2016
ACC02053,U04787,B006,296668601185,Savings,211130,Active,4/4/2015
ACC02054,U04862,B008,324175361430,Savings,194444,Active,7/31/2012
ACC02055,U02269,B022,616613594127,Savings,340575,Active,3/6/2019
ACC02056,U03262,B015,403393609600,Savings,114342,Active,2/18/2010
ACC02057,U04253,B021,428497155329,Savings,63230,Active,10/24/2016
ACC02058,U03383,B029,920704324048,Savings,168962,Active,8/4/2014
ACC02059,U03821,B029,932705998045,Savings,310742,Active,1/11/2012
ACC02060,U01431,B027,686460860683,Savings,396434,Active,12/28/2016
ACC02061,U03655,B003,514565165300,Savings,180113,Active,5/14/2011
ACC02062,U02655,B019,744173416644,Savings,103281,Active,6/29/2016
ACC02063,U00585,B019,882151534785,Savings,67409,Active,3/12/2021
ACC02064,U03015,B018,844818729931,Savings,347694,Active,11/13/2012
ACC02065,U03157,B024,748508337516,Savings,85792,Active,6/8/2023
ACC02066,U00830,B027,332820031523,Savings,126200,Active,4/29/2011
ACC02067,U00360,B026,296440842803,Savings,14594,Active,10/14/2022
ACC02068,U01180,B006,121054660955,Savings,320146,Inactive,5/30/2016
ACC02069,U04757,B023,105250387440,Savings,412379,Active,12/4/2013
ACC02070,U03862,B014,989545867751,Savings,367276,Active,2/19/2018
ACC02071,U03146,B013,628384121754,Savings,183609,Active,11/19/2018
ACC02072,U02281,B029,288786280343,Savings,469976,Active,7/18/2014
ACC02073,U02562,B025,392322348475,Savings,88351,Active,4/29/2015
ACC02074,U00780,B018,246601272482,Savings,271357,Active,3/31/2013
ACC02075,U01534,B021,745253821175,Savings,266096,Active,2/6/2014
ACC02076,U04397,B022,854263851031,Savings,290972,Active,3/9/2023
ACC02077,U01752,B006,585766868040,Current,137589,Active,6/23/2015
ACC02078,U02955,B006,424404200174,Savings,91301,Active,7/17/2014
ACC02079,U01743,B019,306830063949,Savings,146401,Active,6/19/2018
ACC02080,U03537,B014,999023536877,Savings,428092,Active,2/6/2014
ACC02081,U01925,B001,989375389518,Savings,26148,Active,1/13/2017
ACC02082,U01680,B008,844219283140,Savings,384238,Active,4/1/2023
ACC02083,U00790,B025,837307322515,Savings,16194,Active,4/22/2015
ACC02084,U04512,B021,686176449801,Savings,440682,Active,1/29/2011
ACC02085,U01945,B008,838392384076,Savings,254522,Active,7/16/2016
ACC02086,U04341,B009,774627654026,Savings,123667,Active,12/16/2023
ACC02087,U03282,B011,937253259672,Savings,376920,Active,8/13/2016
ACC02088,U01213,B008,828080048064,Savings,420935,Active,9/24/2010
ACC02089,U01935,B001,551270780751,Savings,432032,Active,9/30/2014
ACC02090,U02625,B005,627901527437,Savings,207516,Active,9/28/2014
ACC02091,U02883,B017,331101414487,Savings,422308,Active,2/14/2019
ACC02092,U03621,B016,728333501013,Savings,498638,Active,7/27/2014
ACC02093,U03475,B004,624399409941,Current,224208,Active,6/2/2012
ACC02094,U00960,B002,165285452817,Savings,248318,Inactive,11/30/2013
ACC02095,U01959,B007,934941258418,Savings,51486,Active,7/2/2024
ACC02096,U00883,B028,588669032718,Savings,419237,Active,5/28/2010
ACC02097,U03068,B027,104742418797,Savings,449479,Active,11/7/2014
ACC02098,U02828,B016,486376541528,Savings,194542,Active,3/6/2022
ACC02099,U00062,B002,430417656752,Savings,384665,Active,5/30/2019
ACC02100,U01561,B004,822593648009,Savings,412077,Active,7/16/2020
ACC02101,U01391,B028,252729061054,Savings,445148,Active,2/13/2015
ACC02102,U02447,B017,262059144866,Savings,177535,Active,3/29/2018
ACC02103,U04418,B030,229471564585,Savings,66756,Active,4/27/2020
ACC02104,U04552,B030,943953422471,Savings,12213,Active,6/23/2016
ACC02105,U01049,B029,330187160534,Savings,394139,Inactive,2/2/2021
ACC02106,U03777,B003,321735948158,Savings,36663,Active,1/11/2010
ACC02107,U01376,B005,485980557435,Savings,28636,Active,6/19/2024
ACC02108,U04268,B014,651665272205,Current,214860,Active,12/4/2013
ACC02109,U00541,B030,802390499111,Savings,277396,Active,2/13/2019
ACC02110,U02682,B006,531358603643,Savings,21235,Active,8/16/2018
ACC02111,U04179,B016,434221793453,Savings,53446,Active,12/21/2011
ACC02112,U02741,B019,515664566252,Savings,360927,Active,3/3/2018
ACC02113,U02221,B008,955915128020,Savings,141987,Active,10/19/2018
ACC02114,U04154,B012,871987079393,Savings,18137,Active,4/23/2017
ACC02115,U02763,B003,368860318748,Savings,240446,Active,8/15/2018
ACC02116,U01377,B025,815710273154,Savings,275889,Active,9/15/2012
ACC02117,U04467,B030,650911524756,Savings,24547,Active,11/4/2013
ACC02118,U00909,B018,824230589085,Savings,116276,Active,3/8/2013
ACC02119,U01200,B022,556972205392,Savings,138978,Active,10/15/2016
ACC02120,U01386,B007,585808169225,Savings,482730,Active,10/17/2014
ACC02121,U02240,B027,991408221904,Savings,65049,Active,8/27/2024
ACC02122,U03312,B009,462880954895,Savings,438116,Active,8/31/2011
ACC02123,U01995,B014,636414539338,Savings,54162,Active,4/4/2011
ACC02124,U03968,B016,568027550308,Savings,464495,Active,12/8/2017
ACC02125,U02625,B023,356586476646,Savings,362030,Active,2/18/2015
ACC02126,U04870,B020,509324211668,Savings,494820,Active,1/27/2018
ACC02127,U01508,B008,266864777100,Savings,390995,Active,6/22/2023
ACC02128,U00287,B022,282071607315,Savings,67662,Active,5/5/2011
ACC02129,U03095,B012,481615072477,Savings,461532,Active,8/24/2023
ACC02130,U00585,B013,684854135505,Savings,67286,Active,6/26/2015
ACC02131,U02164,B026,267993811597,Savings,368007,Active,10/24/2015
ACC02132,U02306,B016,414078525960,Current,264214,Active,2/1/2016
ACC02133,U01256,B021,346640530356,Savings,337730,Active,12/9/2016
ACC02134,U01049,B023,522543714901,Savings,57381,Active,12/14/2018
ACC02135,U02500,B009,805348765206,Savings,229779,Active,10/25/2012
ACC02136,U04674,B009,824037843615,Savings,127579,Active,8/12/2011
ACC02137,U03405,B018,727726329354,Savings,419203,Active,9/1/2010
ACC02138,U03449,B019,701473649674,Savings,36838,Active,9/4/2013
ACC02139,U03792,B009,778657575420,Savings,238144,Active,10/28/2017
ACC02140,U02071,B017,594589258232,Savings,498597,Active,3/12/2022
ACC02141,U01633,B030,599751868619,Savings,472767,Active,12/6/2018
ACC02142,U02749,B004,489171187411,Savings,442821,Active,7/22/2013
ACC02143,U01246,B015,517277715811,Savings,148256,Active,8/25/2012
ACC02144,U01166,B013,454107006637,Savings,37640,Active,1/6/2017
ACC02145,U00755,B022,566996051691,Savings,295742,Active,1/2/2013
ACC02146,U01221,B003,886864777729,Savings,306734,Active,4/4/2011
ACC02147,U04889,B011,695930666596,Savings,125538,Active,9/1/2010
ACC02148,U01051,B029,140020046555,Savings,45040,Active,9/21/2023
ACC02149,U04830,B006,846913640021,Savings,453333,Active,4/5/2019
ACC02150,U02724,B006,998382362123,Savings,95150,Active,3/17/2019
ACC02151,U00023,B028,186904372715,Savings,129062,Active,5/21/2022
ACC02152,U01367,B007,445643982417,Savings,194962,Active,4/22/2010
ACC02153,U01409,B002,646582574543,Savings,16835,Active,6/21/2012
ACC02154,U04497,B013,718333376727,Savings,336448,Active,6/21/2012
ACC02155,U00950,B027,187181813378,Current,199343,Active,11/10/2014
ACC02156,U00970,B005,341020043038,Savings,335574,Active,11/30/2016
ACC02157,U01052,B006,731824515853,Savings,420151,Active,7/23/2015
ACC02158,U03873,B018,882574686457,Savings,253056,Active,2/23/2016
ACC02159,U00116,B009,250029446954,Savings,43258,Active,8/8/2019
ACC02160,U04095,B004,293617435632,Savings,491503,Active,11/14/2011
ACC02161,U02546,B029,110919248880,Savings,216798,Active,7/30/2021
ACC02162,U02495,B024,420766464764,Savings,329062,Active,6/4/2015
ACC02163,U04791,B021,728634526047,Savings,433028,Active,3/4/2012
ACC02164,U02442,B004,596567057968,Savings,392047,Active,3/31/2016
ACC02165,U01024,B020,853618962101,Savings,422954,Active,3/12/2014
ACC02166,U03935,B027,800974880694,Savings,141773,Active,4/5/2016
ACC02167,U01474,B027,483575744358,Savings,499123,Active,3/23/2018
ACC02168,U02482,B007,127377472557,Savings,123627,Active,4/11/2013
ACC02169,U00228,B010,127344721495,Savings,447151,Active,9/6/2014
ACC02170,U00035,B009,599748131388,Savings,445977,Active,5/11/2016
ACC02171,U01449,B003,110469297868,Savings,144283,Active,11/8/2017
ACC02172,U02727,B018,876765882360,Savings,123953,Active,3/7/2015
ACC02173,U00195,B024,695824650052,Savings,201270,Active,7/1/2013
ACC02174,U04651,B030,810837457643,Savings,298133,Active,9/1/2011
ACC02175,U04044,B023,297365897988,Current,114021,Active,3/11/2018
ACC02176,U00348,B025,469379363166,Savings,109954,Active,2/3/2015
ACC02177,U01611,B024,716874693990,Savings,158988,Active,7/11/2012
ACC02178,U03414,B025,305391914127,Savings,485446,Active,6/16/2012
ACC02179,U04985,B028,517520161492,Savings,455354,Active,1/31/2014
ACC02180,U04787,B022,377745952432,Savings,469286,Active,3/25/2010
ACC02181,U04218,B010,372544956463,Savings,459372,Active,5/8/2018
ACC02182,U04486,B005,967930543184,Savings,73063,Active,8/10/2014
ACC02183,U02629,B020,544198643933,Savings,293914,Active,1/17/2013
ACC02184,U02028,B001,887040839103,Savings,424492,Active,7/18/2010
ACC02185,U01232,B007,388347545520,Savings,251728,Active,5/12/2010
ACC02186,U03183,B014,140120411327,Savings,195460,Active,4/3/2010
ACC02187,U00256,B022,554200382034,Savings,5820,Active,1/21/2013
ACC02188,U04517,B006,980736838387,Savings,430655,Active,4/29/2016
ACC02189,U02033,B007,199986490789,Savings,80855,Active,11/10/2014
ACC02190,U00362,B023,968648236453,Savings,310852,Active,6/16/2017
ACC02191,U02633,B029,465458441059,Savings,61560,Active,10/31/2010
ACC02192,U01544,B029,602647040028,Savings,259808,Active,4/10/2014
ACC02193,U00900,B020,901253371967,Savings,471321,Active,5/3/2019
ACC02194,U04627,B028,374759108884,Savings,49394,Active,3/19/2021
ACC02195,U01372,B025,114220693564,Savings,99333,Active,7/11/2020
ACC02196,U00574,B027,549252177885,Savings,440910,Active,1/28/2010
ACC02197,U02879,B017,749044040557,Savings,192063,Active,9/24/2016
ACC02198,U02779,B023,225602983766,Savings,185598,Active,2/1/2016
ACC02199,U04800,B004,865368763306,Savings,4540,Active,10/1/2017
ACC02200,U02570,B020,288554156740,Current,147589,Active,8/21/2015
ACC02201,U02894,B003,184560589944,Savings,228766,Active,11/1/2018
ACC02202,U00520,B020,113056159847,Savings,456311,Active,10/30/2014
ACC02203,U02925,B006,201068390735,Savings,370345,Active,5/22/2023
ACC02204,U04571,B006,458472063647,Savings,79473,Active,9/28/2018
ACC02205,U02482,B005,432196256012,Savings,90095,Active,6/14/2014
ACC02206,U00373,B014,566024572538,Savings,275406,Active,2/18/2012
ACC02207,U04483,B011,394252729736,Savings,497059,Active,1/11/2017
ACC02208,U04457,B015,684302039956,Savings,39483,Active,11/15/2017
ACC02209,U04999,B021,961674054471,Savings,36013,Active,12/21/2016
ACC02210,U02325,B021,954409555708,Savings,74565,Active,7/25/2020
ACC02211,U01061,B011,682353788065,Savings,207588,Active,7/29/2010
ACC02212,U04401,B014,942912121881,Savings,431451,Active,6/8/2020
ACC02213,U00087,B018,478196806992,Savings,204374,Active,10/17/2014
ACC02214,U02469,B028,828967804758,Savings,180296,Active,7/17/2020
ACC02215,U01484,B029,820825994566,Savings,129492,Active,8/5/2010
ACC02216,U01660,B017,835482470555,Savings,229371,Active,3/2/2019
ACC02217,U01914,B030,322952098595,Savings,475274,Active,3/18/2017
ACC02218,U00122,B027,476836481054,Savings,73258,Inactive,9/14/2011
ACC02219,U02672,B030,636340481188,Savings,343590,Active,9/18/2014
ACC02220,U02323,B005,588214200115,Savings,220744,Active,10/14/2011
ACC02221,U03857,B021,720965235560,Savings,305916,Active,4/9/2020
ACC02222,U01756,B019,685913637237,Savings,69183,Active,4/24/2013
ACC02223,U04444,B010,217231212221,Savings,178375,Active,7/5/2010
ACC02224,U04551,B019,964820082871,Savings,5490,Active,7/10/2016
ACC02225,U01303,B018,623167659875,Savings,382120,Active,5/1/2016
ACC02226,U04634,B020,195207128118,Savings,451047,Active,11/3/2022
ACC02227,U03680,B028,516244850848,Savings,155878,Active,4/7/2011
ACC02228,U02946,B009,388655168756,Savings,33831,Active,4/29/2018
ACC02229,U04018,B006,972826703107,Current,261347,Active,10/9/2013
ACC02230,U03669,B015,350668033965,Current,12012,Active,8/23/2010
ACC02231,U03127,B021,598682967040,Savings,301369,Active,7/19/2017
ACC02232,U00230,B018,634301908880,Savings,94032,Active,11/29/2019
ACC02233,U00643,B009,605499769994,Savings,213666,Active,10/18/2014
ACC02234,U02980,B018,373977243582,Savings,356924,Active,8/28/2017
ACC02235,U01421,B001,752762750120,Savings,455941,Active,3/30/2019
ACC02236,U04835,B009,555885369191,Savings,108454,Active,8/3/2021
ACC02237,U01695,B011,224457489587,Savings,357556,Active,6/9/2014
ACC02238,U00048,B007,123539254304,Savings,33191,Active,4/1/2016
ACC02239,U03493,B009,919847752889,Savings,19428,Active,12/24/2013
ACC02240,U01015,B029,510810489920,Savings,435530,Active,4/18/2017
ACC02241,U03175,B023,639460304669,Savings,331481,Active,8/19/2016
ACC02242,U01509,B009,730329754127,Savings,53557,Active,7/30/2013
ACC02243,U04933,B025,375448055915,Savings,102025,Active,8/17/2010
ACC02244,U03681,B002,352771100266,Current,449485,Active,8/4/2010
ACC02245,U03511,B011,707340438875,Savings,436699,Active,3/9/2011
ACC02246,U03790,B015,566283019196,Savings,304004,Active,5/30/2019
ACC02247,U00806,B014,717281002129,Savings,438866,Active,6/23/2012
ACC02248,U03155,B020,759785056598,Savings,459446,Active,1/15/2010
ACC02249,U04288,B027,959922039036,Savings,360541,Active,8/10/2015
ACC02250,U02595,B013,311373456776,Savings,120188,Active,5/8/2018
ACC02251,U02497,B017,949106410640,Current,88262,Active,2/4/2017
ACC02252,U02639,B029,137133968092,Savings,85690,Active,5/28/2020
ACC02253,U03059,B029,877488260243,Savings,396204,Active,10/17/2021
ACC02254,U02345,B023,736452310416,Savings,342714,Active,8/10/2013
ACC02255,U04923,B023,910546824089,Savings,107840,Active,12/9/2021
ACC02256,U00543,B010,289702004983,Savings,352394,Active,7/31/2015
ACC02257,U00660,B016,117942162337,Savings,256956,Active,2/4/2010
ACC02258,U00136,B016,461083849401,Savings,11813,Active,1/8/2015
ACC02259,U02523,B001,845101021983,Savings,92344,Active,10/7/2020
ACC02260,U04881,B011,994221485480,Savings,332275,Active,2/9/2018
ACC02261,U02005,B024,460467148840,Savings,331180,Active,4/20/2017
ACC02262,U03851,B028,944632645238,Savings,85184,Active,11/16/2010
ACC02263,U04355,B009,514597889945,Savings,243984,Active,4/10/2014
ACC02264,U01071,B007,839968847463,Savings,61736,Active,4/13/2016
ACC02265,U00778,B008,863794311357,Savings,34425,Active,11/21/2015
ACC02266,U04834,B026,904029585656,Savings,290716,Active,9/29/2014
ACC02267,U02613,B002,845955173702,Savings,72956,Active,3/10/2015
ACC02268,U03569,B010,272881280082,Savings,161618,Active,4/10/2010
ACC02269,U04993,B011,343128563722,Savings,394381,Active,3/13/2018
ACC02270,U00011,B026,544556920233,Savings,375418,Active,9/22/2023
ACC02271,U02538,B018,725845678632,Savings,434755,Active,8/18/2019
ACC02272,U02724,B007,887227042520,Savings,220280,Active,5/23/2016
ACC02273,U01402,B026,117071941057,Savings,274438,Active,11/29/2017
ACC02274,U02576,B002,646099631446,Savings,251662,Active,6/3/2012
ACC02275,U02810,B007,682464231707,Savings,357654,Active,2/27/2010
ACC02276,U01895,B017,543912858879,Savings,463756,Active,11/15/2023
ACC02277,U02536,B023,245466917348,Savings,97781,Active,5/31/2014
ACC02278,U04872,B029,706437914236,Savings,85330,Active,8/4/2023
ACC02279,U00822,B024,678040507239,Savings,490068,Active,4/14/2013
ACC02280,U01446,B004,475010269507,Savings,214979,Active,6/17/2013
ACC02281,U04468,B005,177888985982,Savings,63405,Active,1/5/2021
ACC02282,U00822,B025,706795781976,Savings,72306,Active,11/28/2018
ACC02283,U03584,B015,440063572431,Savings,18163,Active,7/30/2017
ACC02284,U04362,B023,590845021658,Savings,269377,Active,4/14/2014
ACC02285,U01980,B014,237283013210,Savings,349432,Active,12/20/2016
ACC02286,U03071,B024,684451269740,Savings,266291,Active,11/9/2014
ACC02287,U04335,B011,543769740401,Savings,458375,Active,8/15/2014
ACC02288,U04706,B012,799729201363,Savings,249850,Active,12/15/2022
ACC02289,U01678,B014,692470490592,Savings,13273,Active,3/28/2010
ACC02290,U03272,B029,145210997044,Savings,23080,Active,5/24/2018
ACC02291,U04232,B005,897024434099,Savings,454206,Active,1/19/2012
ACC02292,U01058,B026,446455182876,Savings,142123,Active,2/5/2025
ACC02293,U02694,B030,578035125257,Savings,112315,Active,5/10/2011
ACC02294,U01296,B002,438181879010,Savings,301944,Active,3/14/2011
ACC02295,U00216,B001,422914419310,Savings,12355,Active,8/12/2015
ACC02296,U02300,B009,960323210929,Savings,213264,Active,6/23/2017
ACC02297,U02079,B012,374889103277,Savings,34285,Active,1/26/2010
ACC02298,U04017,B004,524509327005,Current,473377,Active,10/17/2013
ACC02299,U00943,B014,165148833937,Savings,226192,Active,6/12/2021
ACC02300,U03719,B016,654534803937,Savings,473442,Active,11/10/2015
ACC02301,U03232,B023,524557704171,Current,97626,Active,5/27/2022
ACC02302,U01994,B025,640850228990,Savings,492064,Active,3/1/2019
ACC02303,U03001,B029,493095372660,Savings,50784,Active,1/14/2019
ACC02304,U01823,B021,595596566803,Savings,462968,Active,4/17/2012
ACC02305,U03757,B030,153480172116,Savings,443441,Active,5/1/2011
ACC02306,U01877,B017,441572747718,Savings,83973,Active,6/6/2010
ACC02307,U01860,B026,352927565049,Savings,400158,Active,1/21/2013
ACC02308,U00990,B027,530916391003,Savings,244823,Active,6/4/2020
ACC02309,U04196,B026,971659687246,Savings,76211,Active,6/5/2011
ACC02310,U02926,B025,758931397842,Savings,394734,Active,10/2/2013
ACC02311,U04035,B025,547498347532,Savings,470581,Active,8/2/2021
ACC02312,U01957,B017,261577698999,Savings,438393,Active,11/27/2016
ACC02313,U02179,B018,240571154073,Savings,333975,Active,5/29/2015
ACC02314,U04710,B013,558415568767,Savings,291901,Active,6/8/2016
ACC02315,U02832,B007,187927956434,Savings,407818,Inactive,6/25/2013
ACC02316,U03736,B022,490115413317,Savings,441871,Active,7/2/2014
ACC02317,U03161,B016,851902367854,Savings,383835,Active,4/29/2012
ACC02318,U02172,B028,824019867526,Savings,430749,Active,9/23/2024
ACC02319,U04438,B023,297833653684,Savings,314621,Active,3/13/2011
ACC02320,U02831,B025,904511451837,Savings,417095,Active,3/24/2010
ACC02321,U01722,B001,220806742740,Savings,21886,Active,1/2/2012
ACC02322,U02620,B008,101081412548,Savings,471004,Active,6/6/2013
ACC02323,U00304,B012,145716592901,Current,237484,Active,9/6/2012
ACC02324,U03657,B015,699103160594,Savings,198598,Active,10/20/2012
ACC02325,U03669,B017,533144813655,Savings,150180,Active,2/17/2021
ACC02326,U00679,B005,648165109735,Savings,493580,Active,11/7/2014
ACC02327,U04081,B001,602137347319,Savings,317016,Active,2/19/2021
ACC02328,U02805,B009,621030609915,Savings,433718,Active,7/5/2010
ACC02329,U01032,B023,502466782577,Savings,271333,Active,11/27/2011
ACC02330,U04836,B023,484358733290,Savings,478898,Active,2/16/2016
ACC02331,U01741,B027,915287406814,Savings,494073,Active,2/6/2012
ACC02332,U02250,B021,897825843144,Savings,420180,Active,5/14/2014
ACC02333,U04259,B002,508449192283,Savings,248867,Active,7/24/2013
ACC02334,U02995,B002,921127185064,Savings,114424,Active,10/4/2011
ACC02335,U03196,B002,270442724072,Savings,201553,Active,4/10/2013
ACC02336,U00331,B025,491152292547,Savings,72353,Active,11/8/2017
ACC02337,U02735,B022,203153050671,Savings,168259,Active,4/7/2021
ACC02338,U04499,B014,641677355950,Savings,204949,Active,6/19/2016
ACC02339,U01415,B028,625706677948,Savings,281483,Active,7/13/2014
ACC02340,U03494,B007,329402310498,Savings,218840,Active,10/19/2011
ACC02341,U04591,B030,798890798535,Savings,1650,Active,4/20/2018
ACC02342,U00332,B005,159162376334,Savings,168986,Active,8/24/2019
ACC02343,U02927,B006,172648810590,Savings,210695,Active,1/2/2012
ACC02344,U00710,B030,566047626061,Savings,264847,Inactive,2/12/2010
ACC02345,U01391,B029,482864557337,Savings,345383,Active,10/15/2014
ACC02346,U00070,B005,470058403659,Savings,11537,Active,12/1/2012
ACC02347,U04097,B001,522433704505,Savings,483314,Active,1/28/2015
ACC02348,U00065,B019,703477795874,Savings,73298,Active,8/19/2015
ACC02349,U01526,B022,935000289321,Savings,462412,Active,8/19/2010
ACC02350,U01234,B009,736102215747,Current,95637,Active,6/21/2016
ACC02351,U00458,B017,779436268441,Savings,219467,Active,11/27/2014
ACC02352,U04304,B016,434109038680,Savings,481843,Active,1/12/2014
ACC02353,U04692,B008,309309741908,Savings,121334,Active,2/23/2014
ACC02354,U03522,B021,757346796173,Savings,345656,Active,2/17/2016
ACC02355,U02624,B009,664365874512,Savings,398291,Active,2/3/2016
ACC02356,U02386,B007,135646302500,Savings,386935,Active,3/2/2011
ACC02357,U00493,B017,391999685675,Savings,370971,Active,1/21/2013
ACC02358,U01011,B018,851962169198,Savings,123983,Inactive,2/19/2015
ACC02359,U04685,B022,264728616824,Savings,109063,Active,11/14/2011
ACC02360,U03351,B009,355071359700,Savings,202390,Active,12/15/2017
ACC02361,U02165,B008,267384834337,Savings,282611,Active,11/2/2017
ACC02362,U02791,B005,716893081631,Savings,191769,Active,9/18/2021
ACC02363,U01951,B028,805897206490,Savings,216357,Active,5/4/2013
ACC02364,U01698,B013,552803693213,Current,152595,Active,5/20/2018
ACC02365,U04533,B001,497500227541,Savings,428528,Active,9/2/2019
ACC02366,U03141,B016,694171653768,Savings,289100,Active,9/12/2020
ACC02367,U02981,B013,949461740818,Savings,244109,Active,6/24/2020
ACC02368,U01739,B022,419217110025,Savings,195044,Active,3/16/2015
ACC02369,U03980,B012,377663307695,Savings,111029,Active,4/7/2017
ACC02370,U01769,B018,369851400063,Savings,377485,Active,3/24/2010
ACC02371,U03450,B015,776005150803,Savings,187983,Active,6/18/2010
ACC02372,U02144,B028,479358388226,Savings,202931,Active,2/20/2019
ACC02373,U04799,B009,470233072298,Savings,371719,Active,7/13/2011
ACC02374,U04189,B024,186965877403,Savings,490010,Active,4/8/2012
ACC02375,U02165,B009,864510912851,Savings,477445,Active,1/30/2012
ACC02376,U02640,B013,773949633683,Savings,383354,Active,4/30/2024
ACC02377,U02590,B006,747412518649,Savings,471432,Active,4/10/2012
ACC02378,U02317,B026,939770701235,Savings,341677,Active,11/18/2015
ACC02379,U01161,B018,584922235820,Savings,70033,Active,10/17/2017
ACC02380,U03209,B005,905747777219,Savings,166649,Active,6/18/2016
ACC02381,U00330,B017,656994811658,Savings,231888,Active,6/7/2016
ACC02382,U02219,B019,468687720092,Savings,312022,Active,1/6/2010
ACC02383,U00689,B008,468400674275,Savings,320285,Active,12/6/2013
ACC02384,U00378,B023,790708036434,Savings,52692,Active,7/1/2018
ACC02385,U03592,B004,260739980857,Savings,376553,Active,3/3/2012
ACC02386,U04531,B016,846899101967,Savings,401710,Active,2/24/2017
ACC02387,U00999,B014,425011121877,Savings,174515,Active,7/13/2017
ACC02388,U02944,B001,948947248951,Current,222147,Active,5/22/2010
ACC02389,U02481,B012,228290264095,Savings,46582,Active,12/8/2012
ACC02390,U01425,B001,144348353293,Savings,124081,Active,7/24/2019
ACC02391,U00865,B007,754727174240,Savings,449943,Active,11/17/2016
ACC02392,U00691,B015,203225348731,Savings,107911,Active,9/7/2012
ACC02393,U00043,B025,773118331270,Savings,480406,Active,4/5/2019
ACC02394,U03999,B027,104983118899,Savings,2202,Active,5/19/2012
ACC02395,U00694,B006,627079484239,Current,85134,Active,2/19/2015
ACC02396,U00436,B010,820153833420,Savings,493036,Active,11/17/2016
ACC02397,U00729,B010,738791364733,Savings,249920,Active,1/31/2011
ACC02398,U00924,B012,469419409565,Savings,136473,Active,1/21/2020
ACC02399,U02144,B029,327158355508,Savings,88528,Active,2/24/2013
ACC02400,U00405,B011,487061651835,Savings,368159,Active,10/23/2012
ACC02401,U02515,B021,545051711484,Savings,239164,Active,11/28/2013
ACC02402,U00895,B021,949226650411,Savings,336484,Active,3/22/2013
ACC02403,U02660,B029,753223811138,Savings,35385,Active,11/27/2013
ACC02404,U04998,B018,153518789984,Savings,152006,Active,3/21/2015
ACC02405,U04341,B019,518264622047,Savings,148738,Active,12/30/2011
ACC02406,U01817,B025,328031682160,Savings,36104,Active,3/19/2012
ACC02407,U01488,B005,121260408904,Savings,16746,Active,3/5/2024
ACC02408,U03660,B021,582312666130,Savings,162070,Active,5/8/2014
ACC02409,U02399,B025,274723580404,Savings,346746,Active,11/3/2014
ACC02410,U02890,B019,653232164709,Savings,338493,Active,12/8/2016
ACC02411,U00006,B024,857822360276,Savings,483919,Active,9/14/2014
ACC02412,U00694,B019,580208872648,Savings,155489,Active,5/15/2010
ACC02413,U00715,B003,749282292246,Savings,156486,Active,9/6/2010
ACC02414,U04402,B020,330611058825,Savings,493466,Active,4/11/2018
ACC02415,U02650,B011,294589552056,Savings,378404,Active,1/31/2010
ACC02416,U02550,B011,820740042679,Savings,218720,Active,12/30/2018
ACC02417,U01317,B017,584410341339,Savings,190626,Active,12/4/2020
ACC02418,U00006,B027,862806193576,Savings,260052,Active,6/12/2020
ACC02419,U00023,B017,705870806879,Savings,68396,Active,7/25/2017
ACC02420,U04888,B014,759615624752,Savings,88592,Active,3/11/2010
ACC02421,U01472,B004,889996601855,Savings,322260,Active,3/12/2019
ACC02422,U04615,B008,841609322498,Savings,117469,Active,10/22/2022
ACC02423,U04056,B026,189600427666,Savings,294993,Active,1/28/2013
ACC02424,U02847,B014,831909161362,Savings,2576,Active,12/27/2017
ACC02425,U02173,B006,849857897676,Savings,370256,Active,10/15/2019
ACC02426,U03287,B008,396409538391,Savings,463624,Active,2/16/2010
ACC02427,U00831,B005,399220288031,Savings,489989,Active,4/18/2017
ACC02428,U01841,B020,246359493967,Savings,450396,Active,9/3/2015
ACC02429,U01337,B029,473466918961,Savings,248493,Active,4/13/2013
ACC02430,U01556,B025,779211887494,Savings,494297,Active,1/21/2013
ACC02431,U01733,B026,392576829523,Savings,88382,Active,5/30/2023
ACC02432,U03581,B003,206104951520,Savings,110107,Active,9/9/2017
ACC02433,U01370,B030,549976158029,Savings,281577,Active,8/5/2016
ACC02434,U03107,B007,179791009974,Savings,364923,Active,7/21/2016
ACC02435,U00926,B007,205222093188,Savings,164023,Active,5/13/2016
ACC02436,U01597,B012,239334191112,Savings,337031,Active,11/2/2011
ACC02437,U03511,B004,974883021088,Savings,340913,Active,5/5/2018
ACC02438,U00666,B015,773751146236,Savings,265751,Active,9/25/2016
ACC02439,U00494,B021,573557862806,Savings,404477,Active,4/26/2013
ACC02440,U02594,B016,603644827680,Current,413411,Active,10/31/2017
ACC02441,U04797,B022,859948979313,Savings,130711,Active,1/30/2016
ACC02442,U01490,B017,165157732670,Savings,218816,Active,1/7/2019
ACC02443,U00418,B016,510110905217,Savings,6252,Active,7/25/2018
ACC02444,U01523,B018,896698112996,Savings,137106,Active,6/8/2012
ACC02445,U03055,B030,111407088799,Savings,67089,Active,4/8/2011
ACC02446,U01213,B020,206099663465,Savings,157820,Active,1/25/2012
ACC02447,U03916,B002,272334421502,Savings,411822,Active,10/11/2010
ACC02448,U03869,B023,251243039759,Savings,283691,Active,5/7/2021
ACC02449,U00727,B018,197263364319,Savings,485551,Active,2/1/2014
ACC02450,U01617,B020,198624040127,Savings,341293,Active,12/4/2012
ACC02451,U02908,B020,732609138693,Savings,479017,Active,2/22/2022
ACC02452,U04046,B015,103055930158,Savings,460341,Active,9/21/2014
ACC02453,U04044,B026,669728580815,Savings,284310,Active,3/25/2013
ACC02454,U04907,B022,166007101352,Savings,205917,Active,1/18/2019
ACC02455,U03718,B004,725380092263,Savings,239591,Active,11/13/2010
ACC02456,U02692,B018,309981411860,Savings,24519,Active,4/30/2012
ACC02457,U03201,B011,800527284644,Savings,180573,Active,4/7/2013
ACC02458,U03566,B014,657603632362,Savings,136995,Active,12/19/2010
ACC02459,U00284,B021,153238190666,Savings,395254,Active,2/27/2014
ACC02460,U04302,B011,470708253960,Savings,319933,Active,11/26/2011
ACC02461,U00523,B001,700482553616,Savings,151608,Active,9/29/2020
ACC02462,U01047,B010,728362238881,Savings,409485,Active,7/7/2014
ACC02463,U02251,B007,633977165730,Savings,479774,Active,11/6/2013
ACC02464,U04732,B015,779634042172,Savings,272582,Active,2/2/2016
ACC02465,U00677,B029,551092269977,Savings,406299,Active,6/6/2022
ACC02466,U00683,B020,738270994498,Savings,211273,Active,1/26/2021
ACC02467,U01359,B026,679230895583,Current,260553,Active,5/27/2010
ACC02468,U03813,B019,532528603156,Savings,195940,Active,6/8/2020
ACC02469,U00577,B006,306876103837,Savings,19177,Active,3/29/2018
ACC02470,U03532,B002,915367489624,Savings,195245,Active,6/8/2018
ACC02471,U04523,B014,857773872489,Savings,403946,Active,6/29/2012
ACC02472,U03827,B028,684367215103,Savings,89485,Active,1/8/2023
ACC02473,U03195,B030,400076798581,Savings,408265,Active,11/4/2023
ACC02474,U04086,B017,820863821464,Savings,3319,Active,10/21/2016
ACC02475,U01799,B027,444439602743,Savings,337027,Active,4/9/2012
ACC02476,U04662,B011,134553096167,Savings,186362,Active,10/17/2010
ACC02477,U01438,B006,278907738340,Savings,220112,Active,12/14/2010
ACC02478,U00194,B003,275364464421,Savings,348569,Active,7/10/2013
ACC02479,U03481,B009,542895957425,Savings,113149,Active,8/30/2010
ACC02480,U00320,B012,920854235996,Savings,245283,Active,5/4/2017
ACC02481,U03846,B014,642205682649,Savings,157557,Active,8/6/2016
ACC02482,U04305,B002,594567899988,Savings,41021,Active,1/26/2010
ACC02483,U02388,B013,275917980334,Savings,87263,Active,2/23/2010
ACC02484,U03868,B012,385778526013,Savings,263411,Active,2/13/2018
ACC02485,U04675,B007,685118373822,Savings,87273,Active,4/19/2013
ACC02486,U02315,B020,396662300663,Savings,336131,Active,11/15/2022
ACC02487,U03712,B029,490458722556,Savings,270616,Active,4/2/2013
ACC02488,U04444,B029,782346379362,Savings,499518,Active,9/4/2013
ACC02489,U03893,B020,726969907359,Savings,96647,Active,3/25/2011
ACC02490,U02467,B017,377528723491,Savings,127463,Active,12/19/2012
ACC02491,U02330,B029,416846538783,Savings,443664,Active,5/3/2016
ACC02492,U04645,B028,303664758223,Savings,138897,Active,11/5/2012
ACC02493,U01025,B026,992169770524,Savings,235036,Active,1/3/2022
ACC02494,U01753,B021,568350506607,Savings,387520,Active,2/28/2011
ACC02495,U04433,B002,797389003873,Savings,216896,Active,5/25/2016
ACC02496,U04333,B005,649350041974,Savings,461695,Active,10/14/2020
ACC02497,U02224,B017,639335871525,Savings,42178,Active,11/21/2015
ACC02498,U04824,B027,230244050506,Savings,124501,Active,5/20/2011
ACC02499,U04039,B024,189392414397,Savings,436271,Active,9/26/2020
ACC02500,U01681,B012,671682204602,Savings,181336,Active,5/6/2010
ACC02501,U02658,B005,193693106568,Savings,233559,Active,8/8/2013
ACC02502,U03695,B026,746411413527,Savings,278686,Active,4/9/2013
ACC02503,U04582,B024,419303908653,Savings,31994,Active,9/21/2022
ACC02504,U00757,B008,588974566786,Current,245149,Active,4/11/2022
ACC02505,U03619,B005,746519593864,Savings,236969,Active,5/18/2020
ACC02506,U04060,B007,452962700625,Savings,39483,Active,6/15/2021
ACC02507,U04081,B017,840863380678,Savings,464436,Active,2/20/2013
ACC02508,U00209,B006,509356995265,Savings,2288,Active,5/16/2019
ACC02509,U02233,B025,712809671680,Savings,232423,Active,12/17/2016
ACC02510,U04556,B007,469059948193,Savings,439351,Active,12/3/2013
ACC02511,U01781,B021,436715342166,Savings,432924,Active,6/23/2017
ACC02512,U01936,B020,152258121195,Savings,448864,Active,3/19/2018
ACC02513,U04460,B025,812153666575,Savings,321077,Active,11/21/2017
ACC02514,U01043,B021,484399502624,Savings,373293,Active,2/6/2019
ACC02515,U03005,B013,821542393056,Savings,71053,Active,2/17/2017
ACC02516,U00683,B014,251813191667,Savings,42231,Active,12/30/2013
ACC02517,U00821,B027,499265635414,Savings,180231,Active,9/14/2017
ACC02518,U00114,B005,959169916938,Savings,389495,Active,6/8/2012
ACC02519,U03864,B019,205534108926,Savings,425301,Active,3/23/2023
ACC02520,U03458,B003,502720134770,Savings,67620,Active,5/12/2012
ACC02521,U01273,B025,346331607850,Savings,450506,Active,3/25/2024
ACC02522,U01413,B011,759384359104,Savings,176653,Active,4/25/2019
ACC02523,U00967,B003,811686262070,Current,304775,Active,12/15/2021
ACC02524,U00862,B004,277760810388,Savings,346232,Active,1/12/2015
ACC02525,U02638,B020,121945893967,Savings,233233,Active,1/25/2024
ACC02526,U04554,B014,377109789950,Savings,75572,Active,12/31/2012
ACC02527,U00480,B018,313509715148,Savings,166372,Active,5/25/2014
ACC02528,U00481,B015,813389305347,Savings,298908,Active,5/9/2020
ACC02529,U03253,B009,390611792862,Savings,383112,Active,6/18/2019
ACC02530,U00155,B027,609485383597,Savings,448951,Active,11/7/2020
ACC02531,U02846,B012,528402921129,Savings,280550,Active,9/10/2018
ACC02532,U01136,B019,334098096747,Savings,206375,Active,2/22/2017
ACC02533,U03978,B014,510159878244,Savings,265473,Active,5/15/2020
ACC02534,U04083,B013,724878833161,Savings,115440,Active,11/9/2011
ACC02535,U04196,B001,596754456168,Savings,178918,Active,9/9/2020
ACC02536,U01150,B012,727470815038,Savings,307081,Active,6/23/2010
ACC02537,U04337,B014,208707064659,Savings,235751,Active,7/6/2018
ACC02538,U02595,B008,525188474111,Savings,223542,Active,8/18/2016
ACC02539,U03754,B024,764199833513,Savings,310961,Active,5/9/2012
ACC02540,U04043,B027,506944123742,Savings,417811,Active,12/3/2022
ACC02541,U04905,B009,897477335694,Savings,464211,Active,9/24/2015
ACC02542,U01148,B025,839161258318,Savings,231731,Active,8/11/2014
ACC02543,U02103,B026,842831703613,Savings,375473,Active,6/23/2016
ACC02544,U01927,B018,227115108129,Savings,182068,Active,12/7/2012
ACC02545,U02560,B012,989341290518,Savings,2834,Active,7/22/2013
ACC02546,U03150,B008,393495038381,Savings,426425,Active,4/4/2017
ACC02547,U01025,B005,569387305507,Savings,307995,Active,5/7/2014
ACC02548,U02348,B022,555874311267,Savings,320146,Active,1/27/2023
ACC02549,U04972,B030,208571590986,Savings,362842,Active,11/11/2018
ACC02550,U01643,B004,837695846164,Savings,200919,Active,12/1/2010
ACC02551,U04477,B002,869377930384,Savings,22060,Active,6/6/2017
ACC02552,U01804,B025,142991728684,Savings,129523,Active,12/23/2017
ACC02553,U02549,B003,937017529358,Savings,173902,Active,5/14/2015
ACC02554,U01886,B029,376520024640,Savings,187241,Active,6/24/2019
ACC02555,U04940,B008,992871791352,Savings,61412,Active,12/10/2012
ACC02556,U01322,B014,569170675042,Savings,80345,Active,12/19/2020
ACC02557,U01091,B025,796802318706,Savings,339496,Active,7/1/2018
ACC02558,U01687,B012,385239099735,Savings,420101,Active,8/22/2010
ACC02559,U01714,B001,646576717889,Savings,143782,Active,4/9/2018
ACC02560,U03913,B021,467964017328,Savings,118612,Active,10/15/2013
ACC02561,U03844,B005,447316344413,Savings,347683,Active,7/31/2019
ACC02562,U04464,B011,227116039402,Savings,111234,Active,11/24/2012
ACC02563,U00787,B012,818144108006,Savings,45795,Active,4/15/2010
ACC02564,U00329,B030,467043422463,Savings,215097,Active,11/22/2018
ACC02565,U01003,B016,619970520421,Savings,13729,Active,6/10/2013
ACC02566,U01075,B004,757291120359,Savings,144845,Active,4/7/2016
ACC02567,U00849,B011,418540238083,Savings,94841,Active,12/28/2010
ACC02568,U02409,B009,587964298372,Savings,175031,Active,1/8/2012
ACC02569,U02990,B023,735954808392,Savings,342157,Active,2/5/2011
ACC02570,U02060,B024,247047924166,Savings,92089,Active,7/21/2011
ACC02571,U03173,B030,936732432505,Current,114826,Active,6/15/2017
ACC02572,U01786,B022,639056765555,Savings,443955,Active,1/5/2021
ACC02573,U00914,B011,352901985343,Savings,413673,Active,4/26/2012
ACC02574,U01686,B003,865091059082,Savings,458747,Active,5/17/2015
ACC02575,U01635,B018,876138857106,Savings,18166,Active,2/2/2010
ACC02576,U04769,B030,706285938687,Savings,182286,Active,9/3/2016
ACC02577,U04450,B020,235661167044,Savings,158156,Active,5/14/2020
ACC02578,U01936,B018,188002502136,Savings,215290,Active,11/4/2019
ACC02579,U01726,B003,478314203144,Savings,176215,Active,8/13/2013
ACC02580,U01052,B020,920145541126,Savings,86744,Active,7/24/2016
ACC02581,U02535,B003,151050958312,Savings,371721,Active,7/21/2022
ACC02582,U03244,B030,371882653106,Savings,3675,Active,3/5/2012
ACC02583,U00612,B023,105962003234,Savings,371871,Active,1/30/2019
ACC02584,U04073,B001,716000210714,Savings,493085,Active,9/13/2015
ACC02585,U01927,B012,916177605475,Savings,1469,Active,10/3/2016
ACC02586,U00222,B017,819794718392,Savings,160004,Active,1/14/2014
ACC02587,U00181,B029,375332351856,Savings,217798,Active,3/15/2012
ACC02588,U02641,B012,847537288854,Savings,61492,Active,6/12/2023
ACC02589,U02875,B024,814225644784,Savings,318301,Active,3/20/2015
ACC02590,U04868,B012,439584607526,Savings,480477,Active,7/7/2013
ACC02591,U01102,B025,762002752435,Savings,299685,Active,8/24/2011
ACC02592,U04700,B028,344723932220,Savings,46615,Active,3/22/2018
ACC02593,U04794,B019,229991082853,Savings,390893,Active,11/13/2019
ACC02594,U03525,B023,846741117215,Current,331120,Active,12/3/2013
ACC02595,U04340,B023,854040270176,Savings,196461,Active,10/18/2014
ACC02596,U02642,B004,261927611713,Savings,294436,Active,4/10/2011
ACC02597,U01512,B012,493409270927,Savings,189709,Active,7/21/2020
ACC02598,U00754,B006,484390994828,Savings,57135,Active,11/28/2024
ACC02599,U00063,B006,792217828034,Savings,128508,Active,11/25/2013
ACC02600,U03989,B030,131946048001,Savings,191545,Active,1/19/2023
ACC02601,U04629,B022,363827552105,Savings,90757,Active,10/23/2012
ACC02602,U03924,B026,448687619555,Savings,262426,Active,4/19/2016
ACC02603,U00097,B018,269807121742,Savings,413590,Active,2/24/2019
ACC02604,U01533,B030,981299997574,Savings,170630,Active,11/27/2015
ACC02605,U01503,B030,270159014115,Savings,139324,Active,4/18/2014
ACC02606,U02641,B015,906439489577,Savings,275734,Active,1/22/2023
ACC02607,U03447,B001,268373859496,Savings,398916,Active,11/30/2018
ACC02608,U03735,B013,769139636765,Savings,43700,Active,6/11/2015
ACC02609,U04071,B026,813189932135,Savings,409919,Active,4/27/2020
ACC02610,U04633,B024,905436640749,Savings,72203,Active,10/21/2018
ACC02611,U04363,B019,540936876228,Savings,256618,Active,2/19/2020
ACC02612,U04241,B016,138296567567,Savings,410205,Active,1/9/2015
ACC02613,U01780,B001,733963907871,Savings,333407,Active,2/18/2010
ACC02614,U03688,B005,928948000783,Savings,288720,Active,11/18/2014
ACC02615,U00419,B023,100310462744,Savings,8631,Active,8/8/2017
ACC02616,U00090,B026,812503953720,Savings,357712,Active,5/10/2018
ACC02617,U03447,B017,601765635962,Savings,85564,Active,2/5/2019
ACC02618,U01594,B012,284281447067,Savings,149876,Active,10/23/2017
ACC02619,U00318,B017,651322634558,Savings,107153,Active,1/31/2013
ACC02620,U00456,B025,896912503226,Savings,255570,Active,9/2/2012
ACC02621,U02925,B017,962527221748,Current,169915,Active,2/13/2023
ACC02622,U01231,B028,532804933418,Savings,61425,Active,11/19/2017
ACC02623,U02794,B025,481856305516,Savings,368237,Active,9/3/2017
ACC02624,U04823,B025,986714290081,Savings,412893,Active,5/12/2013
ACC02625,U02402,B020,463508070097,Savings,437816,Active,1/1/2019
ACC02626,U02422,B021,924933202713,Savings,137029,Active,10/15/2019
ACC02627,U01127,B025,943282373229,Savings,447747,Active,4/3/2012
ACC02628,U02670,B018,445987369940,Savings,92963,Active,8/7/2015
ACC02629,U04427,B025,981942473487,Savings,452583,Active,3/17/2020
ACC02630,U03967,B018,505728277770,Savings,447614,Active,12/7/2011
ACC02631,U00160,B024,221945451487,Current,36901,Active,11/8/2016
ACC02632,U01231,B001,140894977360,Savings,443981,Active,7/13/2019
ACC02633,U03083,B017,638370900398,Savings,156248,Active,7/15/2018
ACC02634,U00472,B030,156098352046,Savings,38150,Active,8/12/2011
ACC02635,U00060,B014,415193783681,Savings,119568,Inactive,3/23/2010
ACC02636,U03501,B019,841824540290,Savings,58496,Active,2/23/2014
ACC02637,U04087,B014,285873397350,Savings,221452,Active,1/22/2019
ACC02638,U03301,B010,817735793943,Savings,170539,Active,12/25/2018
ACC02639,U02240,B024,965907627258,Savings,113179,Active,2/4/2019
ACC02640,U01676,B008,636599286730,Savings,447157,Active,11/6/2014
ACC02641,U03182,B004,244531796971,Savings,281778,Active,12/19/2016
ACC02642,U04368,B029,362608632302,Savings,428588,Active,4/3/2016
ACC02643,U01179,B014,280048309556,Savings,445589,Active,6/20/2016
ACC02644,U03116,B002,252879726015,Savings,220701,Active,11/27/2016
ACC02645,U04978,B004,862616465661,Savings,40258,Active,2/10/2013
ACC02646,U00529,B003,836857815699,Savings,152923,Active,2/23/2014
ACC02647,U02596,B024,492696389636,Savings,91846,Active,1/5/2016
ACC02648,U02919,B001,240321510869,Savings,374185,Active,6/26/2019
ACC02649,U02177,B011,494076238345,Savings,22490,Active,8/10/2013
ACC02650,U02802,B014,939708969939,Savings,74135,Active,6/7/2021
ACC02651,U01687,B010,637831840340,Savings,391505,Active,12/17/2017
ACC02652,U01450,B008,194676914201,Savings,353184,Active,12/19/2014
ACC02653,U01594,B024,912155288247,Savings,293512,Active,5/9/2014
ACC02654,U00841,B014,393325513258,Savings,152869,Active,1/3/2019
ACC02655,U02757,B019,566511161889,Savings,355367,Active,1/1/2017
ACC02656,U04756,B018,502888517198,Savings,320168,Active,6/13/2014
ACC02657,U03424,B009,884758674884,Savings,431739,Active,11/20/2014
ACC02658,U02745,B021,475964756113,Savings,54070,Active,6/22/2022
ACC02659,U04400,B019,875470819326,Savings,107631,Active,9/10/2013
ACC02660,U04089,B019,827117821996,Savings,346256,Active,4/4/2010
ACC02661,U00872,B022,284448663289,Savings,125985,Active,2/23/2024
ACC02662,U01823,B028,135764877444,Savings,25550,Active,2/22/2016
ACC02663,U02525,B026,775750218126,Savings,147801,Active,5/21/2015
ACC02664,U00913,B010,151885094954,Savings,476379,Active,8/30/2018
ACC02665,U02537,B014,924638443557,Savings,206005,Active,9/6/2023
ACC02666,U02231,B012,289405043445,Savings,68028,Active,4/27/2016
ACC02667,U03646,B002,438130077387,Savings,229613,Active,4/24/2018
ACC02668,U00833,B004,466065688576,Savings,215920,Active,8/29/2014
ACC02669,U02612,B001,139464220702,Savings,280024,Active,3/31/2010
ACC02670,U00716,B016,902434938313,Savings,236310,Active,4/19/2014
ACC02671,U00346,B011,845204124365,Savings,98598,Active,4/13/2013
ACC02672,U02900,B028,345140011780,Savings,35603,Active,10/5/2018
ACC02673,U02404,B030,537664700858,Savings,320733,Active,5/14/2012
ACC02674,U04985,B018,388986697605,Savings,333563,Active,1/27/2021
ACC02675,U02592,B017,411174474372,Savings,32194,Active,5/9/2018
ACC02676,U04908,B008,380715208379,Savings,384166,Active,10/8/2010
ACC02677,U02698,B017,206184200867,Savings,392864,Active,3/1/2015
ACC02678,U00485,B016,966090679526,Savings,401665,Active,11/30/2020
ACC02679,U01615,B028,565634735667,Savings,206536,Active,1/27/2012
ACC02680,U03786,B030,597867352592,Savings,303873,Active,2/1/2023
ACC02681,U02196,B015,800148931008,Savings,12852,Active,2/1/2015
ACC02682,U01036,B008,382783868918,Savings,18589,Active,4/23/2012
ACC02683,U03971,B018,395465969351,Savings,262601,Active,12/21/2021
ACC02684,U04397,B012,716146999172,Savings,100643,Active,7/18/2023
ACC02685,U02659,B026,347235344672,Savings,254067,Active,9/10/2013
ACC02686,U04697,B003,350041219070,Savings,277260,Active,10/21/2013
ACC02687,U02487,B024,634515199529,Savings,119621,Active,1/23/2016
ACC02688,U04173,B003,880324568939,Savings,359160,Active,5/3/2018
ACC02689,U02695,B009,427271848254,Savings,263726,Active,8/26/2015
ACC02690,U03761,B020,517520631703,Savings,461155,Active,3/23/2016
ACC02691,U00560,B009,542264131611,Savings,52668,Active,2/12/2013
ACC02692,U03930,B007,118424094942,Savings,158565,Active,11/19/2016
ACC02693,U04943,B008,798863146301,Savings,185142,Active,1/13/2010
ACC02694,U02333,B006,938751733427,Savings,338622,Active,2/21/2011
ACC02695,U02925,B009,518088324755,Current,320083,Active,6/1/2019
ACC02696,U01553,B014,225312063239,Savings,13322,Active,9/28/2010
ACC02697,U01690,B009,339369052825,Savings,132713,Active,1/14/2021
ACC02698,U03058,B028,935987349239,Savings,39203,Active,3/10/2012
ACC02699,U02981,B014,228598509080,Savings,420921,Active,4/27/2011
ACC02700,U03787,B011,415887810791,Savings,97781,Active,12/9/2010
ACC02701,U03265,B023,645758481884,Savings,166795,Active,1/18/2011
ACC02702,U04182,B004,939490813851,Savings,222399,Active,11/18/2018
ACC02703,U03113,B015,542167881693,Savings,126634,Inactive,10/9/2016
ACC02704,U01626,B015,842246769314,Current,36860,Active,4/24/2021
ACC02705,U03437,B028,387702552558,Savings,25785,Active,8/31/2015
ACC02706,U04353,B021,719825132254,Savings,13218,Active,7/28/2014
ACC02707,U02524,B024,168677983833,Savings,489963,Active,8/29/2010
ACC02708,U02443,B015,953958023422,Savings,476586,Active,11/2/2018
ACC02709,U00971,B030,122617674250,Savings,140769,Inactive,4/23/2018
ACC02710,U02765,B018,226548848361,Savings,182210,Active,12/18/2018
ACC02711,U00622,B027,678161998564,Savings,304042,Active,9/28/2018
ACC02712,U03317,B010,235827221139,Savings,12792,Active,1/15/2014
ACC02713,U03695,B022,206411000989,Savings,387016,Active,6/11/2019
ACC02714,U04671,B007,517668868675,Savings,383369,Active,9/23/2019
ACC02715,U03165,B012,432813766788,Savings,127871,Active,8/17/2016
ACC02716,U02903,B010,721431118155,Savings,473832,Active,8/19/2010
ACC02717,U03067,B004,766534386663,Savings,370435,Active,1/8/2021
ACC02718,U01731,B005,564307588298,Savings,233503,Active,11/4/2017
ACC02719,U01842,B022,167602589859,Savings,340607,Active,3/29/2017
ACC02720,U01034,B013,897113311409,Savings,197419,Active,11/20/2019
ACC02721,U04186,B021,455222177252,Savings,249640,Active,9/25/2020
ACC02722,U04501,B009,368491922220,Savings,110165,Active,10/25/2016
ACC02723,U03144,B015,949267654140,Savings,178638,Active,4/18/2011
ACC02724,U03162,B018,482053885111,Savings,246414,Active,8/27/2020
ACC02725,U01506,B008,112612086563,Savings,338210,Active,7/23/2015
ACC02726,U00269,B014,290027657380,Savings,108865,Active,9/11/2015
ACC02727,U03911,B028,889718997842,Savings,253551,Active,10/2/2016
ACC02728,U03082,B026,456546480497,Savings,39600,Active,5/8/2015
ACC02729,U03675,B014,602248654730,Savings,23539,Active,6/10/2011
ACC02730,U02812,B015,474515279039,Savings,286896,Active,11/21/2012
ACC02731,U01804,B004,494344125847,Savings,377852,Active,2/18/2012
ACC02732,U00837,B007,254271825250,Savings,206753,Active,11/19/2013
ACC02733,U02311,B027,699648148737,Savings,470870,Active,11/30/2013
ACC02734,U01855,B022,311308297980,Savings,19348,Active,10/27/2010
ACC02735,U01055,B016,306432772926,Savings,50306,Active,3/31/2010
ACC02736,U04975,B003,476868559921,Savings,134033,Active,2/17/2018
ACC02737,U04831,B023,872987008413,Savings,390604,Active,9/25/2013
ACC02738,U00368,B021,987198467385,Savings,303091,Active,3/18/2019
ACC02739,U00780,B018,485260494528,Savings,239711,Active,7/24/2019
ACC02740,U01227,B014,349873484892,Savings,392577,Active,10/16/2014
ACC02741,U04929,B028,623024547996,Savings,215498,Active,4/10/2015
ACC02742,U02765,B018,774088754038,Savings,178248,Active,6/6/2012
ACC02743,U04133,B013,615964751738,Savings,381702,Active,3/27/2011
ACC02744,U00888,B029,111168514279,Savings,209505,Active,10/10/2013
ACC02745,U02792,B022,696087900522,Savings,44212,Active,5/27/2013
ACC02746,U03969,B014,433959656079,Savings,80895,Active,4/19/2011
ACC02747,U01028,B026,162960851781,Savings,251522,Active,10/25/2012
ACC02748,U04082,B021,615200768457,Savings,427374,Active,2/16/2020
ACC02749,U01558,B021,947716106915,Savings,385141,Active,12/20/2020
ACC02750,U02780,B021,789523382369,Savings,310069,Active,6/3/2016
ACC02751,U03693,B001,497258904066,Savings,2742,Active,5/17/2011
ACC02752,U00285,B023,809324059137,Savings,369150,Active,3/13/2012
ACC02753,U04966,B021,104072394146,Savings,335376,Active,2/1/2013
ACC02754,U03046,B005,156824160463,Savings,335038,Active,6/15/2015
ACC02755,U02663,B012,524626516798,Savings,141208,Active,12/20/2017
ACC02756,U04734,B027,913488161345,Savings,80336,Active,3/21/2017
ACC02757,U01230,B002,417596699141,Savings,371843,Active,2/15/2012
ACC02758,U00798,B026,811860317539,Savings,400849,Active,7/13/2010
ACC02759,U01861,B006,360526564732,Savings,187170,Active,8/7/2016
ACC02760,U02379,B020,573316950544,Savings,74125,Active,7/4/2018
ACC02761,U03137,B016,937382463039,Savings,13787,Active,5/29/2022
ACC02762,U04322,B003,720840210744,Savings,27754,Active,10/6/2018
ACC02763,U03505,B016,642674396137,Savings,434934,Active,2/5/2011
ACC02764,U04217,B008,318082592115,Savings,122061,Active,10/2/2013
ACC02765,U04936,B010,886859542184,Savings,177248,Active,4/2/2013
ACC02766,U04947,B017,218652211600,Savings,158721,Active,8/15/2010
ACC02767,U02875,B014,539896338908,Savings,190055,Active,8/3/2013
ACC02768,U03535,B009,162550977123,Savings,496765,Active,9/18/2021
ACC02769,U01897,B021,393320877821,Savings,335703,Inactive,8/1/2010
ACC02770,U00789,B002,203440758981,Current,43314,Active,11/1/2015
ACC02771,U02157,B006,500944206768,Savings,33817,Active,11/2/2015
ACC02772,U04166,B013,592910923839,Savings,234068,Active,6/23/2019
ACC02773,U02788,B003,109689593546,Savings,250571,Active,10/28/2020
ACC02774,U01059,B023,402625359043,Savings,202285,Active,1/5/2016
ACC02775,U01978,B012,628715958812,Savings,496627,Active,12/10/2012
ACC02776,U00719,B001,856355177730,Savings,121882,Active,8/20/2011
ACC02777,U03160,B023,535107215839,Savings,391278,Active,5/25/2011
ACC02778,U02369,B011,750108663977,Savings,225458,Active,7/27/2013
ACC02779,U01055,B020,625716204431,Savings,192618,Active,4/10/2010
ACC02780,U03256,B014,993043444578,Savings,322022,Active,3/22/2023
ACC02781,U02477,B014,537254271539,Savings,309229,Active,3/4/2017
ACC02782,U00221,B021,820824082156,Savings,54446,Active,12/25/2020
ACC02783,U04430,B001,654625512429,Savings,145143,Active,2/17/2021
ACC02784,U01082,B013,750645012720,Savings,296436,Active,3/5/2012
ACC02785,U03739,B022,458781869620,Savings,66665,Active,8/6/2016
ACC02786,U02803,B024,243874218821,Savings,327910,Active,4/3/2011
ACC02787,U04730,B028,945669316801,Savings,369553,Active,11/10/2016
ACC02788,U02292,B011,794724668959,Savings,255888,Active,10/21/2014
ACC02789,U00728,B027,938220990828,Savings,223744,Active,3/19/2022
ACC02790,U03645,B027,499391503944,Savings,221653,Active,4/15/2011
ACC02791,U00534,B028,966655586320,Savings,125053,Active,11/24/2021
ACC02792,U00904,B002,930439451932,Savings,224103,Active,1/12/2010
ACC02793,U00316,B009,327633151285,Savings,444201,Active,2/12/2017
ACC02794,U00715,B011,182211522968,Savings,374098,Active,7/15/2017
ACC02795,U04345,B025,740104065673,Savings,15855,Active,3/20/2022
ACC02796,U03250,B004,401684102162,Savings,435608,Active,5/22/2022
ACC02797,U03483,B025,518493637395,Current,155008,Active,5/22/2013
ACC02798,U02319,B020,447140979484,Savings,286688,Active,10/16/2012
ACC02799,U03853,B002,981078632650,Savings,414641,Active,9/3/2013
ACC02800,U04464,B017,895975825295,Savings,430739,Active,8/20/2017
ACC02801,U01638,B010,905186166718,Savings,368999,Active,11/6/2012
ACC02802,U04515,B020,984734133915,Savings,171034,Active,9/19/2017
ACC02803,U04760,B005,430541652414,Savings,186431,Active,12/22/2015
ACC02804,U02925,B003,830139355069,Savings,257386,Active,9/30/2023
ACC02805,U04336,B030,449336846630,Savings,94688,Active,6/16/2012
ACC02806,U00815,B017,518350412120,Savings,216736,Active,1/10/2018
ACC02807,U01247,B006,748201124513,Savings,410077,Active,10/13/2011
ACC02808,U03964,B022,785393942697,Savings,185173,Active,6/21/2011
ACC02809,U02618,B026,597369131738,Savings,452568,Active,4/17/2011
ACC02810,U03293,B022,727611439686,Savings,411449,Active,11/19/2017
ACC02811,U02284,B028,731020448269,Savings,134901,Active,5/21/2017
ACC02812,U04856,B011,876277062481,Current,150401,Active,9/28/2011
ACC02813,U02738,B028,747444695383,Savings,184489,Active,6/9/2021
ACC02814,U01038,B021,524733665270,Savings,393336,Active,6/9/2023
ACC02815,U01371,B026,728489269902,Savings,456316,Active,8/24/2017
ACC02816,U01916,B027,820487381009,Savings,35528,Active,7/15/2010
ACC02817,U02936,B004,302136354854,Savings,27281,Active,7/24/2010
ACC02818,U01895,B014,929188149235,Savings,25829,Active,8/8/2014
ACC02819,U00714,B009,718022646995,Savings,38056,Active,11/4/2016
ACC02820,U01083,B022,730208058031,Savings,220216,Active,7/18/2014
ACC02821,U04187,B022,274022259602,Savings,344806,Active,12/25/2015
ACC02822,U01462,B025,689838360339,Savings,294711,Active,7/11/2014
ACC02823,U01422,B025,687152759370,Savings,1367,Inactive,3/17/2012
ACC02824,U02531,B007,447144710300,Savings,196747,Inactive,5/7/2019
ACC02825,U00992,B014,884047531528,Savings,292585,Active,1/11/2021
ACC02826,U01057,B024,782512372079,Savings,57091,Active,7/10/2017
ACC02827,U04965,B026,620276222310,Savings,289632,Active,8/29/2018
ACC02828,U03206,B026,529478155211,Savings,103523,Active,3/6/2015
ACC02829,U01828,B015,868341914242,Current,337385,Active,7/18/2015
ACC02830,U00955,B018,908294309689,Savings,3681,Active,10/28/2023
ACC02831,U00065,B028,388173338746,Current,233229,Active,8/5/2013
ACC02832,U01548,B019,601810633219,Savings,358555,Active,12/31/2013
ACC02833,U00080,B008,593106196190,Savings,394202,Active,7/30/2014
ACC02834,U02636,B020,623094299396,Savings,280757,Active,2/9/2012
ACC02835,U00384,B018,489249021422,Savings,498414,Active,10/7/2016
ACC02836,U00830,B018,205915796097,Savings,105353,Active,1/14/2016
ACC02837,U00751,B004,159357968992,Savings,391524,Active,7/13/2013
ACC02838,U04669,B023,129509550106,Savings,196710,Active,10/7/2013
ACC02839,U00938,B021,730641388804,Savings,162524,Active,12/4/2012
ACC02840,U01618,B025,923376778895,Current,349433,Active,6/11/2013
ACC02841,U03402,B018,255556468898,Savings,137868,Active,9/15/2017
ACC02842,U00967,B021,262471924510,Current,400824,Active,2/19/2014
ACC02843,U04686,B005,526214001732,Savings,122460,Active,4/1/2011
ACC02844,U04504,B004,407503216057,Savings,72076,Active,7/27/2012
ACC02845,U02369,B026,688523157825,Current,477782,Active,7/26/2019
ACC02846,U00168,B004,300953913885,Savings,207104,Active,2/11/2011
ACC02847,U04284,B014,144839049526,Current,428850,Active,2/28/2010
ACC02848,U00869,B012,693824915394,Savings,50396,Active,1/1/2013
ACC02849,U03007,B003,318049230894,Savings,25202,Active,10/2/2015
ACC02850,U02248,B007,841636140005,Savings,258773,Active,5/19/2013
ACC02851,U00295,B008,379894858844,Savings,322222,Active,11/27/2017
ACC02852,U00733,B028,244328568926,Savings,161514,Active,10/16/2012
ACC02853,U00659,B023,412650293784,Savings,174219,Active,6/13/2015
ACC02854,U01736,B027,856152273854,Savings,386777,Active,7/4/2013
ACC02855,U03718,B020,193352092824,Savings,170358,Active,4/13/2014
ACC02856,U03165,B005,734615088254,Savings,154792,Active,12/22/2015
ACC02857,U03488,B019,194139326120,Savings,83442,Active,2/19/2011
ACC02858,U01397,B011,422209548432,Savings,164973,Active,12/1/2021
ACC02859,U01107,B025,947602468156,Savings,179872,Active,2/14/2018
ACC02860,U00807,B022,966187712896,Savings,392704,Active,1/18/2010
ACC02861,U01165,B010,161688973936,Savings,311568,Active,10/20/2014
ACC02862,U01284,B005,363181143280,Savings,448700,Active,8/1/2013
ACC02863,U00916,B012,628624748011,Savings,391972,Active,12/4/2013
ACC02864,U02683,B030,527839574857,Savings,218337,Active,10/11/2017
ACC02865,U02203,B030,983540179381,Savings,393304,Active,10/25/2011
ACC02866,U00397,B008,920665126023,Savings,19822,Active,1/7/2016
ACC02867,U00428,B017,712309776578,Savings,239400,Active,4/1/2020
ACC02868,U01155,B015,491938214015,Savings,61171,Active,12/1/2016
ACC02869,U01010,B019,644697897034,Savings,249949,Inactive,10/2/2011
ACC02870,U04613,B014,768819724534,Savings,145787,Active,6/27/2015
ACC02871,U03253,B020,439277732094,Savings,225674,Active,4/12/2015
ACC02872,U01344,B005,871085409842,Savings,457381,Active,7/18/2011
ACC02873,U00560,B019,909383549620,Savings,48547,Active,2/8/2021
ACC02874,U03753,B017,688976161505,Savings,290041,Active,4/24/2020
ACC02875,U00047,B002,593721279490,Savings,398693,Active,3/15/2010
ACC02876,U03697,B006,406863979564,Savings,396181,Active,2/18/2016
ACC02877,U00507,B014,970865321454,Savings,493452,Active,4/10/2022
ACC02878,U04610,B019,216957686992,Savings,194622,Active,11/6/2018
ACC02879,U04098,B010,402645266222,Savings,129369,Active,4/23/2015
ACC02880,U00676,B024,866322232453,Savings,464199,Active,5/9/2017
ACC02881,U04876,B010,756919983859,Savings,239267,Active,1/31/2017
ACC02882,U00526,B012,823931568392,Savings,315910,Active,10/5/2014
ACC02883,U03055,B003,407231335863,Savings,162092,Active,5/28/2010
ACC02884,U03907,B022,298543258243,Savings,323929,Active,1/7/2017
ACC02885,U00877,B017,434650440668,Savings,231803,Active,2/25/2014
ACC02886,U02121,B003,746550556005,Savings,84558,Active,1/13/2017
ACC02887,U02125,B012,336662626146,Savings,194859,Active,9/18/2012
ACC02888,U03293,B003,690566740876,Savings,17787,Active,12/15/2012
ACC02889,U02637,B015,471832586419,Savings,485797,Active,6/16/2016
ACC02890,U01087,B006,413348638722,Savings,408447,Active,9/30/2013
ACC02891,U02079,B021,291445187183,Savings,109293,Active,12/18/2010
ACC02892,U04952,B029,950796750537,Savings,85584,Active,8/15/2020
ACC02893,U04912,B006,257866531700,Savings,473823,Active,2/15/2016
ACC02894,U04710,B023,777511370073,Savings,99562,Active,12/21/2013
ACC02895,U03820,B026,267575342612,Savings,464903,Active,2/8/2015
ACC02896,U03588,B014,734897538833,Savings,95251,Active,7/24/2018
ACC02897,U00579,B021,490745949983,Savings,427151,Active,8/16/2013
ACC02898,U00284,B024,206881792431,Savings,285171,Active,4/19/2021
ACC02899,U02926,B028,469323109207,Savings,285929,Active,2/14/2014
ACC02900,U04536,B015,484073972502,Savings,357477,Active,7/15/2011
ACC02901,U01396,B026,809630643143,Savings,188801,Active,8/23/2013
ACC02902,U04009,B026,833621120946,Savings,347898,Active,8/21/2016
ACC02903,U04831,B021,393240863353,Savings,216988,Active,12/28/2014
ACC02904,U02375,B013,337995988396,Savings,302052,Active,3/21/2018
ACC02905,U03070,B018,252064139788,Savings,283891,Active,2/4/2022
ACC02906,U03707,B004,720362401616,Savings,360579,Active,10/12/2015
ACC02907,U04350,B006,150057855427,Savings,20567,Active,2/21/2014
ACC02908,U02568,B006,144070148774,Savings,24006,Active,1/5/2014
ACC02909,U04856,B019,123621072042,Savings,94509,Active,10/2/2017
ACC02910,U04346,B021,978246170758,Savings,494614,Active,7/6/2021
ACC02911,U03600,B009,816103876048,Savings,180884,Active,10/28/2024
ACC02912,U01154,B019,517649023858,Savings,400977,Active,11/19/2019
ACC02913,U04081,B025,528603434052,Savings,96684,Active,3/26/2017
ACC02914,U00592,B014,225877692181,Savings,154447,Active,12/15/2012
ACC02915,U01946,B005,302151446950,Savings,14349,Active,1/19/2019
ACC02916,U02927,B025,460871715059,Savings,262100,Active,3/2/2017
ACC02917,U00018,B022,744582099944,Savings,334987,Active,4/24/2017
ACC02918,U03150,B013,962791132961,Current,297236,Active,11/7/2013
ACC02919,U00900,B028,794663543171,Savings,143134,Active,9/12/2013
ACC02920,U00176,B001,435850966308,Savings,115762,Active,11/7/2018
ACC02921,U02674,B017,204583402424,Savings,354179,Active,3/26/2019
ACC02922,U04150,B007,295555375764,Savings,402200,Inactive,12/2/2013
ACC02923,U03401,B010,522433614689,Savings,73987,Active,2/22/2010
ACC02924,U02613,B012,593289543738,Savings,353615,Active,2/5/2010
ACC02925,U00540,B002,792688842083,Savings,392432,Active,5/16/2013
ACC02926,U03852,B010,133059739323,Savings,461689,Active,7/18/2020
ACC02927,U01439,B004,513821922997,Savings,32711,Active,8/17/2012
ACC02928,U02619,B022,820871461587,Savings,47598,Active,7/21/2017
ACC02929,U03194,B016,447449379316,Savings,461725,Active,8/4/2014
ACC02930,U00857,B018,524255897038,Savings,438621,Active,4/1/2016
ACC02931,U02959,B010,551796225401,Savings,292473,Active,5/9/2016
ACC02932,U02997,B017,168096413222,Savings,141678,Active,3/29/2018
ACC02933,U04859,B015,550873384603,Savings,166484,Active,12/6/2019
ACC02934,U04656,B009,168066739360,Savings,322768,Active,4/15/2012
ACC02935,U01381,B011,359457795924,Savings,457974,Active,8/24/2019
ACC02936,U01358,B029,979317038901,Savings,130880,Active,2/7/2020
ACC02937,U01476,B024,271117134798,Savings,430837,Active,11/23/2017
ACC02938,U01031,B001,238942951677,Current,329152,Active,5/27/2012
ACC02939,U03969,B012,132433577339,Savings,371822,Active,7/22/2012
ACC02940,U00602,B004,340550815873,Savings,343429,Active,7/26/2018
ACC02941,U01407,B030,282770064420,Savings,171247,Active,7/29/2017
ACC02942,U04569,B023,320257706856,Savings,323499,Active,8/23/2021
ACC02943,U00780,B021,300746777573,Savings,280219,Active,4/17/2014
ACC02944,U00044,B011,566654566604,Savings,162910,Active,4/19/2021
ACC02945,U01507,B022,169435175831,Savings,385219,Active,9/3/2013
ACC02946,U02824,B009,916682794622,Savings,269349,Active,5/5/2016
ACC02947,U04738,B003,637070961354,Savings,33133,Active,6/19/2022
ACC02948,U04591,B021,383021167180,Savings,18217,Active,11/30/2014
ACC02949,U03180,B005,723741145348,Savings,205492,Active,4/21/2017
ACC02950,U02983,B023,802686255391,Savings,377539,Active,5/19/2013
ACC02951,U04892,B004,983425517634,Savings,122687,Inactive,10/11/2016
ACC02952,U00237,B019,975634731461,Savings,214851,Active,6/29/2014
ACC02953,U00320,B005,149657986311,Current,225083,Active,10/30/2020
ACC02954,U01780,B016,750669137766,Savings,113529,Inactive,7/12/2025
ACC02955,U00200,B002,878245762164,Savings,279657,Active,6/7/2023
ACC02956,U03506,B005,819855473565,Savings,344832,Active,11/25/2017
ACC02957,U02488,B022,130869579120,Savings,133741,Active,5/16/2013
ACC02958,U00806,B029,871283481070,Savings,379149,Active,2/7/2012
ACC02959,U01985,B005,416983062508,Savings,20234,Active,2/22/2015
ACC02960,U00969,B002,391762027592,Savings,408609,Active,9/10/2018
ACC02961,U03043,B001,171473649005,Savings,101133,Active,8/3/2015
ACC02962,U04077,B001,187173526161,Savings,459344,Active,10/23/2016
ACC02963,U00754,B015,294855702163,Savings,148397,Active,1/14/2015
ACC02964,U00672,B001,918723987565,Savings,235753,Inactive,12/29/2014
ACC02965,U02299,B006,163589162179,Savings,51033,Active,9/12/2015
ACC02966,U00822,B005,436419103791,Savings,405922,Active,5/26/2024
ACC02967,U01208,B016,432507430777,Savings,275114,Active,1/15/2020
ACC02968,U04955,B013,272294303991,Savings,470887,Active,4/19/2010
ACC02969,U01999,B015,181074299996,Savings,463059,Active,7/18/2015
ACC02970,U02446,B020,788738136700,Savings,215418,Active,8/15/2016
ACC02971,U00254,B022,182902053890,Savings,62158,Active,3/6/2014
ACC02972,U01032,B026,969948323562,Savings,86041,Active,12/2/2015
ACC02973,U01228,B015,560520849070,Savings,83468,Active,5/19/2014
ACC02974,U03908,B026,183154297600,Savings,248048,Active,3/20/2016
ACC02975,U01923,B006,772637479953,Savings,270008,Active,11/1/2019
ACC02976,U00195,B018,162333467836,Savings,484240,Active,8/28/2014
ACC02977,U03585,B010,771739427413,Savings,349579,Active,7/6/2013
ACC02978,U01654,B021,429082257616,Savings,191349,Active,7/4/2011
ACC02979,U02784,B011,824695382433,Savings,372936,Active,10/4/2019
ACC02980,U03524,B020,828178411058,Savings,414836,Active,4/30/2010
ACC02981,U04404,B023,426612342775,Savings,122791,Active,1/15/2012
ACC02982,U01554,B003,394225737500,Savings,96797,Active,10/5/2013
ACC02983,U02018,B019,954402909486,Savings,71870,Active,11/29/2014
ACC02984,U04735,B007,614608149156,Savings,137389,Active,5/27/2015
ACC02985,U04075,B009,429220142664,Savings,256165,Active,7/24/2013
ACC02986,U01755,B011,661382913578,Savings,462562,Active,3/17/2021
ACC02987,U03669,B011,127768783132,Savings,225176,Inactive,12/4/2012
ACC02988,U01737,B027,981761921244,Savings,310482,Active,1/25/2012
ACC02989,U02365,B006,772334335497,Savings,192657,Active,2/18/2012
ACC02990,U03427,B021,837435594831,Savings,138355,Active,12/30/2012
ACC02991,U01544,B013,687263304049,Savings,224999,Active,1/26/2012
ACC02992,U01123,B019,559149402300,Savings,435609,Active,8/28/2018
ACC02993,U00691,B017,473789381705,Savings,426787,Active,11/21/2012
ACC02994,U04607,B017,566348822909,Savings,180333,Active,12/14/2015
ACC02995,U03986,B020,481505906846,Savings,60480,Active,1/20/2010
ACC02996,U00163,B015,416507213228,Savings,155669,Active,4/1/2020
ACC02997,U04412,B001,121426750112,Savings,472396,Active,6/3/2018
ACC02998,U04474,B016,593557308297,Savings,361878,Active,5/20/2017
ACC02999,U01254,B007,749185948921,Savings,423169,Active,5/25/2018
ACC03000,U00939,B017,533329588699,Savings,357417,Active,5/23/2010
ACC03001,U02768,B030,479379008528,Savings,15641,Active,1/26/2014
ACC03002,U03866,B010,944757592452,Savings,399800,Active,9/10/2014
ACC03003,U00711,B021,754771298630,Current,138021,Active,11/26/2011
ACC03004,U03722,B027,153977989362,Savings,245918,Active,4/1/2017
ACC03005,U00092,B015,749460103245,Savings,300396,Active,6/19/2012
ACC03006,U03756,B027,325420871398,Savings,9062,Active,5/15/2021
ACC03007,U02420,B013,158861270501,Savings,156828,Active,7/30/2017
ACC03008,U00751,B003,842807822189,Savings,21543,Active,7/4/2010
ACC03009,U01223,B004,679873636423,Savings,32019,Active,2/21/2012
ACC03010,U03429,B005,250487773739,Savings,405581,Active,5/3/2014
ACC03011,U02687,B002,299926513165,Current,80364,Active,5/23/2017
ACC03012,U01428,B020,445703812620,Savings,429536,Active,11/14/2017
ACC03013,U01385,B009,704774619226,Savings,457152,Active,9/16/2011
ACC03014,U04864,B027,692389741202,Savings,494516,Active,11/12/2018
ACC03015,U03384,B009,898042488867,Savings,424444,Active,10/10/2015
ACC03016,U01050,B025,588186481789,Savings,35834,Active,12/16/2013
ACC03017,U04063,B025,999304325483,Savings,338048,Active,3/5/2015
ACC03018,U02864,B020,592400821349,Savings,169625,Active,9/15/2011
ACC03019,U00859,B010,792911134221,Savings,134898,Active,10/5/2017
ACC03020,U02045,B014,985165222600,Savings,369186,Active,4/20/2012
ACC03021,U04439,B029,205241500740,Savings,389103,Active,2/20/2016
ACC03022,U02565,B016,877513117565,Savings,77123,Active,10/1/2010
ACC03023,U02007,B003,623445504710,Savings,252204,Active,5/1/2017
ACC03024,U03025,B013,654679853212,Savings,125319,Active,12/13/2012
ACC03025,U03700,B005,491982311762,Savings,400327,Active,4/28/2018
ACC03026,U02631,B028,563735163033,Current,186464,Active,12/22/2020
ACC03027,U02279,B008,642373221143,Current,170624,Active,2/12/2011
ACC03028,U00426,B017,931000554655,Savings,460968,Active,12/13/2016
ACC03029,U01239,B008,214660054923,Savings,56978,Active,8/13/2015
ACC03030,U00265,B013,483452575504,Savings,407766,Active,12/24/2016
ACC03031,U00945,B022,729232573196,Savings,488852,Active,3/10/2014
ACC03032,U02985,B019,884953898316,Savings,58377,Active,5/31/2014
ACC03033,U00987,B030,196219398104,Savings,107947,Active,4/1/2017
ACC03034,U00155,B001,953550084056,Current,354365,Active,1/22/2020
ACC03035,U04763,B017,529219130691,Savings,258650,Active,3/17/2015
ACC03036,U00963,B011,267197598440,Savings,133833,Active,2/22/2017
ACC03037,U03154,B014,898086263919,Savings,484333,Active,7/8/2012
ACC03038,U02706,B027,346360590939,Savings,257248,Active,4/20/2020
ACC03039,U02083,B020,546495541265,Savings,228743,Active,12/11/2015
ACC03040,U04772,B014,229752238148,Savings,360297,Active,9/18/2011
ACC03041,U01986,B026,687390984286,Savings,190365,Active,6/12/2010
ACC03042,U01153,B020,143847741952,Savings,53111,Active,7/21/2010
ACC03043,U00368,B023,692845363799,Savings,72253,Active,6/11/2016
ACC03044,U03454,B001,988976748066,Savings,450892,Active,4/23/2012
ACC03045,U00885,B027,675464317412,Savings,447311,Inactive,10/5/2018
ACC03046,U04508,B006,885769523599,Savings,415637,Active,7/21/2018
ACC03047,U01156,B026,235105896859,Savings,133517,Active,12/11/2017
ACC03048,U03911,B009,643784893906,Current,418749,Active,6/17/2012
ACC03049,U00638,B016,661479470879,Savings,193555,Active,3/3/2012
ACC03050,U00410,B006,411861240026,Savings,225744,Active,8/29/2010
ACC03051,U02229,B021,922428647586,Savings,441221,Active,4/29/2010
ACC03052,U00666,B010,164795514619,Savings,184685,Active,7/29/2016
ACC03053,U00875,B018,401682039684,Current,126556,Active,2/14/2020
ACC03054,U03915,B020,502599165024,Savings,5585,Active,1/15/2012
ACC03055,U03896,B019,963460817862,Savings,15932,Active,11/1/2014
ACC03056,U02414,B014,350531144321,Savings,371425,Active,11/12/2015
ACC03057,U01014,B018,634334233610,Savings,117338,Active,8/31/2018
ACC03058,U01642,B001,178566149250,Savings,484527,Active,6/29/2013
ACC03059,U02013,B004,122723959900,Savings,172722,Active,7/21/2012
ACC03060,U04815,B022,994516215028,Savings,355007,Active,9/27/2024
ACC03061,U04050,B014,430784446594,Savings,197181,Active,8/14/2024
ACC03062,U04778,B012,220395126053,Savings,61885,Active,8/31/2021
ACC03063,U04841,B003,399193491705,Savings,220039,Active,8/31/2012
ACC03064,U01668,B002,132256459295,Savings,70433,Active,10/2/2017
ACC03065,U04346,B029,665316673097,Savings,288199,Active,9/29/2010
ACC03066,U02717,B016,924710895772,Savings,379484,Active,3/23/2014
ACC03067,U00441,B027,432420181881,Savings,362420,Active,10/2/2020
ACC03068,U04775,B030,369562553827,Savings,38939,Active,7/18/2020
ACC03069,U03590,B019,481660025681,Savings,292087,Active,4/22/2019
ACC03070,U01940,B005,564294342289,Savings,172793,Active,1/17/2011
ACC03071,U02335,B018,775653422306,Savings,381146,Active,2/9/2021
ACC03072,U02382,B003,262406372109,Savings,76311,Active,12/15/2020
ACC03073,U01848,B015,955563120344,Savings,452177,Active,5/8/2017
ACC03074,U01047,B025,935682914258,Savings,317759,Active,8/21/2012
ACC03075,U02947,B006,773922625289,Savings,176174,Active,4/19/2011
ACC03076,U04364,B006,135318187783,Savings,60053,Active,10/11/2013
ACC03077,U03541,B015,224323831413,Savings,197263,Active,11/27/2013
ACC03078,U01946,B021,396635403529,Savings,70359,Active,8/12/2011
ACC03079,U01989,B001,159040803356,Savings,392593,Active,6/6/2015
ACC03080,U01117,B017,414409165745,Savings,230372,Active,12/7/2014
ACC03081,U01092,B003,310960271942,Savings,334179,Active,7/12/2010
ACC03082,U03520,B022,210625791651,Savings,51917,Active,1/30/2010
ACC03083,U01079,B027,437701219082,Savings,371072,Active,2/16/2013
ACC03084,U02021,B006,567254757183,Savings,173956,Active,6/13/2018
ACC03085,U02915,B003,796747242573,Savings,30260,Active,12/13/2016
ACC03086,U02538,B020,903555906856,Savings,147847,Active,9/4/2012
ACC03087,U01357,B007,993554859156,Savings,480207,Active,4/20/2016
ACC03088,U04817,B005,311842303902,Current,229288,Active,4/5/2019
ACC03089,U04511,B002,174100488012,Savings,273962,Active,4/1/2020
ACC03090,U02037,B001,331304779331,Current,377938,Active,1/13/2017
ACC03091,U04546,B018,526368671016,Savings,86814,Active,10/23/2020
ACC03092,U03626,B014,852643376595,Savings,225467,Active,7/28/2011
ACC03093,U04077,B019,184927653512,Savings,51187,Active,6/3/2019
ACC03094,U00549,B026,520666710374,Savings,17018,Active,10/20/2010
ACC03095,U02090,B028,124521752178,Current,62284,Active,12/7/2011
ACC03096,U01471,B020,736500869430,Savings,214290,Active,9/5/2023
ACC03097,U01248,B019,646631041784,Savings,294842,Active,7/3/2023
ACC03098,U04502,B014,810239949489,Savings,486091,Active,12/24/2016
ACC03099,U02747,B013,173704985489,Savings,388295,Active,6/12/2022
ACC03100,U00241,B015,173873852298,Savings,115132,Active,7/17/2018
ACC03101,U04495,B014,151264028002,Savings,148026,Active,2/14/2012
ACC03102,U00919,B024,944953888207,Savings,184743,Inactive,12/15/2015
ACC03103,U02229,B003,434177235459,Savings,346725,Active,3/25/2013
ACC03104,U02170,B015,446270294237,Savings,191894,Active,2/11/2015
ACC03105,U01018,B001,328054076312,Savings,361129,Active,1/2/2014
ACC03106,U03537,B003,326544747741,Savings,221949,Active,5/2/2012
ACC03107,U02158,B017,599805556588,Savings,393098,Active,10/30/2012
ACC03108,U01443,B025,494437020470,Savings,72588,Active,6/5/2011
ACC03109,U00693,B030,311257101151,Savings,472525,Active,3/30/2016
ACC03110,U03983,B027,934695397925,Savings,88263,Active,11/23/2016
ACC03111,U00390,B001,667151662386,Savings,385809,Active,2/28/2021
ACC03112,U03263,B014,513348954552,Savings,94540,Active,1/29/2017
ACC03113,U03215,B010,821245027388,Savings,84523,Active,3/28/2012
ACC03114,U01774,B008,227583723344,Savings,31317,Active,5/30/2018
ACC03115,U00955,B010,832651281522,Savings,305891,Active,1/3/2024
ACC03116,U02753,B016,341867164014,Savings,361967,Active,2/17/2013
ACC03117,U04866,B015,753601378741,Savings,178571,Active,7/3/2015
ACC03118,U04366,B029,773911477444,Savings,21057,Active,6/4/2013
ACC03119,U02160,B007,596532917815,Savings,211613,Active,8/18/2016
ACC03120,U04478,B008,773083887588,Savings,118603,Active,10/11/2018
ACC03121,U02493,B001,514993859589,Savings,349301,Active,3/7/2025
ACC03122,U02455,B022,903966646211,Savings,321822,Active,1/26/2011
ACC03123,U00872,B013,956752253662,Savings,241176,Active,11/26/2020
ACC03124,U03683,B001,816512267674,Savings,428740,Active,9/14/2015
ACC03125,U04679,B006,664330964321,Savings,401641,Active,9/13/2020
ACC03126,U03099,B011,331769777926,Savings,44983,Inactive,7/4/2013
ACC03127,U02476,B007,734507296741,Savings,305009,Active,7/4/2012
ACC03128,U01657,B014,110645888675,Savings,455037,Active,1/5/2017
ACC03129,U03966,B006,232146728752,Savings,165152,Active,12/10/2011
ACC03130,U03495,B020,888398850319,Savings,169422,Active,5/3/2017
ACC03131,U03114,B018,358615096483,Savings,451727,Active,12/11/2014
ACC03132,U01108,B009,425533562084,Savings,419154,Active,10/29/2016
ACC03133,U03549,B008,367456418074,Savings,422357,Active,2/5/2020
ACC03134,U00525,B017,218967843385,Current,89204,Active,2/1/2023
ACC03135,U02433,B022,612660902345,Savings,203426,Active,2/4/2017
ACC03136,U01007,B024,392307606089,Savings,342175,Active,6/29/2016
ACC03137,U04024,B026,363478677804,Savings,279139,Active,10/19/2016
ACC03138,U01479,B006,659879752139,Savings,381615,Active,5/2/2016
ACC03139,U04974,B027,996283708298,Savings,354607,Active,5/13/2022
ACC03140,U03664,B021,436951556351,Savings,97656,Active,9/20/2012
ACC03141,U01874,B004,607804137142,Savings,217679,Active,9/3/2017
ACC03142,U03489,B028,845296149579,Savings,4969,Active,8/3/2018
ACC03143,U03850,B022,500270677616,Savings,444081,Active,11/2/2018
ACC03144,U02759,B025,700552129303,Savings,426726,Active,1/18/2011
ACC03145,U01927,B030,548242800252,Savings,351211,Active,1/30/2016
ACC03146,U04631,B022,826983927492,Savings,329726,Active,7/1/2017
ACC03147,U00831,B011,118160871509,Savings,294190,Active,11/3/2018
ACC03148,U04325,B009,484224978110,Savings,298929,Active,4/17/2012
ACC03149,U03065,B001,602753506761,Savings,317117,Active,6/9/2018
ACC03150,U02143,B009,795538486027,Current,41058,Active,7/25/2013
ACC03151,U01101,B022,863906187371,Savings,22537,Active,3/2/2017
ACC03152,U00546,B009,248383906457,Savings,307005,Active,6/10/2016
ACC03153,U04124,B021,824628445160,Savings,76410,Active,12/5/2012
ACC03154,U00656,B022,248341388496,Savings,129811,Active,1/25/2017
ACC03155,U01423,B030,191274321018,Savings,296845,Active,11/16/2019
ACC03156,U02138,B025,379105361462,Savings,340389,Active,5/31/2014
ACC03157,U03673,B022,685064288966,Savings,260620,Active,2/27/2011
ACC03158,U02878,B021,424933282930,Savings,425219,Active,1/26/2011
ACC03159,U00376,B007,893431726954,Savings,483629,Active,6/23/2011
ACC03160,U00013,B020,452977615793,Savings,125783,Active,1/27/2014
ACC03161,U01916,B022,548177816716,Savings,435958,Active,6/11/2018
ACC03162,U03473,B023,211153145383,Savings,454153,Active,6/4/2011
ACC03163,U04551,B027,612452192139,Current,262794,Active,4/5/2017
ACC03164,U02250,B013,699898096815,Savings,361302,Active,1/8/2017
ACC03165,U01770,B018,556562328265,Savings,63987,Active,3/9/2012
ACC03166,U01309,B008,832439263711,Savings,360167,Active,2/1/2010
ACC03167,U01900,B008,847733743554,Savings,85341,Active,8/5/2015
ACC03168,U03935,B030,894184375442,Savings,84598,Active,12/7/2013
ACC03169,U00218,B012,363734154654,Savings,335180,Active,4/8/2015
ACC03170,U00363,B003,391329817838,Savings,420088,Active,12/3/2013
ACC03171,U04584,B025,626327123261,Savings,3613,Active,2/4/2017
ACC03172,U00469,B017,515024200688,Savings,289307,Active,12/26/2010
ACC03173,U02751,B012,205689953035,Savings,487154,Active,8/11/2011
ACC03174,U03016,B008,595778263597,Savings,128750,Active,4/10/2011
ACC03175,U02870,B016,601459967993,Savings,394976,Active,12/20/2014
ACC03176,U03870,B025,567473049201,Savings,95228,Active,4/6/2016
ACC03177,U04354,B027,154524076012,Current,236710,Active,1/30/2015
ACC03178,U04426,B009,468775182134,Savings,468489,Active,12/11/2012
ACC03179,U03221,B001,416568635357,Savings,129035,Active,5/10/2019
ACC03180,U04884,B009,383868143158,Savings,154991,Inactive,1/30/2023
ACC03181,U03673,B007,671486534768,Savings,118486,Active,8/23/2020
ACC03182,U02474,B015,570281876972,Savings,214676,Active,12/22/2013
ACC03183,U03699,B025,479324452801,Savings,276817,Active,8/18/2015
ACC03184,U04622,B030,677675585659,Current,181974,Active,4/26/2011
ACC03185,U03271,B010,518870212491,Savings,476440,Active,8/8/2010
ACC03186,U01995,B021,289742322033,Savings,476003,Active,4/17/2013
ACC03187,U00731,B010,101292291161,Savings,442126,Active,10/27/2018
ACC03188,U01366,B008,638195773058,Savings,457124,Active,1/20/2016
ACC03189,U02295,B004,603323930312,Savings,102802,Active,6/9/2015
ACC03190,U04923,B029,846890044801,Savings,238407,Active,9/18/2022
ACC03191,U04902,B029,828530521458,Savings,468534,Active,11/17/2021
ACC03192,U03184,B025,508433378955,Savings,271768,Active,11/19/2010
ACC03193,U02017,B009,414076815985,Savings,233453,Active,8/6/2018
ACC03194,U00402,B022,984913556535,Savings,138427,Active,10/11/2021
ACC03195,U03193,B021,214459303863,Savings,450291,Active,10/22/2018
ACC03196,U04174,B001,724270299222,Savings,232939,Active,5/5/2011
ACC03197,U00002,B015,298021964332,Savings,32390,Active,7/8/2011
ACC03198,U01077,B013,283971030096,Savings,359464,Active,3/23/2018
ACC03199,U03579,B015,462228024795,Savings,54265,Active,4/14/2010
ACC03200,U03144,B024,133444997267,Savings,384954,Active,2/3/2013
ACC03201,U04722,B012,873831434105,Savings,204471,Active,2/25/2010
ACC03202,U01347,B002,878825350044,Savings,22410,Active,9/29/2020
ACC03203,U02325,B030,110852776063,Savings,156378,Active,4/22/2019
ACC03204,U03528,B026,484834463272,Savings,338200,Active,3/11/2016
ACC03205,U03610,B018,359366721560,Savings,363055,Active,11/22/2011
ACC03206,U02826,B020,391432390312,Savings,476332,Active,1/28/2016
ACC03207,U03143,B029,268476978458,Savings,216333,Active,8/18/2014
ACC03208,U01155,B016,865833297341,Savings,368421,Active,9/30/2021
ACC03209,U01144,B025,239763138951,Savings,432435,Active,9/28/2017
ACC03210,U03782,B002,248562911911,Savings,475133,Active,11/11/2016
ACC03211,U00526,B023,919902632681,Savings,291238,Active,4/5/2017
ACC03212,U04407,B017,708839446656,Savings,39297,Active,5/23/2015
ACC03213,U01091,B019,885462825818,Savings,19619,Active,10/29/2012
ACC03214,U01222,B018,644324534413,Savings,181500,Active,5/18/2014
ACC03215,U02187,B030,903605866823,Savings,219879,Active,9/5/2015
ACC03216,U03269,B012,831733276227,Savings,373842,Active,5/17/2015
ACC03217,U00003,B013,718424095733,Savings,307545,Active,9/4/2020
ACC03218,U01466,B017,444938401139,Savings,5452,Active,10/3/2014
ACC03219,U00974,B011,345918156270,Savings,386162,Active,4/28/2017
ACC03220,U03761,B022,738902417212,Savings,190713,Active,1/24/2020
ACC03221,U01347,B024,670333459938,Savings,261126,Active,11/28/2019
ACC03222,U01259,B025,897608249640,Savings,99044,Active,4/18/2010
ACC03223,U02146,B018,529337133246,Savings,369051,Active,12/7/2015
ACC03224,U03199,B023,181672518602,Savings,257021,Active,5/9/2013
ACC03225,U04430,B029,494980703769,Savings,261461,Active,4/25/2023
ACC03226,U03958,B001,115888501943,Savings,499792,Active,3/21/2017
ACC03227,U00494,B012,166771179298,Savings,107080,Active,1/1/2021
ACC03228,U04576,B013,923044816159,Savings,170290,Active,9/25/2010
ACC03229,U01755,B008,556993937252,Savings,107686,Active,11/15/2017
ACC03230,U04806,B001,866179342222,Savings,174805,Active,9/3/2012
ACC03231,U00840,B016,482912678641,Savings,37488,Active,3/6/2011
ACC03232,U03669,B004,386073726384,Savings,87311,Active,2/7/2015
ACC03233,U03964,B030,285662144117,Savings,160247,Active,3/21/2018
ACC03234,U02568,B013,355359852936,Savings,315424,Active,4/18/2014
ACC03235,U01668,B004,534904720799,Savings,29332,Active,7/22/2018
ACC03236,U03530,B004,647402486630,Savings,6107,Active,4/10/2022
ACC03237,U03418,B004,730428287763,Savings,156675,Active,8/12/2015
ACC03238,U01093,B002,236887601304,Savings,135851,Active,6/22/2012
ACC03239,U04197,B022,445870279020,Savings,413934,Active,12/3/2011
ACC03240,U04383,B021,875630241467,Savings,21536,Active,7/12/2017
ACC03241,U04597,B021,390277085685,Savings,424448,Active,10/12/2015
ACC03242,U04638,B028,648406680397,Savings,149339,Active,5/18/2013
ACC03243,U01302,B021,143828086084,Savings,71419,Active,6/1/2014
ACC03244,U04284,B024,851116758714,Current,4469,Active,3/27/2012
ACC03245,U04820,B012,313481288678,Savings,472335,Active,2/24/2018
ACC03246,U04509,B011,894522721032,Savings,335639,Active,4/5/2012
ACC03247,U04129,B003,283806337514,Savings,327679,Active,1/25/2011
ACC03248,U03443,B022,252275803090,Savings,257796,Active,7/15/2010
ACC03249,U04414,B024,296453143103,Savings,218986,Active,5/28/2016
ACC03250,U01578,B024,540110029719,Savings,104620,Active,8/28/2011
ACC03251,U04322,B018,369362224167,Savings,104462,Active,7/20/2018
ACC03252,U04623,B017,188663020656,Savings,449042,Active,5/17/2012
ACC03253,U02815,B025,577634037278,Savings,70621,Active,8/29/2020
ACC03254,U02242,B020,315147283741,Savings,431989,Active,3/19/2017
ACC03255,U02435,B028,669504744238,Savings,477464,Active,11/4/2018
ACC03256,U04407,B022,846000263852,Savings,428807,Active,5/15/2020
ACC03257,U02787,B013,949459501908,Savings,28481,Active,5/2/2019
ACC03258,U00575,B008,683121071342,Savings,384405,Active,8/2/2016
ACC03259,U01329,B025,125488484742,Current,179144,Active,4/22/2012
ACC03260,U00834,B013,585486665712,Savings,405729,Active,11/29/2011
ACC03261,U03871,B020,262971317983,Savings,73839,Active,11/22/2010
ACC03262,U04913,B023,424891160848,Savings,83864,Active,3/1/2021
ACC03263,U04710,B020,981992459971,Savings,447433,Active,11/11/2017
ACC03264,U01122,B017,110128620783,Savings,22104,Active,6/19/2014
ACC03265,U02207,B023,226618882518,Current,416425,Active,7/16/2012
ACC03266,U02068,B020,265562647928,Savings,413373,Active,9/4/2014
ACC03267,U02173,B005,772748747414,Savings,265714,Active,12/13/2021
ACC03268,U03773,B009,588996909797,Savings,187025,Active,5/28/2013
ACC03269,U02844,B023,551207840852,Savings,128137,Active,8/25/2022
ACC03270,U01502,B008,377652494332,Savings,24872,Active,10/19/2017
ACC03271,U04029,B024,256344769454,Savings,26741,Active,7/28/2025
ACC03272,U03454,B020,909312913037,Savings,57037,Active,10/26/2011
ACC03273,U00170,B017,620269720069,Savings,396291,Active,9/7/2017
ACC03274,U01126,B001,958935839185,Savings,401029,Active,4/27/2013
ACC03275,U03408,B008,244551936486,Savings,365667,Active,8/10/2017
ACC03276,U01027,B013,476611406687,Savings,444614,Active,11/23/2012
ACC03277,U04043,B002,301276604753,Savings,444084,Active,1/4/2013
ACC03278,U04626,B025,248582959890,Savings,197137,Active,1/8/2016
ACC03279,U00703,B030,981007279751,Savings,431944,Active,10/4/2018
ACC03280,U02179,B002,382114919293,Savings,452260,Active,12/25/2010
ACC03281,U00455,B016,562409159275,Savings,375881,Active,7/21/2015
ACC03282,U02658,B001,428496158079,Savings,202337,Active,5/26/2016
ACC03283,U03396,B022,160909998599,Savings,88188,Active,11/3/2015
ACC03284,U04478,B022,765020771859,Savings,479946,Active,11/20/2016
ACC03285,U02976,B003,138528788738,Savings,333786,Inactive,1/10/2015
ACC03286,U02016,B023,352667252008,Savings,160857,Active,5/15/2019
ACC03287,U01755,B014,609350064056,Savings,115691,Active,1/27/2018
ACC03288,U04401,B017,661108867975,Savings,8544,Active,9/16/2020
ACC03289,U00171,B005,691118547813,Savings,96126,Active,5/24/2023
ACC03290,U04129,B013,411369739926,Savings,346552,Active,4/10/2014
ACC03291,U04795,B026,558318106916,Current,370756,Active,2/21/2011
ACC03292,U00517,B012,309464379175,Savings,2932,Active,7/21/2014
ACC03293,U01271,B029,781945628298,Savings,484898,Active,12/29/2010
ACC03294,U04342,B015,873751262378,Savings,467416,Active,9/14/2021
ACC03295,U01420,B001,283489632222,Savings,129277,Active,5/15/2023
ACC03296,U01122,B002,963492833815,Savings,494304,Active,8/14/2011
ACC03297,U03012,B010,661001869866,Savings,268845,Active,9/18/2018
ACC03298,U03090,B002,792854935798,Savings,70029,Active,9/21/2015
ACC03299,U02072,B029,818906394033,Savings,229306,Active,8/25/2010
ACC03300,U00940,B022,233530890343,Savings,240540,Active,5/13/2023
ACC03301,U04472,B013,462731639920,Savings,450163,Active,12/6/2022
ACC03302,U00605,B023,143118668922,Savings,490419,Active,1/27/2015
ACC03303,U03883,B030,890751905351,Savings,223899,Active,4/17/2012
ACC03304,U01141,B002,829606727769,Savings,268175,Active,7/7/2016
ACC03305,U04208,B014,388673612366,Savings,410273,Active,4/4/2014
ACC03306,U01926,B010,320026404609,Current,273756,Active,8/20/2012
ACC03307,U02236,B020,131135971926,Savings,132346,Active,2/18/2013
ACC03308,U01861,B012,396444510853,Savings,336603,Active,5/25/2021
ACC03309,U02275,B017,161325734811,Savings,243610,Active,11/14/2018
ACC03310,U02238,B023,665995744653,Savings,146698,Active,4/23/2012
ACC03311,U03224,B009,483769801639,Savings,110227,Active,1/22/2011
ACC03312,U03799,B024,357174143110,Savings,367881,Active,2/18/2023
ACC03313,U00162,B021,483246902761,Current,280229,Active,2/4/2023
ACC03314,U04875,B024,350935260192,Savings,247599,Active,5/12/2016
ACC03315,U02955,B029,394805924855,Savings,82855,Active,3/8/2014
ACC03316,U03975,B006,595809575363,Current,463640,Active,8/24/2013
ACC03317,U00057,B005,760013527361,Savings,362183,Active,11/10/2013
ACC03318,U01749,B010,982647343319,Current,283189,Active,3/21/2021
ACC03319,U02873,B006,922853661076,Savings,109155,Active,10/27/2015
ACC03320,U00229,B015,895359124969,Savings,119871,Active,9/27/2014
ACC03321,U00442,B019,373655968974,Savings,364452,Active,1/1/2016
ACC03322,U00462,B015,547125836844,Savings,486739,Active,8/24/2012
ACC03323,U01796,B010,969790776701,Savings,77622,Active,10/9/2017
ACC03324,U00194,B024,348065601469,Savings,349039,Active,8/4/2018
ACC03325,U03615,B014,244225214622,Savings,213922,Active,11/4/2013
ACC03326,U03675,B023,451485657944,Savings,461236,Inactive,9/29/2021
ACC03327,U03316,B026,958003026916,Savings,460475,Active,8/12/2011
ACC03328,U02522,B018,395518214957,Savings,153817,Active,12/15/2017
ACC03329,U04121,B024,738910651836,Savings,158881,Active,9/16/2015
ACC03330,U00791,B030,773537155591,Savings,222409,Active,10/22/2018
ACC03331,U04107,B026,930774258915,Savings,372538,Active,11/2/2014
ACC03332,U03360,B027,286505585087,Savings,112894,Active,6/20/2014
ACC03333,U04345,B015,816732341464,Savings,115723,Active,12/16/2013
ACC03334,U02623,B006,609621407138,Savings,411167,Active,11/4/2018
ACC03335,U00022,B010,770320092980,Savings,403256,Active,4/1/2017
ACC03336,U01186,B027,701357424803,Savings,225894,Active,12/11/2022
ACC03337,U01288,B021,605873062372,Current,121570,Active,10/1/2014
ACC03338,U03263,B021,529102438099,Savings,102396,Active,5/16/2012
ACC03339,U00758,B026,421444706932,Savings,238836,Active,10/29/2015
ACC03340,U02069,B019,563454882186,Savings,431988,Active,2/26/2014
ACC03341,U03861,B006,198943053247,Savings,275735,Active,7/13/2015
ACC03342,U03485,B016,473241193168,Savings,299989,Active,12/16/2021
ACC03343,U00573,B027,989067761203,Savings,160786,Active,6/10/2012
ACC03344,U02497,B024,559297757101,Savings,349406,Active,4/22/2020
ACC03345,U00397,B022,387020558648,Savings,345731,Active,1/5/2016
ACC03346,U01667,B011,387314967244,Savings,214562,Active,6/4/2013
ACC03347,U02849,B030,479061813961,Savings,270508,Active,1/10/2015
ACC03348,U01284,B002,114628627186,Savings,280109,Active,2/24/2019
ACC03349,U00345,B011,392499806517,Savings,403588,Active,9/1/2013
ACC03350,U01663,B004,428373208252,Savings,347634,Active,8/14/2012
ACC03351,U01359,B020,343433024576,Savings,12920,Active,12/25/2011
ACC03352,U00454,B015,910391257618,Savings,403742,Active,7/16/2014
ACC03353,U01632,B027,402932634286,Savings,396035,Active,1/31/2017
ACC03354,U04873,B030,750301321689,Savings,113808,Active,2/10/2016
ACC03355,U03840,B006,837416611119,Savings,44511,Active,4/10/2019
ACC03356,U03917,B028,155167329904,Savings,40740,Active,1/10/2013
ACC03357,U02205,B011,347589151063,Savings,180631,Active,5/27/2012
ACC03358,U01915,B019,608901034050,Savings,87300,Active,2/16/2021
ACC03359,U02909,B003,211628329058,Savings,392219,Active,7/26/2013
ACC03360,U02563,B021,929296597072,Savings,96249,Active,4/16/2024
ACC03361,U01747,B016,922175945736,Savings,353621,Active,7/27/2014
ACC03362,U00240,B014,827778454269,Savings,24469,Active,9/15/2011
ACC03363,U02753,B023,757593179449,Savings,351311,Active,1/21/2012
ACC03364,U04068,B011,596428406972,Savings,393615,Active,1/23/2019
ACC03365,U00295,B009,917623926307,Savings,385825,Active,3/2/2018
ACC03366,U01525,B002,882578375174,Savings,77591,Active,11/3/2014
ACC03367,U02297,B019,767860359946,Savings,49700,Active,4/6/2013
ACC03368,U03479,B022,779184084767,Current,411361,Active,7/11/2015
ACC03369,U00732,B007,450576933051,Savings,227968,Active,5/9/2015
ACC03370,U03127,B011,545457816744,Savings,241981,Active,11/4/2012
ACC03371,U01784,B016,110544399318,Savings,343133,Active,6/30/2018
ACC03372,U04531,B014,400144862629,Savings,10445,Active,1/13/2016
ACC03373,U00963,B013,790188367333,Savings,116856,Active,3/11/2014
ACC03374,U03381,B024,127063036245,Savings,419799,Active,4/8/2015
ACC03375,U00495,B008,429581781755,Savings,270035,Active,7/28/2016
ACC03376,U02341,B020,209974936743,Savings,202048,Active,7/11/2014
ACC03377,U04979,B022,270501100701,Savings,66093,Active,12/14/2018
ACC03378,U03720,B021,820094542958,Savings,424354,Inactive,11/8/2012
ACC03379,U04478,B004,355883748512,Savings,230858,Active,7/6/2012
ACC03380,U03839,B023,884883962429,Savings,370634,Active,12/7/2010
ACC03381,U04572,B007,315662469850,Current,427993,Active,9/30/2016
ACC03382,U02492,B026,818630259068,Savings,50554,Active,12/5/2017
ACC03383,U04333,B010,371666047171,Savings,30100,Inactive,7/8/2014
ACC03384,U03716,B026,782182822434,Savings,247770,Active,12/17/2015
ACC03385,U02263,B005,946376518073,Savings,270586,Active,3/24/2025
ACC03386,U03181,B011,769989381557,Savings,110167,Active,11/28/2012
ACC03387,U02976,B017,893316740764,Savings,407663,Active,3/24/2014
ACC03388,U03959,B016,983146283432,Savings,262025,Active,12/21/2018
ACC03389,U04205,B027,880883729005,Savings,65291,Active,2/15/2014
ACC03390,U00018,B013,764493771557,Savings,8942,Active,3/15/2020
ACC03391,U04093,B024,113571123886,Savings,299342,Active,6/24/2011
ACC03392,U00428,B006,350730449174,Savings,205500,Active,8/8/2019
ACC03393,U02370,B009,361415950783,Savings,422171,Active,3/6/2016
ACC03394,U02775,B004,113408353635,Savings,46446,Active,6/15/2016
ACC03395,U03519,B002,698937246681,Savings,148331,Active,4/8/2012
ACC03396,U04327,B028,940827776576,Savings,1979,Active,2/3/2025
ACC03397,U03096,B023,331474608134,Savings,25388,Active,4/18/2024
ACC03398,U00293,B012,388075304848,Savings,59622,Active,7/29/2013
ACC03399,U03130,B018,128340488548,Savings,191895,Active,1/16/2012
ACC03400,U01625,B019,490645767715,Savings,497668,Active,8/4/2015
ACC03401,U04019,B021,566455796635,Savings,367271,Active,12/30/2018
ACC03402,U02284,B014,921090652847,Savings,271022,Active,12/22/2011
ACC03403,U00984,B009,433329242157,Savings,370044,Active,9/5/2013
ACC03404,U04979,B028,238972111448,Savings,358098,Inactive,9/21/2023
ACC03405,U04473,B017,755420247190,Savings,23239,Active,10/30/2011
ACC03406,U03695,B020,700377364089,Savings,104119,Active,8/31/2010
ACC03407,U02224,B029,708664336184,Savings,442652,Active,1/13/2010
ACC03408,U03019,B027,104650189513,Savings,11427,Inactive,3/23/2010
ACC03409,U02000,B014,185715463781,Savings,444635,Active,2/3/2012
ACC03410,U04732,B019,912649280199,Savings,110464,Active,4/24/2013
ACC03411,U01144,B021,566649069203,Savings,257631,Active,11/3/2012
ACC03412,U01721,B028,308394548175,Savings,333923,Active,9/20/2019
ACC03413,U04040,B005,702138422835,Savings,97673,Active,1/26/2011
ACC03414,U04267,B001,830276579003,Savings,56503,Active,1/17/2011
ACC03415,U01008,B008,629170446953,Savings,440207,Active,4/7/2010
ACC03416,U03269,B004,324502417321,Savings,485538,Active,3/18/2011
ACC03417,U04063,B010,739013202986,Savings,479786,Active,3/24/2017
ACC03418,U01780,B028,509957611586,Current,15372,Active,1/4/2011
ACC03419,U03065,B024,314009995120,Savings,157608,Active,2/2/2018
ACC03420,U02751,B025,289258416079,Savings,213673,Active,1/6/2011
ACC03421,U00520,B005,514715774909,Savings,68817,Active,12/7/2014
ACC03422,U00952,B021,200172597827,Savings,314467,Active,5/24/2017
ACC03423,U02451,B006,677803438710,Savings,229645,Active,1/19/2018
ACC03424,U03214,B006,689582511793,Savings,225233,Active,11/19/2018
ACC03425,U01417,B008,854342258025,Savings,111656,Active,7/29/2023
ACC03426,U01223,B008,262997303490,Savings,206740,Active,7/30/2011
ACC03427,U02916,B010,927346534204,Savings,41403,Active,10/13/2019
ACC03428,U03898,B020,905075274705,Savings,162792,Active,5/17/2011
ACC03429,U01330,B027,247509422085,Savings,361662,Active,4/11/2016
ACC03430,U02347,B029,151838255265,Savings,279374,Active,4/29/2014
ACC03431,U04649,B025,913231340004,Savings,59470,Active,8/4/2011
ACC03432,U04177,B016,890180157995,Savings,319895,Active,12/18/2012
ACC03433,U02630,B023,152061369605,Savings,223948,Active,7/20/2012
ACC03434,U03335,B019,787869779600,Savings,402401,Active,3/9/2011
ACC03435,U04991,B022,172832314824,Savings,383110,Active,7/3/2018
ACC03436,U03759,B028,348230876240,Savings,10059,Active,12/24/2014
ACC03437,U02371,B011,243769398393,Savings,104050,Active,11/3/2017
ACC03438,U01946,B002,560870967573,Savings,140642,Active,7/4/2025
ACC03439,U04098,B006,833947276626,Savings,280169,Active,11/19/2024
ACC03440,U02731,B011,588069432537,Savings,98301,Active,10/1/2015
ACC03441,U00245,B010,181879837803,Savings,204654,Active,8/20/2016
ACC03442,U00791,B012,276481046901,Savings,414489,Active,9/29/2017
ACC03443,U03287,B029,803620465793,Savings,159331,Active,7/25/2016
ACC03444,U02993,B019,960426310095,Current,314579,Active,2/21/2019
ACC03445,U00673,B030,227091134120,Savings,248530,Active,5/6/2011
ACC03446,U00677,B025,758574918843,Savings,276154,Active,12/9/2014
ACC03447,U01415,B013,136076806336,Savings,199642,Active,1/10/2010
ACC03448,U02590,B007,113573992731,Savings,191272,Active,5/12/2012
ACC03449,U00613,B004,964903152625,Savings,370022,Active,8/11/2013
ACC03450,U01536,B020,560846168132,Savings,67633,Active,3/28/2010
ACC03451,U01246,B029,332462497018,Savings,149011,Active,2/17/2019
ACC03452,U01957,B026,204335165273,Savings,251245,Active,12/16/2021
ACC03453,U02540,B012,907767501757,Savings,157796,Active,8/17/2012
ACC03454,U03581,B028,866460573298,Savings,63894,Active,1/9/2012
ACC03455,U00700,B020,737357922188,Savings,268430,Active,5/27/2011
ACC03456,U00668,B025,425627596891,Savings,78018,Active,11/4/2014
ACC03457,U01792,B024,985547454002,Savings,402337,Active,7/23/2017
ACC03458,U02499,B015,173866329516,Savings,263361,Active,6/3/2010
ACC03459,U03793,B030,845843119395,Savings,403304,Active,4/9/2010
ACC03460,U04991,B001,109855809346,Savings,91310,Active,3/29/2015
ACC03461,U00859,B023,556069005745,Savings,203723,Active,1/24/2013
ACC03462,U00430,B021,174377842438,Savings,128483,Active,3/4/2025
ACC03463,U03258,B019,759276224932,Savings,233325,Active,8/3/2010
ACC03464,U00575,B024,961578003811,Savings,54935,Active,2/25/2019
ACC03465,U02516,B001,592311224220,Savings,97945,Active,9/30/2016
ACC03466,U01291,B021,623086985548,Savings,448129,Active,5/29/2020
ACC03467,U00586,B008,492697331985,Savings,71405,Active,12/19/2021
ACC03468,U01136,B022,334118104861,Savings,232078,Active,6/4/2011
ACC03469,U00796,B001,499479616782,Savings,296561,Active,10/13/2018
ACC03470,U01079,B002,893103332594,Savings,436217,Active,2/13/2020
ACC03471,U04725,B007,212631265523,Savings,378989,Active,2/23/2012
ACC03472,U04407,B025,846292064077,Savings,297650,Active,7/6/2015
ACC03473,U00357,B011,866174705961,Savings,30855,Active,2/19/2013
ACC03474,U01423,B017,439946428567,Savings,157606,Active,4/14/2018
ACC03475,U02956,B029,760050790601,Savings,33638,Active,7/5/2013
ACC03476,U00542,B021,774278948819,Savings,393386,Active,6/28/2012
ACC03477,U01050,B010,360600269652,Savings,268803,Active,5/13/2018
ACC03478,U02933,B015,379016219750,Savings,356738,Active,11/27/2012
ACC03479,U03162,B030,694206318594,Savings,277243,Active,12/17/2016
ACC03480,U04694,B015,439803609544,Savings,484942,Active,10/16/2011
ACC03481,U03884,B027,688165365577,Savings,170054,Active,8/4/2013
ACC03482,U04360,B013,107991340258,Savings,338798,Active,2/28/2019
ACC03483,U04972,B019,326548364399,Savings,132295,Active,11/13/2019
ACC03484,U03090,B017,438099371087,Savings,422058,Active,6/28/2013
ACC03485,U02055,B020,112258484064,Savings,408591,Active,7/16/2010
ACC03486,U04557,B020,668398076870,Savings,370640,Active,10/8/2020
ACC03487,U04702,B007,955543536387,Savings,461031,Active,10/10/2014
ACC03488,U01492,B029,677850593773,Savings,88794,Active,10/31/2010
ACC03489,U03513,B014,126612403211,Savings,282063,Active,11/9/2011
ACC03490,U00439,B007,658955160206,Savings,429636,Active,4/25/2014
ACC03491,U03094,B022,476601630173,Savings,452033,Active,5/15/2012
ACC03492,U04525,B020,404506927001,Savings,373911,Active,12/7/2012
ACC03493,U02352,B001,999792392114,Savings,498688,Active,12/15/2013
ACC03494,U04470,B001,449971517639,Savings,125651,Active,9/20/2013
ACC03495,U04600,B008,896845183773,Savings,101181,Active,6/15/2012
ACC03496,U01275,B006,601263580456,Savings,240292,Active,9/25/2015
ACC03497,U01008,B020,842239600603,Savings,44511,Active,5/3/2014
ACC03498,U01667,B021,806000225849,Savings,102270,Active,1/24/2011
ACC03499,U02592,B005,730182843476,Savings,80058,Active,3/16/2019
ACC03500,U03993,B024,868977108363,Savings,56617,Active,11/11/2022
ACC03501,U00218,B013,508481093239,Savings,63566,Active,4/4/2013
ACC03502,U03723,B024,651357930779,Current,187582,Active,7/16/2016
ACC03503,U00872,B005,335312979960,Savings,323029,Active,5/13/2013
ACC03504,U01801,B018,786303659686,Savings,133900,Active,5/19/2013
ACC03505,U00833,B005,608149453143,Savings,468461,Active,4/7/2014
ACC03506,U01980,B016,638251938585,Savings,154060,Active,1/1/2010
ACC03507,U03384,B011,983081376267,Savings,195568,Active,7/3/2011
ACC03508,U02154,B019,813221335061,Savings,212338,Active,8/22/2018
ACC03509,U00041,B023,971061509170,Savings,125033,Active,4/10/2013
ACC03510,U01145,B007,452085644560,Savings,222240,Active,3/26/2015
ACC03511,U03895,B003,828382356482,Savings,359807,Active,10/11/2013
ACC03512,U01024,B001,254303857098,Savings,252123,Active,5/26/2019
ACC03513,U01647,B008,554239195009,Savings,212017,Active,1/13/2015
ACC03514,U04699,B011,315653272083,Savings,491095,Active,8/14/2012
ACC03515,U01124,B007,576276965879,Savings,232639,Active,4/22/2013
ACC03516,U00873,B030,103497518934,Savings,181061,Active,1/19/2013
ACC03517,U03955,B024,458304389444,Savings,273852,Active,7/14/2011
ACC03518,U03597,B030,736061557032,Savings,99446,Active,9/3/2013
ACC03519,U00841,B005,799318315209,Savings,458236,Active,2/23/2017
ACC03520,U00430,B012,539412450388,Savings,48317,Active,11/6/2012
ACC03521,U03854,B004,307655133169,Savings,10955,Inactive,4/29/2012
ACC03522,U03513,B012,513102028390,Savings,147303,Active,7/1/2015
ACC03523,U04465,B011,101360903912,Savings,16898,Active,8/10/2021
ACC03524,U03221,B028,141288254912,Savings,193613,Active,10/7/2016
ACC03525,U01760,B008,611796911397,Savings,438063,Active,7/6/2017
ACC03526,U01094,B016,526307139458,Savings,237214,Active,3/1/2011
ACC03527,U02208,B030,740135135956,Savings,371913,Active,4/6/2013
ACC03528,U04475,B019,874041151117,Savings,193865,Active,1/21/2016
ACC03529,U00622,B010,547312456853,Savings,53651,Active,4/22/2016
ACC03530,U01387,B007,644078371744,Savings,14251,Active,2/4/2019
ACC03531,U02300,B007,540895594299,Savings,107494,Active,7/15/2013
ACC03532,U04194,B027,584076318092,Savings,376550,Active,4/4/2014
ACC03533,U04372,B026,972760861618,Savings,410901,Active,8/11/2012
ACC03534,U00069,B024,513977161246,Savings,40565,Active,1/12/2021
ACC03535,U02720,B007,665715740766,Savings,187488,Active,6/9/2020
ACC03536,U00433,B020,662503606301,Current,75989,Active,4/10/2010
ACC03537,U01633,B015,293637447114,Savings,250979,Active,1/17/2016
ACC03538,U01557,B014,468465839560,Savings,265310,Active,12/22/2018
ACC03539,U03729,B019,804495070040,Savings,324940,Active,2/22/2010
ACC03540,U01332,B017,402056545632,Savings,146171,Active,6/17/2012
ACC03541,U00186,B002,450907952741,Savings,153857,Active,1/5/2017
ACC03542,U01131,B003,976139533227,Current,272815,Active,1/4/2015
ACC03543,U00273,B002,910749796295,Savings,197579,Active,5/16/2018
ACC03544,U01768,B030,665328980652,Savings,173992,Active,12/24/2015
ACC03545,U00077,B010,216991308429,Savings,435732,Active,6/26/2014
ACC03546,U04523,B010,822705666428,Savings,116542,Active,8/29/2015
ACC03547,U02121,B008,789062082908,Savings,269770,Active,6/8/2015
ACC03548,U03508,B015,240049156863,Savings,489135,Active,11/10/2010
ACC03549,U03940,B004,803821012941,Savings,209692,Active,6/29/2014
ACC03550,U04579,B009,684363435724,Savings,203469,Active,11/22/2017
ACC03551,U04987,B019,404631742139,Savings,116522,Active,9/19/2015
ACC03552,U01124,B028,794571193411,Savings,398803,Active,3/3/2018
ACC03553,U02639,B024,430254330291,Savings,53288,Active,5/25/2020
ACC03554,U00478,B006,648370587056,Savings,73467,Active,1/14/2015
ACC03555,U02512,B015,314042549133,Savings,191647,Active,6/27/2011
ACC03556,U02250,B004,227369631654,Savings,131933,Active,11/28/2020
ACC03557,U01766,B029,292592910198,Savings,175038,Active,3/13/2010
ACC03558,U02053,B026,977248313502,Savings,34816,Active,4/5/2022
ACC03559,U04043,B013,540444545923,Savings,341655,Active,5/6/2011
ACC03560,U03342,B012,785219961322,Savings,192718,Active,12/20/2013
ACC03561,U00894,B022,512879321742,Savings,167901,Active,3/4/2016
ACC03562,U01529,B029,468909705859,Savings,375095,Active,11/6/2016
ACC03563,U00256,B006,871914582426,Savings,38478,Active,7/14/2016
ACC03564,U02114,B014,177497886057,Savings,75123,Active,7/17/2019
ACC03565,U01668,B004,845555706096,Savings,178428,Active,2/24/2017
ACC03566,U01595,B013,261041524425,Savings,128273,Active,6/21/2015
ACC03567,U00009,B010,994465108346,Savings,370689,Active,12/27/2017
ACC03568,U00639,B023,991792983526,Savings,152005,Active,8/15/2015
ACC03569,U00934,B010,680687671925,Savings,113890,Active,5/5/2015
ACC03570,U01611,B019,274296432166,Savings,61490,Active,7/11/2010
ACC03571,U03921,B003,447469557794,Savings,59858,Active,11/15/2012
ACC03572,U04469,B011,101075175646,Savings,323198,Active,5/14/2012
ACC03573,U04395,B007,621028117310,Savings,112049,Active,11/25/2012
ACC03574,U03079,B019,138413050997,Savings,115743,Active,1/22/2016
ACC03575,U00047,B029,291604723196,Savings,350552,Active,4/15/2017
ACC03576,U00963,B021,516024323597,Savings,21919,Active,6/13/2017
ACC03577,U02243,B022,674150220232,Savings,267034,Active,9/28/2016
ACC03578,U01101,B013,344477472123,Savings,248512,Active,9/15/2010
ACC03579,U02038,B018,807689335844,Savings,31698,Active,12/6/2019
ACC03580,U01719,B028,380311464238,Savings,93298,Active,12/27/2019
ACC03581,U00649,B030,824835614121,Savings,173959,Active,9/2/2012
ACC03582,U04122,B009,205589855577,Savings,139573,Active,3/19/2016
ACC03583,U01901,B015,879463484570,Savings,341760,Active,12/2/2016
ACC03584,U00792,B009,759296828690,Savings,326191,Active,4/20/2017
ACC03585,U00220,B004,986316461654,Savings,1621,Active,10/14/2011
ACC03586,U04900,B010,155493640256,Savings,449012,Active,4/21/2020
ACC03587,U02662,B005,426522914529,Savings,376113,Active,11/3/2011
ACC03588,U03489,B013,657989493338,Savings,85348,Active,5/21/2022
ACC03589,U03123,B010,707784238293,Savings,207016,Active,4/12/2018
ACC03590,U01454,B022,727896356879,Savings,218191,Active,3/25/2011
ACC03591,U01086,B025,956593048453,Savings,458979,Active,1/16/2015
ACC03592,U02248,B021,791369408682,Savings,143897,Active,8/7/2015
ACC03593,U01601,B026,260031225755,Current,335934,Active,12/9/2013
ACC03594,U02064,B007,700983834378,Savings,382020,Active,2/22/2021
ACC03595,U01879,B029,888231522324,Savings,195053,Active,12/9/2018
ACC03596,U04377,B024,915015313648,Savings,480812,Active,7/24/2014
ACC03597,U01018,B030,841961757112,Savings,233227,Active,7/24/2011
ACC03598,U01260,B030,676274813758,Savings,485643,Active,4/18/2022
ACC03599,U03394,B001,146305054932,Savings,228126,Active,4/2/2017
ACC03600,U04169,B016,360011880232,Savings,333661,Active,8/4/2018
ACC03601,U00477,B015,236480349637,Savings,383448,Active,6/29/2020
ACC03602,U01823,B017,785722189726,Savings,422527,Active,4/7/2012
ACC03603,U02311,B008,465700503223,Savings,283396,Active,8/25/2013
ACC03604,U01834,B005,113591923526,Savings,227770,Active,5/18/2010
ACC03605,U02484,B014,686020453642,Savings,152761,Active,2/14/2017
ACC03606,U01262,B017,442926921958,Savings,14493,Active,10/15/2015
ACC03607,U00013,B021,811850394789,Savings,431355,Active,7/19/2014
ACC03608,U03131,B007,656124304780,Savings,447592,Active,10/22/2012
ACC03609,U01913,B030,232314042346,Current,57075,Active,5/9/2010
ACC03610,U03447,B003,151037872768,Savings,177798,Active,12/19/2014
ACC03611,U02233,B022,292976820794,Savings,393591,Active,2/28/2013
ACC03612,U03217,B021,540522715917,Savings,413181,Active,7/16/2016
ACC03613,U00191,B015,689765495841,Savings,252925,Active,3/17/2017
ACC03614,U02810,B008,291490506603,Savings,359171,Active,9/3/2018
ACC03615,U00826,B022,710446237106,Savings,278454,Active,4/25/2023
ACC03616,U02623,B019,124860757641,Savings,421570,Active,9/20/2012
ACC03617,U02808,B029,341877093477,Savings,81329,Active,10/20/2019
ACC03618,U01837,B016,178517031269,Savings,103662,Active,3/10/2010
ACC03619,U00959,B016,730007308420,Savings,142056,Active,1/1/2015
ACC03620,U04735,B030,863562679468,Savings,217318,Active,4/5/2017
ACC03621,U03344,B018,377973714127,Savings,239688,Active,10/3/2012
ACC03622,U03218,B025,692954505443,Savings,342623,Active,9/18/2010
ACC03623,U01038,B014,495978499687,Savings,264415,Active,5/3/2024
ACC03624,U04910,B002,457861550802,Savings,19956,Active,11/12/2014
ACC03625,U02645,B003,659575084322,Savings,81286,Active,10/4/2011
ACC03626,U00307,B016,587356418335,Savings,461249,Active,9/5/2019
ACC03627,U01471,B026,691715681077,Savings,129764,Active,4/21/2015
ACC03628,U01564,B004,901593908901,Savings,20215,Active,1/7/2018
ACC03629,U04536,B028,654497377992,Savings,218529,Active,11/20/2016
ACC03630,U00290,B029,767620936352,Savings,373209,Active,4/23/2014
ACC03631,U03338,B012,783985960200,Savings,369390,Active,7/16/2015
ACC03632,U02196,B017,223303301515,Savings,470173,Active,4/18/2010
ACC03633,U00455,B020,349495085547,Savings,121572,Active,2/15/2017
ACC03634,U04941,B021,739727175390,Savings,192491,Active,2/22/2011
ACC03635,U02443,B022,584627346695,Savings,158179,Active,4/19/2011
ACC03636,U01698,B023,250437472151,Savings,147435,Active,3/10/2011
ACC03637,U01287,B026,448848627654,Savings,448382,Active,9/9/2016
ACC03638,U01471,B008,461749150962,Savings,171641,Active,9/30/2020
ACC03639,U01693,B009,800202336275,Savings,264141,Active,2/7/2014
ACC03640,U04067,B024,947936992803,Current,430468,Active,12/30/2018
ACC03641,U04090,B016,785863991448,Savings,42982,Active,10/16/2014
ACC03642,U03674,B024,176882142153,Savings,302049,Active,12/25/2017
ACC03643,U01852,B007,514600771784,Savings,422213,Active,7/19/2011
ACC03644,U03417,B001,997589971451,Savings,371945,Active,8/31/2019
ACC03645,U01276,B021,949103225215,Savings,308580,Active,4/27/2023
ACC03646,U03153,B014,590988213236,Savings,492945,Active,3/5/2014
ACC03647,U04314,B010,189849821953,Savings,22394,Active,5/10/2010
ACC03648,U03973,B018,161179420807,Savings,422334,Active,6/18/2020
ACC03649,U01939,B023,195900707664,Savings,283533,Active,7/9/2017
ACC03650,U04076,B020,291757069355,Savings,416677,Active,9/5/2011
ACC03651,U00181,B029,786816387211,Savings,480784,Active,9/4/2012
ACC03652,U00225,B001,696249777268,Savings,271100,Active,1/24/2010
ACC03653,U00338,B022,844546778525,Savings,417131,Active,10/23/2010
ACC03654,U02817,B004,960893661387,Savings,397797,Active,1/7/2023
ACC03655,U01831,B020,532270000797,Savings,392544,Active,6/16/2014
ACC03656,U01347,B019,713576316317,Savings,55155,Active,5/26/2023
ACC03657,U00681,B020,100300101662,Savings,406609,Active,2/28/2024
ACC03658,U01599,B001,201307096312,Savings,235599,Active,5/22/2016
ACC03659,U04028,B021,464467639029,Savings,272051,Active,6/23/2017
ACC03660,U01340,B006,409848704759,Savings,191821,Active,10/23/2018
ACC03661,U04680,B001,362466071972,Savings,262112,Active,1/10/2016
ACC03662,U02293,B018,491265551816,Savings,283958,Active,12/3/2012
ACC03663,U02839,B014,945938993319,Savings,405805,Active,1/1/2016
ACC03664,U02279,B017,969895877599,Savings,354924,Active,4/20/2020
ACC03665,U01744,B003,350208427049,Savings,431733,Active,8/27/2016
ACC03666,U03218,B025,659959366902,Savings,495389,Active,9/19/2022
ACC03667,U01089,B030,815375248153,Savings,67342,Active,3/31/2014
ACC03668,U02051,B028,153342084073,Savings,236354,Active,1/9/2014
ACC03669,U01605,B010,734855180195,Savings,458174,Active,1/11/2010
ACC03670,U04800,B026,678217324248,Savings,20982,Active,12/31/2012
ACC03671,U01448,B013,922699735244,Savings,292306,Active,3/16/2014
ACC03672,U01636,B011,236931513077,Savings,211009,Active,5/4/2022
ACC03673,U02496,B027,552796340375,Savings,845,Active,3/8/2018
ACC03674,U03762,B005,554368263668,Savings,67996,Active,7/13/2024
ACC03675,U02082,B022,187577609693,Savings,167952,Active,1/7/2015
ACC03676,U04150,B027,331696908460,Savings,417273,Active,3/14/2017
ACC03677,U00698,B030,176629547633,Current,190459,Active,6/4/2012
ACC03678,U00330,B022,584149114410,Savings,489201,Active,4/30/2018
ACC03679,U04614,B029,112115122165,Current,153120,Active,10/23/2018
ACC03680,U04319,B020,271778390693,Savings,19051,Active,9/25/2013
ACC03681,U03788,B008,916069093338,Savings,416364,Active,3/21/2019
ACC03682,U03766,B026,873469873245,Savings,29464,Active,11/23/2016
ACC03683,U04702,B026,523035579300,Savings,89990,Active,5/22/2010
ACC03684,U04595,B024,949670136916,Savings,54978,Active,5/21/2013
ACC03685,U04994,B018,729595409890,Savings,224272,Active,11/21/2013
ACC03686,U03051,B015,207723014796,Savings,402723,Active,11/11/2017
ACC03687,U04671,B005,650089536996,Savings,402996,Active,4/10/2019
ACC03688,U02280,B028,126115440851,Savings,36213,Active,9/17/2019
ACC03689,U00196,B012,763654490217,Savings,499744,Active,3/26/2017
ACC03690,U02232,B011,317622450687,Savings,267418,Active,1/13/2014
ACC03691,U00386,B004,450180718393,Savings,70346,Active,3/3/2012
ACC03692,U04302,B003,265324634356,Savings,176505,Active,5/17/2016
ACC03693,U01484,B007,991113740541,Savings,222073,Active,6/28/2021
ACC03694,U04980,B024,453875553428,Savings,137264,Active,2/19/2013
ACC03695,U04553,B016,930300233040,Savings,267084,Active,11/4/2013
ACC03696,U03858,B007,344779793150,Savings,67128,Active,6/18/2011
ACC03697,U02550,B025,152667060684,Savings,211936,Active,10/20/2015
ACC03698,U03269,B018,367482395555,Savings,384975,Active,9/15/2017
ACC03699,U01780,B030,143034735709,Savings,384391,Active,4/19/2014
ACC03700,U03708,B007,194257040996,Savings,489983,Active,8/2/2010
ACC03701,U04912,B015,470006759562,Savings,287642,Active,3/22/2012
ACC03702,U00651,B014,360798034856,Savings,21017,Active,7/1/2011
ACC03703,U03717,B016,234127240434,Savings,177755,Active,5/8/2013
ACC03704,U02848,B020,624763060885,Savings,282424,Active,5/22/2021
ACC03705,U03912,B002,156097330496,Savings,417903,Active,7/17/2013
ACC03706,U03643,B029,916867379828,Savings,36738,Active,1/2/2011
ACC03707,U04778,B028,654554065324,Savings,104702,Active,6/10/2016
ACC03708,U03564,B007,329952474325,Savings,55068,Active,2/19/2010
ACC03709,U00403,B005,480909871111,Savings,401338,Active,12/25/2010
ACC03710,U03066,B006,287512287090,Savings,458369,Active,10/11/2010
ACC03711,U00345,B026,715420646010,Savings,100182,Active,10/8/2014
ACC03712,U04793,B017,962151036995,Savings,463986,Active,5/5/2019
ACC03713,U04005,B002,166641861792,Savings,185974,Active,6/10/2021
ACC03714,U00756,B009,987311054349,Savings,140108,Active,11/1/2015
ACC03715,U02530,B007,975849379988,Savings,72755,Active,2/10/2018
ACC03716,U03428,B004,447889815271,Savings,52713,Active,2/7/2010
ACC03717,U02152,B016,687159569812,Savings,145750,Inactive,4/2/2017
ACC03718,U03841,B018,287414103988,Savings,490392,Active,7/3/2010
ACC03719,U00431,B002,540264749183,Savings,271565,Active,7/8/2010
ACC03720,U00278,B021,474877120636,Current,413427,Active,9/1/2012
ACC03721,U02719,B025,859078184528,Savings,496831,Active,12/16/2013
ACC03722,U04073,B019,289590001797,Savings,441796,Active,8/14/2019
ACC03723,U04300,B019,289626248230,Savings,130643,Active,2/14/2017
ACC03724,U04334,B016,499579442389,Savings,415304,Active,6/8/2015
ACC03725,U04819,B014,348522928480,Savings,268186,Active,7/19/2013
ACC03726,U04789,B027,638328405151,Savings,245070,Active,1/7/2016
ACC03727,U03738,B012,200914291286,Savings,304167,Active,9/29/2017
ACC03728,U04103,B003,295683109041,Savings,293724,Active,5/21/2018
ACC03729,U01186,B005,500256036918,Current,245396,Active,5/4/2016
ACC03730,U00797,B025,461877656887,Savings,88999,Active,2/22/2014
ACC03731,U00264,B023,971983379538,Savings,296909,Active,11/17/2015
ACC03732,U01332,B010,179089796632,Savings,180745,Active,5/5/2018
ACC03733,U04323,B023,176915980674,Savings,431381,Active,3/24/2016
ACC03734,U00013,B008,168167448645,Savings,77912,Active,11/25/2010
ACC03735,U00891,B025,748317685429,Savings,190859,Active,4/28/2017
ACC03736,U04881,B025,193468991203,Savings,366560,Active,4/12/2018
ACC03737,U04563,B002,534646081411,Savings,149111,Active,7/7/2014
ACC03738,U02696,B016,582799638791,Savings,458329,Active,1/21/2018
ACC03739,U04418,B027,779213895812,Savings,107257,Active,12/18/2019
ACC03740,U04229,B002,580660259057,Savings,119755,Active,6/27/2015
ACC03741,U03638,B005,604180489314,Savings,64052,Active,9/23/2021
ACC03742,U00206,B030,415955000926,Current,146815,Active,12/28/2018
ACC03743,U00820,B025,453075155585,Savings,90198,Active,11/21/2010
ACC03744,U03751,B027,436453291729,Savings,452536,Active,11/4/2015
ACC03745,U03805,B030,229925553052,Savings,57424,Active,7/6/2020
ACC03746,U00224,B012,330564214206,Current,284122,Active,5/2/2017
ACC03747,U04982,B021,466749926809,Savings,302614,Active,10/11/2020
ACC03748,U03033,B029,179934484211,Savings,346867,Active,2/9/2020
ACC03749,U03911,B014,145473668059,Savings,172994,Active,5/25/2016
ACC03750,U00041,B020,403114196270,Savings,131826,Active,11/7/2012
ACC03751,U02419,B020,608818821894,Savings,418314,Active,6/19/2017
ACC03752,U04966,B002,370371100513,Savings,366621,Active,1/11/2022
ACC03753,U01869,B017,199105801662,Savings,461702,Active,9/1/2016
ACC03754,U04804,B007,204800368015,Savings,211219,Active,12/10/2014
ACC03755,U04069,B030,855849392547,Savings,148990,Active,9/16/2016
ACC03756,U01614,B013,205256815498,Savings,82216,Active,8/2/2011
ACC03757,U03474,B030,306472503766,Savings,443639,Active,8/19/2013
ACC03758,U02973,B025,321954695098,Savings,273703,Active,5/1/2011
ACC03759,U03560,B024,678816693251,Savings,402720,Active,2/14/2013
ACC03760,U02397,B020,915580451467,Savings,373922,Active,1/22/2016
ACC03761,U03098,B022,728596623602,Savings,316466,Active,2/6/2010
ACC03762,U04211,B029,228362485159,Savings,48761,Active,5/27/2010
ACC03763,U02855,B014,289244404578,Savings,397723,Active,7/24/2014
ACC03764,U04786,B018,313289004271,Savings,317163,Active,6/21/2019
ACC03765,U00987,B006,676304252139,Savings,461406,Active,7/6/2011
ACC03766,U00340,B026,674381488083,Savings,56408,Active,8/7/2018
ACC03767,U03315,B012,397352546625,Savings,44235,Active,7/17/2010
ACC03768,U00825,B009,180453759422,Savings,332306,Active,10/13/2015
ACC03769,U01844,B014,889644649731,Savings,80143,Active,1/22/2010
ACC03770,U04544,B015,630119089941,Savings,256242,Active,4/6/2019
ACC03771,U03707,B016,452169968116,Savings,177964,Active,2/22/2017
ACC03772,U01352,B025,943068009202,Savings,171488,Active,2/26/2017
ACC03773,U01871,B001,840861774302,Savings,96825,Active,2/13/2011
ACC03774,U00047,B001,432703120461,Savings,262853,Active,4/30/2012
ACC03775,U03190,B007,738069866272,Savings,289925,Active,4/5/2011
ACC03776,U04031,B005,155041789576,Savings,223977,Active,7/20/2023
ACC03777,U00242,B001,992095168944,Savings,372700,Active,1/20/2015
ACC03778,U03138,B011,956561641877,Savings,327301,Active,10/24/2020
ACC03779,U01291,B004,426404653215,Savings,156332,Active,8/6/2016
ACC03780,U02444,B014,920783063846,Savings,267954,Active,3/17/2023
ACC03781,U03207,B006,677549866106,Savings,248298,Active,11/16/2012
ACC03782,U03085,B028,442928400807,Savings,365255,Active,10/30/2013
ACC03783,U03934,B012,663485629129,Savings,326808,Active,1/13/2014
ACC03784,U04912,B028,886015967730,Savings,121700,Active,1/21/2010
ACC03785,U00046,B009,590450758508,Current,334828,Active,6/11/2024
ACC03786,U03195,B007,173223670522,Savings,109611,Active,1/25/2010
ACC03787,U03847,B003,753007449313,Savings,499946,Active,7/21/2016
ACC03788,U00728,B001,320152571078,Current,287592,Active,2/1/2010
ACC03789,U02033,B017,514746413397,Savings,468321,Active,9/22/2010
ACC03790,U00790,B012,912979082835,Savings,414903,Active,9/17/2010
ACC03791,U02456,B020,557032804497,Savings,148723,Active,10/25/2014
ACC03792,U01293,B026,857413639673,Savings,426535,Active,10/19/2010
ACC03793,U01661,B010,406095769686,Savings,410811,Active,2/12/2012
ACC03794,U03805,B011,483905055292,Savings,169491,Active,7/2/2017
ACC03795,U02070,B028,737142518205,Savings,499220,Active,10/20/2015
ACC03796,U00664,B002,665589280245,Savings,453145,Active,2/27/2016
ACC03797,U04444,B006,920749521584,Savings,366352,Active,7/14/2012
ACC03798,U04258,B027,604882219691,Savings,380202,Active,8/26/2015
ACC03799,U01116,B016,654464095125,Savings,368996,Active,9/20/2020
ACC03800,U02891,B025,778078540095,Savings,323267,Active,6/26/2020
ACC03801,U00673,B019,895313758996,Savings,197027,Active,11/29/2022
ACC03802,U01267,B015,238496395493,Savings,220547,Active,2/27/2022
ACC03803,U01177,B021,604735059453,Savings,486983,Active,11/14/2012
ACC03804,U01686,B005,916807549997,Savings,169005,Active,1/31/2011
ACC03805,U04719,B027,568402588468,Savings,481526,Active,7/1/2017
ACC03806,U03483,B011,130500185525,Savings,425752,Active,1/29/2011
ACC03807,U01673,B027,497305131946,Savings,488084,Active,3/10/2023
ACC03808,U04248,B027,548188196793,Savings,298124,Active,8/25/2013
ACC03809,U03534,B022,259132570910,Savings,484100,Active,9/2/2016
ACC03810,U04571,B027,650901373996,Savings,288490,Active,5/29/2014
ACC03811,U03640,B025,355740861603,Savings,276166,Active,3/7/2013
ACC03812,U03882,B019,705090727561,Savings,465297,Active,6/2/2017
ACC03813,U03407,B005,257547227442,Savings,250619,Active,9/12/2015
ACC03814,U04602,B028,573555428571,Savings,422094,Active,6/8/2020
ACC03815,U02194,B025,956499775146,Savings,228342,Active,4/13/2023
ACC03816,U01104,B026,500479415557,Savings,140392,Active,7/20/2016
ACC03817,U04594,B012,908174601022,Savings,450095,Active,12/1/2019
ACC03818,U03946,B012,860162745144,Savings,12683,Active,2/4/2020
ACC03819,U04738,B030,799874005743,Savings,486020,Active,3/8/2016
ACC03820,U03444,B022,811403887696,Savings,468135,Active,3/4/2013
ACC03821,U02480,B001,765290675622,Savings,128476,Active,11/22/2011
ACC03822,U03073,B022,939416807883,Current,200154,Active,2/14/2011
ACC03823,U01017,B022,395812518024,Savings,157968,Active,10/2/2011
ACC03824,U03764,B008,328238358660,Savings,360658,Active,7/1/2020
ACC03825,U00137,B017,572743529343,Savings,250420,Active,11/27/2016
ACC03826,U04447,B017,763745961064,Savings,470551,Active,9/7/2015
ACC03827,U02952,B020,494997229944,Savings,12365,Active,10/19/2024
ACC03828,U02676,B005,618500495736,Savings,311288,Active,6/20/2015
ACC03829,U00422,B004,521026528961,Savings,124411,Active,10/10/2018
ACC03830,U04522,B020,745501325512,Savings,79699,Active,8/16/2019
ACC03831,U01039,B010,217771083576,Savings,356031,Active,12/24/2011
ACC03832,U04393,B001,471048960052,Savings,83973,Active,6/27/2010
ACC03833,U04235,B026,963847784286,Savings,363571,Active,2/23/2016
ACC03834,U04239,B012,788884955805,Savings,55453,Active,2/17/2011
ACC03835,U03852,B024,701883859809,Savings,17219,Active,10/7/2018
ACC03836,U00854,B025,739642444712,Savings,217321,Active,12/2/2020
ACC03837,U01850,B015,749417908136,Savings,47639,Active,8/10/2013
ACC03838,U04271,B011,447041748738,Savings,471316,Active,1/19/2017
ACC03839,U01205,B010,699889665387,Savings,175936,Active,2/18/2016
ACC03840,U01821,B005,147025636529,Savings,220611,Active,6/14/2020
ACC03841,U04552,B018,999089553043,Savings,56799,Active,3/14/2016
ACC03842,U01415,B012,811978113071,Savings,140103,Active,10/8/2011
ACC03843,U04395,B001,695138484354,Savings,138982,Active,6/25/2010
ACC03844,U01538,B030,240585296020,Current,486169,Active,1/5/2011
ACC03845,U00973,B011,897311685650,Savings,421278,Active,2/1/2017
ACC03846,U00819,B021,700046157646,Savings,397032,Active,1/13/2010
ACC03847,U00724,B010,577408981235,Current,240430,Active,12/31/2014
ACC03848,U02405,B006,892211961671,Savings,185199,Active,12/11/2017
ACC03849,U04279,B019,931139269024,Savings,398000,Active,8/26/2011
ACC03850,U01234,B021,734021845492,Savings,452433,Active,2/3/2015
ACC03851,U02205,B007,616255571229,Savings,414509,Active,4/27/2011
ACC03852,U01068,B029,557609930581,Current,29730,Active,10/9/2019
ACC03853,U00035,B005,299080711843,Savings,251111,Active,8/14/2016
ACC03854,U03470,B029,909927280696,Savings,428684,Active,11/10/2015
ACC03855,U04065,B019,991663736070,Savings,301788,Active,2/14/2011
ACC03856,U03832,B029,488321020924,Savings,334761,Active,8/24/2019
ACC03857,U00598,B004,774812253380,Savings,51368,Active,1/19/2014
ACC03858,U01803,B023,240728920824,Savings,315122,Active,7/23/2018
ACC03859,U03052,B006,338595015412,Savings,498697,Active,11/5/2014
ACC03860,U02412,B030,415803100731,Savings,223482,Active,1/9/2012
ACC03861,U03637,B005,437453825182,Savings,38377,Active,10/17/2015
ACC03862,U02437,B002,928044873420,Savings,108817,Active,2/12/2017
ACC03863,U04772,B009,991560774318,Savings,140709,Active,12/6/2015
ACC03864,U02604,B005,130027096241,Savings,78994,Active,1/15/2015
ACC03865,U04094,B001,966022703047,Savings,313584,Active,1/22/2011
ACC03866,U00739,B030,424682281064,Savings,199787,Active,5/12/2012
ACC03867,U03344,B003,896548975114,Savings,306342,Active,6/24/2013
ACC03868,U03028,B010,643757140416,Savings,232839,Active,12/25/2010
ACC03869,U03677,B008,706407644338,Savings,92461,Active,4/27/2017
ACC03870,U02488,B027,777381755706,Savings,272851,Active,1/8/2015
ACC03871,U03378,B008,728936632957,Savings,12767,Active,11/13/2020
ACC03872,U03861,B012,359622324578,Savings,226684,Active,12/3/2019
ACC03873,U03448,B027,449662136560,Savings,259433,Active,6/23/2010
ACC03874,U01801,B025,629953963159,Current,34729,Active,3/20/2021
ACC03875,U02164,B010,597957559444,Savings,173320,Active,3/25/2012
ACC03876,U01789,B013,215674773069,Savings,261536,Active,12/27/2016
ACC03877,U04372,B022,346354529371,Savings,346162,Active,3/6/2019
ACC03878,U00800,B016,795303737276,Savings,341791,Active,10/23/2010
ACC03879,U04768,B005,677615346590,Savings,70942,Active,8/3/2014
ACC03880,U02159,B003,829808190947,Savings,374208,Active,2/7/2012
ACC03881,U00440,B009,862702097942,Savings,75040,Active,9/1/2013
ACC03882,U04836,B027,772622394410,Savings,227020,Active,2/10/2015
ACC03883,U00881,B004,487099343850,Current,324890,Active,5/3/2017
ACC03884,U03750,B018,771751678758,Savings,169611,Active,4/8/2014
ACC03885,U03322,B021,325482478306,Savings,439610,Active,12/3/2021
ACC03886,U00194,B021,493536467887,Savings,406937,Active,6/28/2016
ACC03887,U02758,B012,634364156317,Current,24867,Active,7/16/2019
ACC03888,U03752,B025,247139131027,Savings,488592,Active,8/1/2012
ACC03889,U00123,B006,971155502357,Savings,416030,Active,5/27/2017
ACC03890,U04225,B017,552705099049,Savings,206866,Active,5/1/2014
ACC03891,U02534,B014,447750425299,Savings,296130,Active,8/29/2010
ACC03892,U00579,B004,856529006462,Savings,466924,Active,3/7/2018
ACC03893,U00816,B015,826115548251,Savings,451186,Active,11/21/2014
ACC03894,U04795,B027,753019583803,Savings,286377,Active,4/20/2010
ACC03895,U01591,B023,318021553499,Savings,477239,Active,3/5/2019
ACC03896,U02533,B019,483114539397,Current,399781,Active,4/20/2017
ACC03897,U03367,B029,670613862983,Savings,237209,Active,10/24/2010
ACC03898,U02780,B014,621507658536,Savings,444547,Active,2/22/2011
ACC03899,U01184,B020,839220701170,Savings,312885,Active,3/2/2014
ACC03900,U00671,B021,205800005053,Savings,380594,Active,12/3/2022
ACC03901,U01767,B024,864336288146,Savings,428134,Active,7/3/2017
ACC03902,U02144,B006,985709750871,Savings,488009,Inactive,6/8/2011
ACC03903,U04492,B001,178620976453,Savings,31195,Active,3/24/2016
ACC03904,U01225,B023,258139282588,Savings,124400,Active,9/7/2018
ACC03905,U03250,B006,638204754457,Savings,204561,Active,2/5/2010
ACC03906,U03968,B006,394252003689,Savings,442976,Active,7/29/2020
ACC03907,U03335,B019,417737053502,Savings,399797,Inactive,3/13/2011
ACC03908,U03858,B006,796907655123,Savings,336073,Active,4/24/2020
ACC03909,U04129,B001,175200930787,Savings,92463,Active,4/18/2015
ACC03910,U00773,B009,975279463906,Savings,12135,Active,6/30/2012
ACC03911,U00597,B009,837125808592,Savings,52967,Active,4/25/2024
ACC03912,U03366,B002,324076403406,Savings,15342,Active,12/7/2013
ACC03913,U04275,B009,364483471453,Savings,324501,Active,1/12/2019
ACC03914,U03441,B005,377319187372,Savings,47807,Active,8/1/2017
ACC03915,U00288,B019,764804618891,Current,378654,Active,6/5/2011
ACC03916,U04704,B029,811018220559,Savings,43149,Active,7/6/2010
ACC03917,U04241,B027,490521645056,Savings,337634,Active,8/7/2021
ACC03918,U00339,B004,587606512944,Savings,478491,Active,3/9/2015
ACC03919,U04363,B008,619731750103,Savings,212801,Active,7/27/2018
ACC03920,U03451,B022,986246177055,Savings,374375,Active,2/17/2021
ACC03921,U02182,B006,402909667511,Current,14676,Active,4/27/2015
ACC03922,U02158,B027,223503436661,Savings,34870,Active,5/5/2014
ACC03923,U02003,B024,274092036971,Savings,2133,Active,11/24/2010
ACC03924,U00567,B023,920861275293,Savings,71704,Active,1/22/2016
ACC03925,U04309,B025,652235208972,Savings,405612,Active,1/13/2019
ACC03926,U03689,B028,885840405894,Savings,154592,Active,1/9/2022
ACC03927,U03990,B025,558328219572,Savings,163664,Active,3/9/2011
ACC03928,U00861,B024,276405496686,Savings,339114,Active,9/8/2015
ACC03929,U03036,B016,210026524986,Current,130591,Active,2/17/2019
ACC03930,U03196,B022,340270997168,Savings,229676,Active,7/14/2011
ACC03931,U02135,B030,120158032008,Savings,252076,Active,5/31/2022
ACC03932,U03546,B011,895460200621,Savings,174467,Active,9/27/2017
ACC03933,U04171,B007,781891751640,Savings,187581,Active,12/4/2013
ACC03934,U02560,B009,145364458590,Savings,25035,Active,8/3/2018
ACC03935,U00579,B015,881215257152,Savings,259061,Active,1/18/2014
ACC03936,U00376,B023,557143801039,Savings,48163,Active,8/22/2013
ACC03937,U04825,B029,552442249493,Savings,301298,Active,10/30/2018
ACC03938,U00369,B028,347832161112,Savings,6014,Active,11/22/2015
ACC03939,U02940,B008,107750594990,Savings,222310,Active,2/26/2024
ACC03940,U03446,B001,871499582920,Savings,478420,Active,7/10/2010
ACC03941,U03017,B020,785528423072,Savings,27909,Active,6/28/2011
ACC03942,U04739,B008,933464056071,Savings,383384,Active,11/17/2021
ACC03943,U02258,B001,473675301346,Savings,488916,Active,10/11/2012
ACC03944,U04448,B027,129560734385,Savings,242320,Active,10/17/2019
ACC03945,U01372,B008,710812051170,Savings,98676,Active,12/12/2017
ACC03946,U03283,B015,329893818556,Savings,383705,Active,3/13/2020
ACC03947,U04464,B021,849557355955,Savings,224617,Active,4/20/2022
ACC03948,U04977,B007,329403142955,Savings,278471,Active,11/29/2021
ACC03949,U03724,B018,751755667020,Savings,256111,Active,10/27/2015
ACC03950,U02049,B007,940890843695,Savings,199863,Active,2/2/2014
ACC03951,U04484,B006,627098709022,Savings,302255,Active,8/16/2011
ACC03952,U00161,B019,312090217995,Savings,100357,Active,2/26/2014
ACC03953,U04810,B025,543076307159,Savings,286662,Active,12/31/2015
ACC03954,U01321,B024,769230762934,Savings,309858,Active,7/22/2012
ACC03955,U00557,B022,624536817066,Savings,473877,Active,11/10/2010
ACC03956,U04969,B019,942255976982,Savings,95186,Active,6/4/2013
ACC03957,U00104,B012,377003316114,Savings,313587,Active,5/20/2014
ACC03958,U04749,B030,460505780115,Savings,396760,Active,1/22/2025
ACC03959,U02821,B012,596349066382,Savings,49187,Active,6/18/2018
ACC03960,U02977,B004,921083708251,Savings,305794,Active,10/4/2017
ACC03961,U02052,B029,536388492290,Savings,234974,Active,6/9/2011
ACC03962,U03507,B017,935370896139,Savings,117054,Active,8/11/2015
ACC03963,U02964,B010,684470581506,Savings,136565,Active,8/1/2013
ACC03964,U01135,B007,632088691344,Current,345440,Active,2/16/2013
ACC03965,U02620,B025,122423843692,Savings,62177,Active,6/14/2010
ACC03966,U00290,B005,633582126980,Savings,65081,Active,7/28/2018
ACC03967,U04067,B016,221069555624,Savings,386758,Active,4/18/2013
ACC03968,U00072,B024,563155683261,Savings,258946,Active,3/21/2011
ACC03969,U01112,B007,422464965811,Savings,496702,Active,5/28/2016
ACC03970,U03340,B030,364361207200,Savings,285022,Active,5/4/2010
ACC03971,U00785,B003,501384458211,Current,56694,Active,12/10/2015
ACC03972,U00500,B014,544875301348,Savings,243614,Inactive,5/22/2011
ACC03973,U02990,B029,935973227382,Savings,350758,Active,4/23/2011
ACC03974,U02713,B018,126855087105,Savings,166864,Active,7/25/2011
ACC03975,U03819,B029,777736939669,Savings,12428,Active,9/27/2011
ACC03976,U03227,B027,622460623729,Savings,17449,Active,2/25/2019
ACC03977,U04137,B022,500500009855,Savings,226482,Active,4/18/2011
ACC03978,U03389,B013,781875538371,Savings,272364,Active,5/31/2010
ACC03979,U01553,B001,675362266336,Savings,402239,Active,7/7/2022
ACC03980,U02171,B026,735837474355,Savings,300384,Active,8/4/2019
ACC03981,U02127,B008,722456531340,Savings,431305,Active,3/1/2012
ACC03982,U00922,B023,687996278866,Savings,65096,Active,5/1/2017
ACC03983,U01527,B019,422178611505,Savings,303326,Active,3/8/2012
ACC03984,U01108,B026,296013428126,Savings,176695,Active,9/16/2018
ACC03985,U04665,B024,596908438900,Savings,331314,Active,3/15/2010
ACC03986,U03286,B030,715663939708,Savings,7112,Active,4/8/2011
ACC03987,U00750,B007,119570071162,Savings,173239,Active,9/14/2015
ACC03988,U03794,B029,869828398415,Savings,312103,Inactive,5/11/2017
ACC03989,U04914,B024,975889396314,Savings,245290,Active,12/10/2016
ACC03990,U00717,B013,609475351228,Savings,395119,Active,12/12/2012
ACC03991,U03577,B009,382302494523,Savings,471695,Active,2/8/2012
ACC03992,U03443,B011,321936406793,Savings,50971,Active,2/26/2014
ACC03993,U02453,B007,798975027430,Savings,74038,Active,1/15/2018
ACC03994,U01886,B020,344817060323,Savings,413052,Active,8/27/2017
ACC03995,U03319,B030,434378930089,Savings,288184,Active,9/3/2016
ACC03996,U01254,B023,479024455428,Current,132134,Active,8/28/2019
ACC03997,U01822,B005,581595710499,Savings,492587,Active,11/27/2015
ACC03998,U02956,B007,542236737798,Savings,327429,Inactive,3/19/2020
ACC03999,U04106,B011,564704391823,Savings,144838,Active,12/10/2013
ACC04000,U02625,B029,932308263657,Savings,324449,Active,12/12/2017
ACC04001,U02978,B007,604197686357,Savings,276181,Active,10/22/2016
ACC04002,U03737,B014,554475106229,Savings,308294,Active,12/27/2019
ACC04003,U01530,B030,620390022991,Savings,369044,Active,12/18/2011
ACC04004,U02738,B006,556144861796,Savings,492483,Active,10/23/2012
ACC04005,U01637,B008,801747834189,Savings,6588,Active,12/31/2011
ACC04006,U04903,B027,738750902597,Savings,317733,Active,6/24/2011
ACC04007,U02418,B017,178774557723,Savings,79507,Active,10/22/2013
ACC04008,U03856,B022,694921424618,Savings,160320,Active,5/5/2017
ACC04009,U03046,B004,290771949952,Savings,82724,Active,12/25/2014
ACC04010,U01498,B013,512141016360,Savings,48159,Active,6/9/2018
ACC04011,U01708,B015,700410516586,Current,384238,Active,4/4/2016
ACC04012,U02357,B007,696853494915,Savings,50529,Active,9/26/2010
ACC04013,U04706,B006,667191608690,Savings,194322,Active,7/9/2018
ACC04014,U02042,B010,317227286728,Savings,310030,Active,6/15/2013
ACC04015,U04236,B013,317162513309,Savings,200971,Active,5/24/2010
ACC04016,U01677,B025,180797723123,Savings,419897,Active,12/29/2018
ACC04017,U00919,B016,428831254305,Savings,300800,Active,4/22/2011
ACC04018,U02205,B011,348015596062,Savings,120960,Active,4/13/2010
ACC04019,U02993,B010,733135189016,Savings,222218,Active,11/22/2011
ACC04020,U01199,B027,132837034381,Savings,186235,Active,11/18/2014
ACC04021,U02730,B030,583710273436,Savings,432041,Active,2/19/2015
ACC04022,U00645,B001,582227246013,Savings,358860,Active,4/10/2012
ACC04023,U01224,B001,756126625349,Current,185678,Active,8/13/2021
ACC04024,U00607,B015,515965326544,Savings,114434,Active,10/15/2014
ACC04025,U02980,B022,720344798652,Savings,79836,Active,5/2/2010
ACC04026,U01895,B006,653882960381,Savings,161983,Active,6/4/2019
ACC04027,U04603,B020,976046369972,Savings,359069,Active,1/29/2012
ACC04028,U00776,B028,399135058587,Savings,6380,Active,4/28/2014
ACC04029,U00099,B012,232518642651,Savings,77629,Active,5/30/2019
ACC04030,U00880,B019,768784362640,Savings,270372,Active,1/10/2019
ACC04031,U03787,B022,107038999253,Savings,148756,Active,1/27/2020
ACC04032,U03820,B027,850938164866,Savings,296764,Active,2/14/2012
ACC04033,U00547,B021,342584489715,Savings,228261,Active,5/17/2014
ACC04034,U02516,B004,977472552254,Savings,432558,Inactive,1/22/2019
ACC04035,U02593,B004,321826032549,Savings,377195,Active,3/27/2015
ACC04036,U03952,B013,381295301409,Current,370517,Active,6/6/2010
ACC04037,U02937,B023,155144992977,Savings,489410,Active,12/9/2016
ACC04038,U04765,B010,725376200610,Savings,493245,Active,3/8/2012
ACC04039,U03789,B005,564919767657,Savings,34031,Active,1/4/2019
ACC04040,U02708,B011,353105738333,Savings,361138,Active,5/26/2020
ACC04041,U01049,B015,579463145664,Savings,463973,Active,2/23/2016
ACC04042,U02974,B022,869017398413,Savings,81402,Active,12/26/2015
ACC04043,U02150,B029,494492025543,Savings,20139,Active,10/20/2011
ACC04044,U01302,B022,940188924527,Savings,256694,Inactive,9/25/2017
ACC04045,U02332,B019,453818494385,Savings,296543,Active,10/23/2013
ACC04046,U04552,B009,971885917643,Current,324109,Active,10/28/2017
ACC04047,U04003,B019,863290413550,Savings,228075,Active,1/24/2011
ACC04048,U02652,B008,135934111890,Savings,372040,Active,4/23/2012
ACC04049,U01816,B013,928575700806,Savings,392899,Active,4/5/2018
ACC04050,U01730,B008,596913609993,Savings,353767,Active,12/4/2010
ACC04051,U04464,B004,936834704364,Savings,201879,Active,5/3/2019
ACC04052,U03686,B003,146801465184,Savings,57662,Active,6/20/2017
ACC04053,U02287,B007,604474883953,Savings,192903,Active,10/6/2020
ACC04054,U00047,B024,390510680838,Savings,115626,Active,1/1/2020
ACC04055,U00824,B025,894531783332,Savings,49166,Active,12/28/2016
ACC04056,U03217,B007,664371716554,Savings,95527,Active,2/5/2022
ACC04057,U02149,B026,159657719104,Current,423863,Active,10/2/2016
ACC04058,U02504,B020,652573654240,Savings,177679,Active,2/1/2016
ACC04059,U02699,B018,773264507317,Savings,244478,Active,2/22/2011
ACC04060,U04387,B028,687122009935,Savings,252221,Active,4/15/2022
ACC04061,U03469,B018,302469170293,Savings,302891,Active,6/20/2018
ACC04062,U04361,B026,508141363033,Savings,406233,Active,12/16/2023
ACC04063,U00822,B009,749285226609,Savings,193597,Active,3/8/2011
ACC04064,U02570,B009,571253935101,Savings,392968,Active,12/19/2021
ACC04065,U04673,B009,962384947922,Savings,114021,Active,10/1/2017
ACC04066,U02151,B022,346078119138,Savings,43119,Active,2/19/2010
ACC04067,U02702,B030,125077677978,Savings,193344,Active,1/26/2020
ACC04068,U03324,B008,744791556649,Savings,266453,Active,9/11/2018
ACC04069,U01097,B024,859230302685,Savings,152961,Active,12/12/2013
ACC04070,U00374,B004,136931492962,Savings,176072,Active,1/1/2016
ACC04071,U01849,B012,255196839891,Savings,179323,Active,10/20/2015
ACC04072,U04332,B019,309046422715,Savings,324125,Active,8/12/2010
ACC04073,U01870,B005,859941760207,Savings,132089,Active,2/23/2016
ACC04074,U03275,B008,568159547182,Savings,122631,Inactive,2/12/2018
ACC04075,U01482,B029,106326652687,Savings,350541,Active,8/21/2017
ACC04076,U02766,B003,545760657595,Savings,264197,Active,3/27/2010
ACC04077,U01933,B024,397750212470,Current,61985,Active,9/1/2024
ACC04078,U00710,B016,657631435411,Savings,248857,Active,6/14/2021
ACC04079,U02932,B012,933254550872,Savings,482627,Active,5/1/2022
ACC04080,U02857,B008,794227150159,Savings,194097,Active,2/7/2015
ACC04081,U04789,B011,150703427120,Savings,439350,Active,6/14/2017
ACC04082,U02729,B024,904090034574,Savings,395261,Active,11/1/2023
ACC04083,U02682,B029,385044213775,Savings,152385,Active,12/27/2012
ACC04084,U01277,B008,871121192865,Savings,135777,Active,4/15/2020
ACC04085,U01487,B011,487469739418,Savings,340959,Active,7/11/2015
ACC04086,U00826,B030,321916616709,Savings,407620,Active,2/4/2014
ACC04087,U01771,B013,928415769823,Current,347785,Active,5/31/2010
ACC04088,U04597,B026,517587864334,Savings,18622,Active,1/31/2018
ACC04089,U00183,B002,426444026221,Savings,194372,Active,11/24/2014
ACC04090,U02391,B020,270996268416,Savings,225481,Active,4/26/2021
ACC04091,U02211,B013,737621367716,Savings,320169,Active,4/2/2012
ACC04092,U00446,B009,178989617835,Savings,440679,Active,12/8/2012
ACC04093,U03342,B021,463307549973,Savings,263755,Active,7/12/2018
ACC04094,U03043,B002,384011039562,Savings,306099,Active,9/9/2018
ACC04095,U02219,B020,488403070124,Savings,365336,Active,4/1/2018
ACC04096,U00779,B017,288819762452,Savings,299475,Inactive,4/21/2016
ACC04097,U03578,B026,175493399433,Savings,247112,Active,6/7/2016
ACC04098,U00464,B023,457700266948,Savings,232949,Active,5/11/2019
ACC04099,U00267,B027,946534462857,Savings,73699,Active,8/3/2018
ACC04100,U01448,B010,660785355063,Savings,442476,Active,4/9/2010
ACC04101,U02596,B023,352472111541,Savings,151325,Active,5/27/2016
ACC04102,U03595,B025,768184532194,Current,397082,Active,4/9/2015
ACC04103,U00618,B021,149437041422,Savings,124265,Active,7/1/2017
ACC04104,U04341,B016,482646942286,Savings,23872,Active,6/30/2017
ACC04105,U02177,B015,433038699559,Savings,32652,Active,3/23/2012
ACC04106,U00972,B012,572730886203,Savings,457136,Active,6/22/2012
ACC04107,U04261,B019,894304206566,Savings,23947,Active,10/14/2016
ACC04108,U03553,B028,331708601515,Savings,354125,Active,7/1/2018
ACC04109,U01588,B004,574255574936,Savings,83167,Active,8/11/2010
ACC04110,U01499,B011,553257244687,Savings,82429,Active,2/26/2011
ACC04111,U02113,B006,302050373149,Savings,380485,Active,4/1/2013
ACC04112,U03772,B014,612151343832,Savings,199947,Active,4/8/2016
ACC04113,U01643,B013,358146512004,Savings,228679,Active,1/13/2017
ACC04114,U01045,B022,807954500366,Savings,141164,Active,9/18/2013
ACC04115,U03686,B024,320251063976,Savings,226043,Active,12/1/2019
ACC04116,U00338,B028,609331409595,Savings,281669,Active,2/13/2019
ACC04117,U03713,B025,955301521805,Savings,392410,Active,4/17/2017
ACC04118,U03902,B003,814759525189,Savings,267944,Active,11/15/2016
ACC04119,U03371,B005,401723491500,Savings,63619,Active,1/24/2020
ACC04120,U03218,B003,527668044229,Savings,359552,Active,7/26/2016
ACC04121,U01387,B023,861152127452,Savings,444310,Active,7/11/2015
ACC04122,U00410,B019,174573199583,Savings,298078,Active,10/6/2011
ACC04123,U00172,B017,740790603357,Savings,79449,Active,7/8/2020
ACC04124,U03538,B016,690357541886,Savings,335873,Active,5/14/2012
ACC04125,U04123,B019,562270174626,Savings,108847,Active,9/22/2019
ACC04126,U04639,B017,471611478056,Savings,188082,Active,9/6/2010
ACC04127,U03664,B001,648533147591,Savings,372667,Active,3/12/2013
ACC04128,U02082,B004,420350326859,Savings,291965,Active,3/2/2014
ACC04129,U02868,B028,808590479576,Savings,319201,Active,11/11/2015
ACC04130,U02411,B012,885716125782,Savings,302995,Active,6/21/2017
ACC04131,U02096,B025,132606293985,Savings,287289,Active,9/28/2012
ACC04132,U04829,B016,480337843673,Savings,233888,Active,12/31/2014
ACC04133,U02329,B004,815151590677,Savings,127209,Active,8/6/2020
ACC04134,U02291,B014,118382388058,Savings,135707,Active,8/6/2015
ACC04135,U01665,B013,493130508814,Savings,74413,Active,6/4/2016
ACC04136,U04328,B019,578404015253,Savings,177660,Active,4/18/2021
ACC04137,U01168,B006,964582808853,Savings,10013,Active,11/23/2021
ACC04138,U02260,B020,174563177335,Savings,257603,Active,3/9/2018
ACC04139,U01889,B029,121420968871,Savings,118247,Active,11/19/2013
ACC04140,U01155,B017,555010071164,Savings,303874,Active,12/3/2013
ACC04141,U00604,B007,815258993935,Savings,458146,Active,2/14/2013
ACC04142,U01538,B001,611814554667,Savings,246111,Active,1/23/2017
ACC04143,U00633,B019,548588031640,Savings,212852,Active,6/29/2015
ACC04144,U01416,B017,494954163577,Savings,241608,Active,4/25/2011
ACC04145,U03671,B025,148848747340,Savings,307853,Active,8/17/2012
ACC04146,U04206,B016,976456832632,Current,227890,Active,10/30/2021
ACC04147,U00094,B015,539576870131,Savings,21453,Active,9/3/2017
ACC04148,U02112,B028,157494428783,Savings,191063,Active,6/14/2010
ACC04149,U03217,B010,497304524623,Savings,223332,Active,7/31/2021
ACC04150,U01536,B010,524756984986,Savings,203706,Active,3/24/2016
ACC04151,U01563,B025,784320565623,Savings,170421,Active,9/10/2015
ACC04152,U03280,B009,984979694430,Savings,242906,Active,5/22/2011
ACC04153,U00134,B015,867246377422,Savings,234784,Active,12/11/2014
ACC04154,U02794,B013,248800075180,Savings,264075,Active,10/1/2014
ACC04155,U01111,B028,206964937581,Current,269632,Active,10/6/2015
ACC04156,U04408,B020,232250975248,Savings,169735,Active,3/17/2010
ACC04157,U03053,B005,921962852595,Savings,213591,Active,11/17/2015
ACC04158,U03525,B027,809095351073,Savings,457517,Active,7/4/2020
ACC04159,U00859,B027,194087395781,Savings,380015,Active,3/19/2018
ACC04160,U03261,B015,251288571363,Savings,311594,Active,3/18/2022
ACC04161,U00041,B003,909225119069,Savings,201047,Active,1/8/2010
ACC04162,U03829,B009,587515331272,Current,40119,Active,6/30/2016
ACC04163,U03885,B028,842875237298,Savings,423269,Active,5/23/2022
ACC04164,U02562,B025,273970435741,Savings,333783,Active,10/16/2015
ACC04165,U02047,B017,344396784246,Savings,105028,Active,1/12/2012
ACC04166,U02724,B007,807187124764,Savings,497501,Active,3/15/2014
ACC04167,U02645,B020,686556920903,Savings,330235,Active,7/6/2012
ACC04168,U04460,B020,107454741137,Savings,424697,Active,2/23/2013
ACC04169,U01253,B016,994579398222,Savings,328778,Active,7/10/2015
ACC04170,U02520,B028,314520007659,Savings,2403,Active,4/5/2010
ACC04171,U03159,B001,948641492944,Savings,150757,Active,9/18/2018
ACC04172,U01562,B029,898060895618,Savings,396539,Active,4/1/2017
ACC04173,U02254,B023,101000570416,Savings,149908,Active,11/15/2014
ACC04174,U01987,B007,866948638647,Savings,282633,Active,2/19/2011
ACC04175,U01647,B017,717509971443,Savings,56143,Active,7/3/2018
ACC04176,U04248,B001,319224875134,Savings,26064,Active,7/13/2018
ACC04177,U02524,B007,890099896439,Savings,70513,Active,5/25/2015
ACC04178,U04047,B026,500556350103,Current,75814,Active,4/30/2010
ACC04179,U01765,B001,473908480212,Savings,370198,Active,2/24/2013
ACC04180,U01777,B019,979063170668,Savings,304451,Active,9/3/2011
ACC04181,U00543,B006,149875899704,Current,363294,Active,9/24/2014
ACC04182,U04988,B012,571552068518,Savings,103900,Active,1/30/2014
ACC04183,U03233,B001,986800685147,Savings,90416,Active,3/18/2011
ACC04184,U02153,B013,219674115587,Savings,449452,Inactive,10/30/2010
ACC04185,U02140,B003,603585682027,Savings,231716,Active,5/1/2017
ACC04186,U01441,B017,603461943166,Savings,426608,Active,4/16/2012
ACC04187,U00828,B005,623061397739,Savings,187149,Active,5/4/2014
ACC04188,U01576,B015,138944951954,Savings,408080,Active,9/10/2015
ACC04189,U03143,B027,823793560127,Savings,168492,Active,8/7/2010
ACC04190,U03548,B011,440735174715,Savings,82865,Active,5/7/2016
ACC04191,U01240,B025,515108722606,Savings,66450,Active,11/14/2011
ACC04192,U01267,B007,845102453228,Savings,264395,Active,6/18/2012
ACC04193,U03597,B024,828083243845,Savings,313930,Active,1/29/2020
ACC04194,U00655,B012,854398796009,Savings,391975,Active,8/5/2010
ACC04195,U01949,B021,543006476211,Savings,77598,Active,6/8/2013
ACC04196,U03768,B009,991318196713,Savings,336275,Active,9/30/2014
ACC04197,U00731,B019,796697885578,Savings,324243,Active,1/6/2010
ACC04198,U04645,B016,718756795583,Savings,337926,Active,2/26/2019
ACC04199,U01683,B011,807538698993,Savings,338088,Active,11/27/2018
ACC04200,U03681,B024,490202512066,Savings,342201,Active,9/6/2014
ACC04201,U02476,B028,890894714062,Savings,7108,Active,11/20/2018
ACC04202,U04991,B001,950949289786,Savings,207098,Active,10/29/2017
ACC04203,U03090,B001,861060327234,Savings,21073,Inactive,12/8/2010
ACC04204,U02269,B028,661625061556,Savings,457732,Active,12/15/2010
ACC04205,U04797,B013,775151136352,Savings,457933,Active,8/1/2016
ACC04206,U03570,B015,390834140974,Savings,329158,Active,5/26/2013
ACC04207,U03753,B005,546272740294,Current,440219,Active,3/11/2023
ACC04208,U00722,B010,443724129308,Savings,193765,Active,8/27/2014
ACC04209,U01559,B005,277773868976,Savings,212555,Active,6/6/2011
ACC04210,U04576,B024,905864829786,Savings,347982,Active,4/11/2018
ACC04211,U04249,B013,854699979687,Savings,15448,Active,8/18/2014
ACC04212,U01869,B019,590408410423,Savings,12453,Active,8/27/2010
ACC04213,U04783,B005,699859307539,Savings,100064,Active,9/9/2021
ACC04214,U04419,B019,667065351722,Savings,498375,Active,4/15/2016
ACC04215,U04173,B021,793575111349,Savings,246500,Active,4/12/2015
ACC04216,U04572,B001,758626759519,Current,233748,Active,6/20/2016
ACC04217,U03223,B016,951422567035,Savings,423990,Active,8/11/2014
ACC04218,U02261,B012,354934040958,Savings,257574,Active,12/5/2013
ACC04219,U02497,B024,327107529408,Savings,200340,Active,6/4/2012
ACC04220,U01558,B006,563677977373,Savings,416666,Active,4/6/2014
ACC04221,U04012,B015,362454904564,Savings,294204,Active,2/18/2013
ACC04222,U02758,B022,726147164365,Savings,181738,Active,2/27/2019
ACC04223,U01798,B027,992872167827,Savings,236800,Active,3/31/2021
ACC04224,U00292,B012,952835311301,Savings,295726,Active,4/24/2015
ACC04225,U03351,B009,656166879563,Savings,389017,Active,8/12/2019
ACC04226,U01258,B016,310575487010,Savings,98104,Active,10/21/2021
ACC04227,U02225,B024,262475973637,Savings,367912,Active,11/27/2015
ACC04228,U02427,B020,550079893755,Current,88966,Active,8/18/2012
ACC04229,U02110,B027,700117469694,Savings,306902,Active,1/16/2010
ACC04230,U01792,B006,244991555635,Savings,270804,Active,9/5/2014
ACC04231,U03319,B010,930798525616,Savings,419922,Active,8/1/2012
ACC04232,U00782,B022,197100644363,Savings,283220,Active,12/29/2017
ACC04233,U03764,B008,711335320932,Savings,107770,Active,1/20/2011
ACC04234,U03290,B024,127469178574,Current,118353,Active,9/28/2012
ACC04235,U04545,B015,449485578277,Savings,144964,Active,10/2/2015
ACC04236,U02422,B010,837667505929,Savings,184528,Active,11/10/2018
ACC04237,U03915,B024,391037011025,Savings,209347,Active,5/29/2010
ACC04238,U04832,B013,959742076194,Savings,492832,Active,11/5/2021
ACC04239,U01239,B011,269774058640,Savings,327733,Active,1/23/2012
ACC04240,U02408,B018,314644072880,Savings,339238,Active,12/11/2019
ACC04241,U02199,B022,561542217768,Savings,376570,Active,7/16/2021
ACC04242,U04230,B023,979996226406,Savings,252769,Active,7/31/2017
ACC04243,U04273,B023,135732862340,Savings,392010,Active,3/15/2010
ACC04244,U02731,B025,993241828068,Savings,360424,Active,5/20/2010
ACC04245,U00837,B018,691945840193,Savings,30865,Active,11/5/2014
ACC04246,U02681,B021,298035094592,Savings,50053,Active,12/22/2011
ACC04247,U01779,B014,359620190343,Savings,40944,Active,5/31/2020
ACC04248,U01435,B025,665479086351,Savings,54005,Active,5/27/2016
ACC04249,U00753,B024,518502492834,Savings,55423,Active,1/6/2017
ACC04250,U00421,B010,113394190578,Savings,370176,Active,11/15/2014
ACC04251,U01689,B009,725227734519,Savings,367705,Active,3/16/2014
ACC04252,U02121,B009,961671362280,Savings,118069,Active,7/12/2014
ACC04253,U02611,B021,318506676741,Savings,84751,Active,12/10/2015
ACC04254,U03889,B029,729146988272,Savings,273946,Active,10/21/2021
ACC04255,U01184,B012,511082763952,Savings,111793,Active,2/27/2013
ACC04256,U02579,B023,961344407521,Savings,113107,Active,7/28/2012
ACC04257,U03936,B011,356834785061,Savings,56532,Active,11/10/2013
ACC04258,U03803,B022,728451821254,Savings,15180,Active,11/20/2014
ACC04259,U03782,B029,725762217934,Savings,16655,Active,8/2/2011
ACC04260,U03567,B020,596911796052,Savings,268585,Active,9/20/2012
ACC04261,U04521,B010,168300755567,Savings,246244,Active,9/7/2017
ACC04262,U03553,B004,373948054889,Savings,302577,Active,1/15/2020
ACC04263,U02006,B021,124209023301,Savings,284274,Active,1/2/2021
ACC04264,U01324,B022,766000730499,Savings,411732,Active,5/2/2012
ACC04265,U00522,B019,544891204973,Savings,162129,Active,12/28/2010
ACC04266,U03573,B017,925034872553,Savings,4394,Active,3/22/2022
ACC04267,U04897,B008,613613662009,Savings,436751,Inactive,11/13/2011
ACC04268,U04644,B030,747388630312,Savings,318693,Inactive,2/26/2021
ACC04269,U03426,B005,306668041526,Savings,34966,Active,11/2/2014
ACC04270,U00739,B022,374770277395,Current,66475,Active,6/1/2011
ACC04271,U03227,B001,997431225811,Savings,99047,Active,4/19/2013
ACC04272,U04631,B019,628375460348,Savings,175135,Active,3/28/2015
ACC04273,U02374,B021,364637846454,Savings,367182,Active,7/15/2015
ACC04274,U04311,B016,176170389211,Savings,495885,Active,5/16/2018
ACC04275,U00670,B017,546941999842,Savings,264033,Active,12/26/2018
ACC04276,U03672,B029,172781000471,Current,186227,Active,8/28/2013
ACC04277,U00326,B012,465645249942,Savings,309523,Active,5/18/2012
ACC04278,U01261,B007,166699297885,Savings,271438,Active,5/22/2022
ACC04279,U00975,B028,746286082981,Savings,168392,Active,2/24/2012
ACC04280,U04750,B011,570342870321,Savings,158921,Active,6/26/2014
ACC04281,U00710,B005,699632715405,Savings,291776,Active,6/4/2024
ACC04282,U02352,B007,699843085079,Savings,240278,Inactive,12/13/2011
ACC04283,U03188,B017,992045204892,Savings,92963,Active,6/19/2014
ACC04284,U02155,B004,495480095102,Savings,158639,Active,10/19/2015
ACC04285,U00658,B009,821319208861,Savings,318632,Active,12/7/2022
ACC04286,U00266,B011,993838482076,Savings,215870,Active,4/5/2013
ACC04287,U02673,B006,615111603177,Savings,149550,Active,6/24/2021
ACC04288,U01450,B012,212434800855,Savings,2423,Active,7/27/2020
ACC04289,U00398,B002,252713923960,Savings,296892,Active,11/8/2015
ACC04290,U04788,B027,174325481973,Savings,389697,Active,8/1/2017
ACC04291,U03752,B027,183111531827,Savings,401033,Active,2/26/2010
ACC04292,U03529,B028,305749387984,Savings,287257,Active,7/22/2015
ACC04293,U03753,B004,311086460287,Savings,85286,Active,6/22/2017
ACC04294,U02848,B015,257854149801,Savings,40817,Active,3/24/2014
ACC04295,U04714,B018,373071120131,Savings,81084,Active,8/22/2011
ACC04296,U04598,B023,362285627633,Savings,459024,Active,2/6/2015
ACC04297,U02337,B019,373672505207,Savings,232548,Active,9/10/2012
ACC04298,U03200,B012,784496638263,Savings,44207,Active,11/16/2015
ACC04299,U02709,B003,868644979511,Savings,311151,Active,5/2/2012
ACC04300,U04750,B006,358629005098,Savings,397202,Active,7/23/2016
ACC04301,U01779,B015,588980228437,Savings,499786,Active,8/20/2018
ACC04302,U04848,B006,880925667730,Savings,373075,Active,8/14/2021
ACC04303,U01751,B010,676447372807,Savings,432472,Active,4/17/2018
ACC04304,U03721,B010,616783813051,Savings,204862,Active,3/14/2015
ACC04305,U03458,B009,557108358085,Savings,245397,Active,3/14/2011
ACC04306,U03883,B002,679099267159,Savings,68341,Active,12/20/2016
ACC04307,U03278,B010,464411614894,Savings,99124,Active,8/8/2014
ACC04308,U02370,B027,518064557149,Savings,474598,Active,10/27/2012
ACC04309,U04704,B022,294700490359,Savings,481930,Inactive,3/13/2016
ACC04310,U03650,B023,952850191470,Savings,44544,Active,10/24/2017
ACC04311,U04721,B022,299632673223,Savings,95200,Active,3/23/2023
ACC04312,U02403,B007,995963020541,Savings,313630,Active,6/13/2012
ACC04313,U04818,B015,724643830643,Savings,15594,Active,10/21/2019
ACC04314,U04673,B012,159448968821,Savings,489570,Active,2/2/2017
ACC04315,U02224,B028,548539761689,Savings,311189,Active,7/9/2011
ACC04316,U04487,B007,604476733182,Savings,444994,Active,2/3/2015
ACC04317,U02817,B017,293609023918,Savings,217265,Active,4/24/2020
ACC04318,U01167,B007,437257022936,Savings,69589,Active,7/2/2010
ACC04319,U03595,B012,474575026561,Savings,212034,Active,12/9/2010
ACC04320,U04006,B029,319306085885,Current,150358,Active,2/4/2010
ACC04321,U03111,B006,462867583068,Current,157388,Active,10/17/2015
ACC04322,U01279,B008,723760312556,Savings,128939,Active,3/11/2022
ACC04323,U02670,B008,744483427908,Savings,470157,Active,4/22/2019
ACC04324,U01650,B013,623781270379,Savings,105126,Active,5/6/2015
ACC04325,U04350,B007,953924097288,Savings,140142,Active,8/21/2014
ACC04326,U00308,B015,995051207578,Savings,438825,Active,12/29/2011
ACC04327,U02465,B020,810311800672,Current,230464,Active,5/4/2015
ACC04328,U02262,B027,610846677577,Savings,74055,Active,10/16/2014
ACC04329,U01961,B012,119664740135,Savings,37966,Active,10/1/2010
ACC04330,U04525,B029,142414309050,Savings,414200,Active,1/23/2010
ACC04331,U03098,B024,728705609464,Savings,43533,Active,7/10/2015
ACC04332,U00304,B013,825196383178,Savings,282912,Active,4/23/2013
ACC04333,U04583,B020,320104457076,Savings,177206,Active,11/20/2019
ACC04334,U04561,B006,733169796295,Savings,388182,Active,2/10/2020
ACC04335,U04779,B019,312401574632,Savings,30534,Active,8/31/2023
ACC04336,U00936,B005,667306360016,Savings,406676,Active,4/5/2012
ACC04337,U03726,B010,495867439792,Savings,46781,Active,8/29/2017
ACC04338,U02036,B005,235630306388,Savings,316742,Active,4/3/2019
ACC04339,U00069,B008,714329748013,Current,320438,Active,6/28/2015
ACC04340,U01970,B003,796076941324,Savings,289723,Active,1/21/2020
ACC04341,U01370,B021,969551568702,Savings,84993,Active,12/27/2012
ACC04342,U04467,B010,316599431978,Savings,55677,Active,2/26/2014
ACC04343,U01101,B016,192265749005,Savings,144446,Active,12/29/2015
ACC04344,U03056,B030,159588916476,Savings,120675,Active,1/18/2017
ACC04345,U02331,B020,558793373580,Savings,265473,Active,10/15/2016
ACC04346,U01723,B009,445970615699,Savings,294500,Active,3/22/2011
ACC04347,U00119,B018,618185195157,Savings,134646,Active,10/15/2012
ACC04348,U02799,B019,666927892834,Savings,125896,Active,3/25/2014
ACC04349,U03456,B004,653052397045,Savings,87187,Active,11/14/2015
ACC04350,U03839,B024,612520827619,Savings,99568,Active,2/6/2018
ACC04351,U02660,B006,606204548452,Savings,278029,Active,10/17/2012
ACC04352,U01494,B027,647098631527,Savings,181629,Active,5/2/2016
ACC04353,U03707,B027,292599118705,Savings,434911,Active,4/11/2021
ACC04354,U04932,B027,725695913478,Savings,357399,Active,10/29/2018
ACC04355,U01556,B002,277917724308,Savings,393442,Active,4/20/2015
ACC04356,U00508,B013,815349134004,Savings,416396,Active,5/25/2010
ACC04357,U01553,B009,693560121255,Savings,63488,Active,1/11/2011
ACC04358,U04091,B020,174697747118,Savings,104848,Active,6/11/2012
ACC04359,U00413,B021,836934991656,Savings,255345,Active,9/18/2013
ACC04360,U01190,B027,680948101374,Savings,31765,Active,9/17/2011
ACC04361,U04827,B007,153955186905,Savings,251805,Active,3/31/2012
ACC04362,U03124,B013,679943119526,Savings,390311,Active,10/13/2015
ACC04363,U03207,B003,566562920752,Savings,309345,Active,8/24/2019
ACC04364,U03408,B013,511847417231,Savings,85119,Active,1/18/2012
ACC04365,U04123,B021,341748368522,Savings,349638,Active,1/4/2018
ACC04366,U01803,B015,606067495569,Savings,449990,Active,6/16/2010
ACC04367,U02151,B024,589311162483,Current,422003,Active,6/3/2016
ACC04368,U04812,B009,437532392184,Savings,57600,Active,5/23/2011
ACC04369,U00889,B002,375106086081,Savings,446480,Active,1/3/2013
ACC04370,U04855,B008,360770774042,Current,366661,Active,4/20/2011
ACC04371,U00562,B030,716770674980,Savings,420222,Inactive,8/16/2012
ACC04372,U03116,B003,510882937734,Savings,111653,Active,6/17/2016
ACC04373,U01195,B022,771824723671,Savings,20759,Active,2/17/2021
ACC04374,U02078,B025,214863729661,Savings,107324,Active,5/31/2010
ACC04375,U03063,B007,438087681407,Savings,61289,Active,10/8/2016
ACC04376,U03401,B007,613010635579,Savings,391791,Active,3/7/2015
ACC04377,U00412,B011,994287458548,Savings,36084,Active,7/4/2013
ACC04378,U02638,B027,704638970471,Savings,167363,Active,4/3/2017
ACC04379,U01856,B017,325577603995,Savings,63172,Active,2/27/2018
ACC04380,U01136,B006,810883945123,Savings,85319,Active,2/7/2010
ACC04381,U04637,B011,910851521969,Savings,249679,Active,8/12/2017
ACC04382,U04573,B017,878415256947,Current,194063,Active,3/12/2013
ACC04383,U01855,B020,829957670650,Savings,345800,Active,12/5/2015
ACC04384,U00900,B013,900609684133,Savings,222103,Active,2/12/2010
ACC04385,U02549,B014,217049299498,Savings,125564,Active,1/6/2018
ACC04386,U00960,B022,463408989192,Savings,197837,Active,4/18/2018
ACC04387,U03341,B019,417619283624,Current,299529,Active,9/21/2012
ACC04388,U00307,B027,561961484222,Savings,361848,Active,11/1/2018
ACC04389,U00910,B007,998132507659,Savings,46156,Active,4/22/2019
ACC04390,U00461,B007,748069478194,Savings,3396,Active,2/15/2016
ACC04391,U01724,B001,280243488246,Savings,175077,Active,10/11/2012
ACC04392,U04159,B002,172788551099,Savings,443120,Active,2/3/2020
ACC04393,U04192,B018,377067300451,Savings,11724,Active,3/6/2011
ACC04394,U04385,B008,824037856769,Savings,177282,Active,2/9/2012
ACC04395,U01261,B005,475257820572,Savings,481850,Active,3/11/2010
ACC04396,U02806,B025,113830958253,Savings,125163,Active,12/1/2011
ACC04397,U02217,B026,530269916755,Savings,377562,Active,7/4/2019
ACC04398,U04929,B003,116384499849,Savings,126892,Active,9/14/2015
ACC04399,U02057,B005,300408909342,Savings,365439,Active,12/10/2013
ACC04400,U01432,B008,476437731266,Savings,62861,Active,4/7/2010
ACC04401,U00792,B014,195217449054,Savings,277511,Active,3/11/2017
ACC04402,U00452,B020,330173237448,Savings,355902,Active,2/15/2018
ACC04403,U02499,B022,717967033250,Savings,111728,Active,7/10/2013
ACC04404,U04440,B026,253285202228,Savings,99618,Active,5/15/2025
ACC04405,U04946,B028,528976572073,Savings,157046,Active,4/16/2022
ACC04406,U04305,B024,690859201412,Savings,339971,Active,3/25/2016
ACC04407,U02451,B022,343712388904,Savings,30598,Active,5/14/2017
ACC04408,U04569,B013,878810989305,Savings,149296,Active,6/27/2019
ACC04409,U01429,B009,896309527681,Savings,302421,Active,3/8/2013
ACC04410,U04738,B010,852633500044,Savings,202168,Active,7/23/2018
ACC04411,U04627,B007,585420674852,Savings,318845,Active,6/24/2021
ACC04412,U04674,B016,300350731976,Savings,142173,Active,5/18/2012
ACC04413,U03756,B016,248617920325,Savings,362779,Active,3/9/2015
ACC04414,U02766,B015,924142129262,Savings,471057,Active,7/14/2012
ACC04415,U01341,B018,948993318892,Savings,179097,Active,6/7/2014
ACC04416,U02125,B016,369141894200,Savings,330822,Active,4/9/2011
ACC04417,U03100,B008,780585306631,Savings,489229,Active,10/13/2013
ACC04418,U03051,B013,429923097324,Savings,304322,Active,12/16/2013
ACC04419,U01379,B019,987939449969,Savings,66065,Active,8/24/2015
ACC04420,U01605,B012,789334253367,Savings,1362,Active,2/7/2015
ACC04421,U00297,B016,900735319371,Savings,61794,Active,3/17/2021
ACC04422,U01682,B005,377086427476,Savings,435137,Active,6/10/2014
ACC04423,U03637,B009,614376267375,Savings,338365,Active,3/5/2015
ACC04424,U01063,B012,358831374606,Savings,32592,Active,11/2/2015
ACC04425,U00837,B008,926603070322,Savings,419458,Active,2/15/2019
ACC04426,U02255,B020,365649633949,Savings,64004,Active,2/7/2011
ACC04427,U02436,B008,651436275506,Savings,94157,Active,8/3/2013
ACC04428,U01786,B007,658955479628,Savings,466257,Active,5/25/2012
ACC04429,U01015,B007,918182910673,Current,403743,Active,8/6/2012
ACC04430,U03283,B006,351533391737,Savings,337191,Active,12/6/2016
ACC04431,U00683,B011,591818582188,Savings,300002,Active,3/9/2011
ACC04432,U04013,B023,224533214365,Savings,260294,Active,3/18/2013
ACC04433,U01158,B008,198787582399,Savings,184633,Active,10/14/2011
ACC04434,U01942,B008,178383105840,Savings,319845,Active,11/19/2013
ACC04435,U03473,B025,860044615194,Savings,41087,Active,7/11/2021
ACC04436,U02887,B026,247695319327,Savings,176647,Active,4/23/2021
ACC04437,U00229,B005,444779558244,Savings,165832,Active,3/7/2016
ACC04438,U00226,B021,422554069634,Savings,24084,Active,4/23/2014
ACC04439,U01838,B004,597884670852,Savings,313536,Active,3/13/2019
ACC04440,U02637,B013,717542401089,Savings,64973,Active,12/15/2023
ACC04441,U00322,B002,319190996406,Savings,440588,Active,9/13/2017
ACC04442,U00066,B022,564715289420,Savings,299031,Active,3/12/2016
ACC04443,U01172,B008,569846967586,Savings,76377,Active,7/8/2021
ACC04444,U02349,B013,983212457922,Savings,428850,Active,8/3/2013
ACC04445,U04791,B020,249033534394,Savings,345773,Active,1/3/2016
ACC04446,U03188,B015,404532733849,Savings,340268,Active,12/1/2018
ACC04447,U03026,B015,634618307774,Savings,382433,Active,10/20/2021
ACC04448,U03223,B019,809716702756,Savings,29713,Active,12/15/2016
ACC04449,U04116,B023,881494375510,Savings,426438,Active,2/18/2019
ACC04450,U04157,B017,947916785662,Savings,206150,Active,6/8/2015
ACC04451,U00082,B007,523811715788,Current,21095,Active,2/5/2023
ACC04452,U00084,B001,183426853231,Savings,415748,Active,4/25/2015
ACC04453,U02517,B018,678385090150,Savings,478424,Active,8/25/2015
ACC04454,U02935,B028,747836090388,Savings,136816,Active,6/20/2016
ACC04455,U03922,B030,527728655796,Savings,17841,Active,9/5/2017
ACC04456,U01007,B019,668310106999,Savings,495830,Active,6/30/2023
ACC04457,U04616,B022,787763215428,Savings,12275,Active,1/15/2017
ACC04458,U01411,B019,177113936302,Savings,435493,Active,9/15/2013
ACC04459,U02618,B016,274664989262,Savings,216244,Active,3/25/2010
ACC04460,U00933,B015,755747079220,Savings,239303,Active,6/6/2015
ACC04461,U02716,B018,883860700433,Savings,418550,Active,3/24/2022
ACC04462,U04355,B004,100421495851,Savings,401422,Active,9/16/2014
ACC04463,U02455,B025,373096989627,Savings,269430,Active,3/18/2018
ACC04464,U04538,B012,969942990737,Savings,60446,Active,3/25/2015
ACC04465,U04028,B003,407516762176,Savings,398402,Active,10/13/2012
ACC04466,U02967,B028,877550498955,Savings,197592,Active,1/9/2020
ACC04467,U00762,B030,293175970013,Savings,217863,Active,1/23/2017
ACC04468,U03159,B001,920525254628,Savings,63055,Active,7/15/2012
ACC04469,U03163,B025,132582635130,Savings,373979,Active,8/15/2019
ACC04470,U03946,B009,504344970727,Savings,114817,Active,10/30/2019
ACC04471,U03812,B020,900041738079,Savings,206378,Active,7/27/2016
ACC04472,U03412,B004,745266478057,Savings,232349,Active,6/6/2013
ACC04473,U04092,B006,599453274199,Savings,448582,Active,8/22/2010
ACC04474,U01717,B025,599321335899,Savings,238439,Active,3/22/2014
ACC04475,U04664,B012,494831580106,Savings,280667,Active,5/20/2014
ACC04476,U01575,B016,126551077463,Savings,464264,Active,6/26/2010
ACC04477,U03311,B001,694328537904,Current,162885,Active,3/7/2024
ACC04478,U01421,B005,867062818418,Savings,148106,Active,10/27/2018
ACC04479,U03735,B019,586985122350,Savings,253578,Active,9/9/2017
ACC04480,U03240,B023,252732846348,Savings,266808,Active,6/7/2019
ACC04481,U01833,B019,669038170359,Savings,138542,Active,12/28/2018
ACC04482,U02417,B012,254746462848,Savings,139487,Active,9/1/2016
ACC04483,U04982,B026,366381411684,Savings,69053,Active,9/1/2024
ACC04484,U02668,B007,245688933924,Savings,156201,Inactive,4/13/2013
ACC04485,U00382,B003,254350230030,Current,24793,Active,6/8/2019
ACC04486,U03720,B027,630950939607,Savings,491446,Active,6/1/2014
ACC04487,U04558,B017,835930064259,Savings,390733,Active,2/7/2015
ACC04488,U00736,B016,270783872136,Savings,232725,Active,12/15/2015
ACC04489,U01771,B008,285391535628,Savings,133405,Active,7/15/2015
ACC04490,U01232,B020,174851369950,Savings,311362,Active,8/14/2016
ACC04491,U02588,B006,452906212211,Savings,106726,Active,10/24/2012
ACC04492,U00874,B024,878371302854,Savings,21462,Active,4/1/2016
ACC04493,U01250,B003,246790217047,Savings,411231,Active,6/19/2016
ACC04494,U00549,B025,218747491044,Savings,93619,Active,11/28/2015
ACC04495,U04343,B002,322428753569,Savings,115210,Active,10/27/2017
ACC04496,U00914,B017,384431647639,Savings,35613,Active,6/14/2023
ACC04497,U00693,B015,478681872476,Current,237582,Active,9/19/2016
ACC04498,U02160,B002,341753217608,Savings,21503,Active,5/1/2011
ACC04499,U01620,B015,956182082575,Savings,223527,Active,6/6/2015
ACC04500,U00698,B029,510598328727,Savings,422069,Active,9/22/2020
ACC04501,U00684,B018,885071532236,Savings,268107,Active,5/2/2017
ACC04502,U04846,B001,930786027961,Savings,400684,Active,7/7/2013
ACC04503,U04308,B007,318064675646,Savings,303805,Active,5/11/2014
ACC04504,U04158,B010,508438183732,Savings,442542,Active,3/2/2018
ACC04505,U02765,B027,689615968548,Savings,390257,Active,7/13/2012
ACC04506,U03677,B022,151923734599,Savings,344401,Active,6/14/2018
ACC04507,U02458,B020,162631301414,Savings,280914,Active,6/15/2016
ACC04508,U03477,B012,886567099656,Savings,431957,Active,8/18/2016
ACC04509,U02550,B019,912883320390,Savings,241931,Active,6/16/2019
ACC04510,U04187,B014,768233553294,Savings,56159,Active,7/16/2010
ACC04511,U01450,B001,335689526323,Savings,362681,Active,3/6/2018
ACC04512,U01433,B022,979734057191,Savings,37503,Active,3/16/2010
ACC04513,U04245,B019,713833312923,Savings,23758,Active,3/15/2018
ACC04514,U01079,B022,724949671108,Savings,420342,Active,2/28/2011
ACC04515,U03809,B027,504139186355,Savings,241964,Active,2/18/2013
ACC04516,U00496,B016,500147225970,Savings,243311,Active,4/2/2014
ACC04517,U03872,B002,180538627269,Savings,498550,Active,12/12/2012
ACC04518,U02850,B004,497496915741,Savings,389268,Active,5/7/2010
ACC04519,U03283,B026,448953589857,Savings,439271,Active,9/21/2022
ACC04520,U04394,B007,530509959232,Savings,199635,Active,10/14/2019
ACC04521,U00647,B026,793219269227,Savings,230659,Active,2/14/2015
ACC04522,U03254,B003,818363590915,Savings,151126,Active,1/13/2016
ACC04523,U02192,B019,213491628870,Savings,493292,Active,12/6/2018
ACC04524,U00284,B015,555617318684,Savings,367283,Active,4/5/2019
ACC04525,U00512,B016,295763789524,Savings,132673,Active,8/2/2023
ACC04526,U03316,B030,276575464079,Savings,431842,Active,8/4/2019
ACC04527,U04249,B004,781464274667,Savings,382570,Active,6/11/2017
ACC04528,U02732,B024,293370441134,Savings,266266,Active,7/10/2018
ACC04529,U01873,B012,701926629006,Savings,482170,Active,11/14/2010
ACC04530,U01897,B005,423914823833,Savings,311385,Active,4/21/2018
ACC04531,U01297,B021,113528564381,Savings,376337,Active,8/3/2015
ACC04532,U00850,B011,479932054849,Savings,241463,Active,3/5/2018
ACC04533,U00853,B016,279460595699,Savings,140585,Active,6/8/2010
ACC04534,U00123,B013,480698771808,Savings,499619,Active,2/2/2017
ACC04535,U00695,B003,439396274269,Savings,107587,Active,12/16/2017
ACC04536,U00520,B015,155894671728,Savings,243991,Active,7/25/2018
ACC04537,U03763,B027,818086732369,Savings,127770,Active,9/10/2014
ACC04538,U02730,B027,558350683712,Savings,185457,Active,10/10/2012
ACC04539,U03353,B025,538966652154,Savings,161834,Active,11/12/2011
ACC04540,U01516,B017,421303753695,Savings,6550,Active,6/25/2021
ACC04541,U00691,B026,984230328440,Savings,151354,Active,2/12/2016
ACC04542,U02897,B007,799288530097,Savings,72817,Active,6/3/2016
ACC04543,U04706,B012,718551548554,Current,236080,Active,12/13/2016
ACC04544,U00254,B008,433454611440,Savings,227326,Active,1/28/2017
ACC04545,U01977,B013,653497626677,Savings,25442,Active,1/14/2019
ACC04546,U00315,B026,833140560531,Savings,321573,Active,8/7/2016
ACC04547,U00011,B018,112238373668,Savings,246022,Active,5/19/2022
ACC04548,U01098,B018,536549742042,Savings,13037,Active,6/7/2014
ACC04549,U03415,B012,376641074684,Savings,301868,Active,1/24/2019
ACC04550,U04756,B005,235805517356,Savings,437238,Active,4/22/2015
ACC04551,U01967,B027,521385660794,Savings,226394,Active,2/25/2020
ACC04552,U03863,B026,687695071475,Savings,229230,Active,4/30/2020
ACC04553,U04642,B012,886542165797,Savings,182180,Active,2/23/2012
ACC04554,U00382,B006,982916275084,Savings,231487,Active,3/27/2010
ACC04555,U00599,B002,853748296597,Savings,426005,Active,1/4/2017
ACC04556,U01969,B009,255149369590,Savings,35545,Active,7/21/2018
ACC04557,U00412,B018,721881464501,Savings,29526,Active,6/9/2018
ACC04558,U02480,B022,654857288581,Savings,342073,Active,8/8/2011
ACC04559,U04299,B020,895951157489,Savings,290547,Active,12/18/2013
ACC04560,U00668,B022,398670568695,Savings,11491,Active,8/17/2014
ACC04561,U04438,B006,792637700337,Savings,401247,Active,2/16/2016
ACC04562,U04634,B013,819185152389,Savings,42613,Active,7/18/2019
ACC04563,U03331,B012,912875759343,Savings,37408,Active,6/24/2013
ACC04564,U02088,B009,620210542773,Savings,78997,Active,6/25/2017
ACC04565,U02018,B001,573448309122,Savings,489023,Active,7/19/2021
ACC04566,U00232,B006,815168476773,Savings,77767,Active,1/2/2017
ACC04567,U00998,B001,420032882053,Savings,202973,Active,7/17/2021
ACC04568,U01436,B020,466554310651,Savings,496900,Active,5/12/2014
ACC04569,U01316,B030,156485727331,Savings,180315,Active,2/2/2010
ACC04570,U00941,B012,676317863461,Savings,441771,Active,1/23/2019
ACC04571,U03013,B029,145058550855,Savings,50561,Active,5/14/2019
ACC04572,U04781,B015,547233155768,Savings,383091,Active,8/18/2022
ACC04573,U03316,B002,245829759402,Savings,32540,Active,3/2/2020
ACC04574,U01500,B020,807624994529,Savings,439252,Active,10/3/2020
ACC04575,U03893,B019,367883642297,Savings,409156,Active,2/25/2011
ACC04576,U03392,B026,385647578962,Savings,62678,Active,3/29/2021
ACC04577,U00381,B029,781992826866,Savings,315309,Active,8/31/2012
ACC04578,U02602,B017,349605454368,Savings,199575,Active,4/7/2013
ACC04579,U03871,B028,776751603750,Savings,290176,Active,1/10/2019
ACC04580,U04101,B002,661517152414,Savings,297442,Active,8/13/2013
ACC04581,U03246,B014,661429049911,Savings,387793,Active,8/2/2014
ACC04582,U03451,B012,346738460916,Savings,139240,Active,2/29/2012
ACC04583,U02083,B024,825222712285,Savings,250536,Active,6/2/2013
ACC04584,U00918,B004,713999935311,Savings,295999,Active,3/2/2011
ACC04585,U00978,B001,494408556342,Savings,24465,Active,8/26/2021
ACC04586,U04104,B019,400111475768,Savings,14280,Active,1/13/2018
ACC04587,U04046,B003,212465250251,Savings,295818,Active,10/25/2016
ACC04588,U02898,B029,480058541373,Savings,271396,Active,10/20/2022
ACC04589,U02013,B004,546491096895,Savings,471235,Active,9/21/2018
ACC04590,U00527,B016,103370254715,Savings,338226,Active,1/5/2015
ACC04591,U03890,B018,650946031537,Savings,246503,Active,7/15/2023
ACC04592,U00673,B011,951470553568,Savings,85870,Active,4/5/2014
ACC04593,U02545,B017,940586945469,Savings,280204,Active,9/20/2014
ACC04594,U02013,B027,863502590135,Savings,166530,Inactive,8/25/2013
ACC04595,U01706,B001,290978626163,Savings,63420,Active,5/15/2019
ACC04596,U01193,B028,174445893174,Savings,497475,Active,5/9/2011
ACC04597,U01239,B012,987067793151,Savings,310193,Active,3/9/2012
ACC04598,U03214,B003,321798138031,Savings,421711,Active,1/15/2016
ACC04599,U04604,B023,693758911851,Savings,229000,Active,3/24/2017
ACC04600,U00038,B015,258504661822,Savings,159293,Active,2/23/2014
ACC04601,U03945,B014,958159603432,Savings,236554,Active,5/21/2010
ACC04602,U03934,B027,978052322161,Current,99438,Active,4/18/2010
ACC04603,U02653,B025,127055400114,Savings,198695,Active,1/6/2010
ACC04604,U03670,B004,189183327879,Savings,234175,Active,11/2/2016
ACC04605,U04085,B007,239088017431,Savings,463422,Active,10/25/2011
ACC04606,U02099,B011,268926579554,Savings,86379,Active,4/27/2015
ACC04607,U00046,B018,227203487700,Savings,189650,Active,2/6/2011
ACC04608,U01377,B025,173730627548,Savings,404099,Active,1/9/2012
ACC04609,U00437,B002,317278331914,Savings,318987,Active,11/9/2019
ACC04610,U00841,B007,297143822754,Savings,123678,Active,7/22/2020
ACC04611,U02046,B003,983383577389,Savings,462299,Active,5/25/2013
ACC04612,U01381,B019,681186799987,Savings,383775,Active,12/12/2022
ACC04613,U02820,B016,346209866542,Savings,455807,Active,11/18/2013
ACC04614,U00189,B010,751983267069,Savings,125946,Active,9/11/2013
ACC04615,U00895,B028,924511087058,Savings,481645,Active,9/25/2022
ACC04616,U00453,B012,218002319760,Savings,424640,Active,12/4/2014
ACC04617,U00939,B026,801612860146,Savings,6213,Active,7/24/2015
ACC04618,U03889,B023,819776406400,Savings,106266,Active,4/6/2019
ACC04619,U00849,B010,198881993924,Savings,198127,Active,6/21/2015
ACC04620,U03682,B029,918047734125,Savings,318774,Active,12/19/2012
ACC04621,U03932,B010,394869392682,Savings,441729,Active,1/15/2017
ACC04622,U04424,B017,454845763930,Savings,160720,Active,3/21/2018
ACC04623,U00770,B001,611459195080,Savings,126742,Active,12/15/2016
ACC04624,U03773,B018,497724490799,Savings,181458,Active,5/31/2010
ACC04625,U01809,B004,758178012424,Savings,362418,Active,12/8/2012
ACC04626,U04127,B006,299864942672,Savings,211645,Active,12/16/2018
ACC04627,U04257,B022,451633318313,Savings,295570,Active,6/20/2020
ACC04628,U03321,B016,341413308102,Savings,264672,Active,7/10/2013
ACC04629,U03141,B029,476483939909,Current,36004,Active,7/8/2021
ACC04630,U02274,B022,551881855105,Savings,166678,Active,10/16/2010
ACC04631,U02559,B023,266224800725,Savings,20913,Active,6/8/2019
ACC04632,U04236,B022,865421693154,Savings,356385,Active,7/7/2024
ACC04633,U04557,B007,319743169924,Savings,468695,Active,12/7/2016
ACC04634,U02367,B012,687046216475,Savings,219781,Active,9/21/2013
ACC04635,U03979,B002,734679689123,Savings,316172,Active,9/2/2018
ACC04636,U04947,B002,897760056148,Savings,226931,Active,6/21/2019
ACC04637,U03608,B029,191592047443,Savings,423622,Active,8/1/2010
ACC04638,U03044,B020,704431605802,Savings,32203,Active,2/11/2021
ACC04639,U03116,B004,576821282348,Savings,190572,Active,6/1/2014
ACC04640,U01205,B029,894113822871,Savings,110341,Active,12/9/2016
ACC04641,U03148,B006,771759566822,Savings,229902,Active,6/18/2016
ACC04642,U02307,B001,102337592542,Savings,490483,Active,12/31/2021
ACC04643,U01236,B017,454461325943,Savings,316117,Active,5/11/2012
ACC04644,U03618,B024,419770722100,Savings,161838,Active,2/24/2019
ACC04645,U01087,B016,102867495775,Savings,158707,Active,8/6/2012
ACC04646,U03412,B004,585122118302,Savings,267230,Active,8/26/2014
ACC04647,U02960,B010,921711180473,Savings,461553,Active,9/1/2010
ACC04648,U02055,B003,689865882853,Savings,125440,Active,4/3/2011
ACC04649,U01732,B010,568565708070,Savings,493271,Active,7/1/2014
ACC04650,U04511,B001,355946697776,Savings,264932,Active,9/11/2013
ACC04651,U04736,B028,405003080528,Savings,112652,Active,4/22/2010
ACC04652,U03817,B013,125194305231,Savings,404769,Active,7/11/2014
ACC04653,U00180,B026,529291087599,Savings,300906,Active,6/19/2015
ACC04654,U04769,B005,808600028456,Savings,322666,Active,2/21/2023
ACC04655,U04818,B005,104490726926,Savings,386864,Active,7/2/2022
ACC04656,U01327,B029,604311297088,Savings,198993,Active,8/9/2011
ACC04657,U01616,B017,432855975518,Savings,339217,Active,3/6/2021
ACC04658,U00677,B016,106597733661,Savings,395063,Active,8/27/2011
ACC04659,U04221,B022,478398513169,Savings,407056,Active,4/24/2012
ACC04660,U02995,B026,587676107978,Current,69298,Active,8/2/2017
ACC04661,U02135,B004,750508042450,Savings,455847,Active,7/2/2015
ACC04662,U01062,B005,973016270474,Savings,16852,Active,1/10/2014
ACC04663,U01628,B025,627373537470,Savings,460470,Active,8/21/2019
ACC04664,U00878,B004,615467950837,Savings,39280,Active,7/20/2012
ACC04665,U01169,B011,300665230992,Savings,399635,Active,6/2/2021
ACC04666,U04009,B028,850790601935,Savings,443299,Active,6/17/2017
ACC04667,U03260,B027,939027657315,Savings,489268,Active,1/27/2018
ACC04668,U01303,B028,708648613669,Current,122232,Active,12/30/2018
ACC04669,U00334,B002,640958588596,Savings,400698,Active,10/28/2019
ACC04670,U01275,B008,788116102568,Savings,291379,Active,6/8/2011
ACC04671,U01131,B018,897069244773,Savings,81717,Active,11/13/2016
ACC04672,U02370,B007,698182053850,Savings,66315,Active,8/23/2015
ACC04673,U03779,B015,130112920681,Savings,363298,Active,3/23/2011
ACC04674,U04802,B008,163821600460,Savings,315382,Active,6/12/2013
ACC04675,U02051,B014,557181092539,Savings,340011,Active,6/1/2016
ACC04676,U02812,B021,602442922324,Savings,399353,Active,6/15/2017
ACC04677,U01730,B013,428891221820,Savings,361821,Active,4/27/2019
ACC04678,U03930,B020,592239879438,Savings,151769,Active,5/16/2016
ACC04679,U02966,B029,615364392273,Savings,265872,Active,2/18/2015
ACC04680,U04814,B008,401167826788,Savings,174022,Active,2/16/2010
ACC04681,U03196,B019,856888324050,Savings,45352,Active,4/16/2013
ACC04682,U04182,B026,524193222455,Savings,430912,Active,7/9/2011
ACC04683,U04845,B012,840725276250,Current,15009,Active,4/8/2020
ACC04684,U02093,B025,873235752782,Savings,351149,Active,12/30/2017
ACC04685,U01553,B008,344671840507,Savings,433237,Active,9/10/2021
ACC04686,U02072,B012,684111234320,Savings,315785,Active,6/28/2021
ACC04687,U02331,B013,791654389930,Savings,263101,Active,6/14/2017
ACC04688,U02514,B006,539973518422,Savings,248210,Active,1/31/2022
ACC04689,U04115,B027,447177727780,Savings,9477,Active,5/31/2019
ACC04690,U01593,B014,565373778496,Savings,131408,Active,1/23/2011
ACC04691,U03007,B018,874928919076,Savings,373300,Inactive,3/14/2012
ACC04692,U02745,B001,819575878894,Savings,20817,Active,10/5/2019
ACC04693,U04117,B025,666083777731,Savings,159148,Active,5/22/2011
ACC04694,U00197,B017,919906199458,Savings,179106,Active,7/2/2014
ACC04695,U04790,B023,448595275713,Savings,87152,Active,11/27/2012
ACC04696,U04245,B027,705080661789,Savings,25322,Active,6/25/2021
ACC04697,U01179,B020,289463775765,Savings,221507,Active,3/6/2021
ACC04698,U03777,B021,546601567002,Savings,443634,Active,3/24/2013
ACC04699,U03401,B013,758638933195,Savings,58736,Active,6/26/2016
ACC04700,U02185,B028,666223444638,Savings,301264,Active,4/29/2015
ACC04701,U00880,B025,905415171184,Savings,68504,Active,11/2/2018
ACC04702,U02626,B009,499069154965,Savings,447234,Active,10/23/2010
ACC04703,U00868,B023,574443855302,Savings,190109,Active,1/25/2011
ACC04704,U02275,B013,265051068441,Savings,432043,Active,5/27/2014
ACC04705,U03276,B029,824848708188,Savings,417526,Active,9/21/2010
ACC04706,U00238,B024,977346175478,Savings,176206,Active,7/12/2010
ACC04707,U00128,B003,778107006775,Savings,400950,Active,2/17/2018
ACC04708,U01580,B017,739894302228,Savings,176623,Active,4/26/2022
ACC04709,U03044,B030,552934865067,Savings,335588,Active,12/3/2020
ACC04710,U01366,B017,937771013042,Savings,402906,Active,3/20/2023
ACC04711,U04841,B030,103720592222,Savings,31657,Active,8/26/2012
ACC04712,U01827,B015,690992132797,Savings,490493,Active,4/27/2016
ACC04713,U04564,B003,846563741909,Current,412414,Active,2/9/2010
ACC04714,U00537,B019,775021531426,Savings,387705,Active,7/31/2020
ACC04715,U03558,B001,711518585780,Savings,171916,Active,8/15/2013
ACC04716,U04464,B021,487957456270,Savings,283820,Active,9/11/2012
ACC04717,U03300,B011,917654192609,Savings,160720,Active,3/6/2021
ACC04718,U02549,B006,986206715043,Savings,319574,Active,1/16/2016
ACC04719,U03360,B003,926610751599,Savings,397836,Active,2/22/2018
ACC04720,U00772,B013,869845167052,Savings,139331,Active,12/1/2015
ACC04721,U02939,B014,358683512854,Savings,61716,Active,1/31/2012
ACC04722,U01023,B009,348406443774,Savings,13773,Active,2/27/2017
ACC04723,U04663,B030,731332795500,Savings,133344,Active,2/28/2018
ACC04724,U00242,B024,200988113114,Current,208031,Active,9/25/2013
ACC04725,U00486,B006,427975886068,Savings,161417,Active,3/2/2018
ACC04726,U00212,B005,865416806222,Savings,300453,Active,8/9/2021
ACC04727,U03515,B009,991296534301,Savings,495067,Active,9/26/2010
ACC04728,U04920,B007,758253982297,Savings,372621,Active,8/30/2014
ACC04729,U02558,B002,955950048076,Savings,185578,Active,8/31/2018
ACC04730,U03526,B004,977345099908,Savings,79999,Active,3/23/2012
ACC04731,U00164,B014,817841892430,Savings,405907,Active,7/5/2019
ACC04732,U03953,B007,442863573191,Savings,241200,Active,5/25/2014
ACC04733,U04378,B018,726402824770,Savings,106116,Active,4/26/2014
ACC04734,U02884,B028,862256211384,Savings,14639,Active,6/30/2011
ACC04735,U01010,B010,213181146045,Savings,39304,Active,1/26/2011
ACC04736,U02593,B009,474858510912,Savings,20315,Active,5/5/2010
ACC04737,U03723,B005,241056491177,Savings,170358,Active,6/12/2020
ACC04738,U04508,B017,461747932133,Savings,283244,Active,8/13/2018
ACC04739,U03571,B009,395787053197,Savings,104116,Active,2/4/2012
ACC04740,U03325,B023,488949876841,Savings,1717,Active,4/9/2021
ACC04741,U01733,B007,960998929714,Savings,347932,Active,6/17/2013
ACC04742,U03194,B027,211104516606,Savings,480602,Active,7/17/2019
ACC04743,U02041,B017,107354769944,Savings,349619,Active,2/21/2016
ACC04744,U00312,B011,276408712847,Savings,440035,Active,12/15/2022
ACC04745,U02776,B005,245592580615,Savings,424796,Active,9/23/2010
ACC04746,U02466,B002,514826707699,Savings,257769,Active,7/13/2010
ACC04747,U04602,B018,167564557828,Savings,433542,Active,1/27/2012
ACC04748,U01003,B017,884523654731,Savings,100225,Active,11/29/2019
ACC04749,U01859,B025,345053254088,Savings,142951,Active,10/6/2021
ACC04750,U04395,B022,103867515320,Savings,494099,Active,8/31/2010
ACC04751,U01663,B004,311382580699,Savings,263430,Active,5/28/2014
ACC04752,U03144,B024,914461530513,Savings,350368,Active,1/11/2015
ACC04753,U00244,B008,540057734115,Savings,175274,Active,12/12/2012
ACC04754,U03908,B021,160072314049,Savings,34610,Active,12/8/2014
ACC04755,U02273,B005,386702813409,Savings,211553,Active,6/10/2020
ACC04756,U00179,B028,290028282919,Savings,401468,Active,6/18/2011
ACC04757,U01233,B025,367816435828,Savings,413481,Active,5/30/2018
ACC04758,U01981,B028,200946158049,Savings,173609,Active,10/17/2014
ACC04759,U00608,B004,522343785135,Savings,455666,Active,10/1/2018
ACC04760,U04251,B004,467760004046,Savings,499605,Active,10/8/2013
ACC04761,U04827,B020,897003179612,Savings,37158,Active,3/5/2016
ACC04762,U02090,B010,641710254412,Savings,364624,Active,6/22/2015
ACC04763,U01935,B006,155875803286,Savings,282666,Active,6/3/2013
ACC04764,U02278,B001,452300301254,Savings,288670,Active,7/20/2016
ACC04765,U04501,B006,207718433302,Savings,212891,Active,11/22/2012
ACC04766,U04571,B025,767236241660,Savings,387095,Active,1/30/2011
ACC04767,U02664,B019,730619091966,Savings,234024,Active,1/30/2010
ACC04768,U04653,B011,914158212156,Savings,489205,Active,12/11/2018
ACC04769,U01779,B015,273541261790,Savings,421001,Active,1/23/2016
ACC04770,U04384,B021,913206904967,Savings,448807,Active,5/18/2022
ACC04771,U00536,B014,882024311259,Savings,251237,Active,10/21/2022
ACC04772,U03689,B017,540538898328,Savings,374779,Active,8/14/2019
ACC04773,U04088,B017,842060586626,Savings,396665,Active,4/22/2017
ACC04774,U00922,B008,270818897291,Savings,480874,Active,1/15/2012
ACC04775,U01477,B015,664500458682,Current,432833,Active,5/9/2016
ACC04776,U00252,B018,939105230756,Savings,73632,Active,10/9/2013
ACC04777,U00844,B002,372317818254,Savings,331583,Active,2/17/2019
ACC04778,U04347,B029,951698129966,Savings,420047,Active,1/20/2023
ACC04779,U02472,B003,780897036515,Savings,41789,Active,1/6/2020
ACC04780,U00285,B019,249057568823,Savings,8967,Active,1/21/2015
ACC04781,U03555,B010,435317200325,Savings,357179,Active,7/22/2012
ACC04782,U04908,B015,694478609471,Savings,209586,Active,11/16/2010
ACC04783,U02129,B024,329548377570,Savings,195248,Active,4/28/2011
ACC04784,U04569,B016,874731266057,Savings,150412,Active,11/29/2019
ACC04785,U04274,B021,488631108411,Savings,214990,Active,6/13/2015
ACC04786,U00791,B013,894246549651,Savings,204434,Active,11/10/2015
ACC04787,U00530,B007,495942641483,Savings,251509,Active,8/24/2011
ACC04788,U04655,B023,308518200753,Savings,80447,Active,1/3/2010
ACC04789,U04529,B001,956898429812,Savings,254597,Active,10/11/2015
ACC04790,U00331,B004,481793827258,Savings,23699,Active,3/12/2016
ACC04791,U01309,B021,755282017441,Savings,492678,Active,3/19/2012
ACC04792,U03849,B016,949107203292,Savings,390698,Active,8/27/2012
ACC04793,U03722,B010,257176813753,Savings,15389,Active,12/24/2018
ACC04794,U01787,B009,978953129383,Current,71596,Active,7/24/2022
ACC04795,U04998,B017,787095906822,Savings,487135,Active,5/7/2017
ACC04796,U00213,B017,682037188442,Savings,268446,Active,7/12/2018
ACC04797,U02896,B030,216847298348,Savings,277320,Active,4/29/2013
ACC04798,U00354,B016,425842858065,Savings,106248,Active,8/25/2016
ACC04799,U00178,B011,729165751682,Savings,45230,Active,2/20/2010
ACC04800,U03317,B030,581038222661,Savings,202947,Active,2/25/2015
ACC04801,U02465,B019,374090478082,Savings,53524,Active,1/2/2014
ACC04802,U00606,B008,813874127226,Savings,61448,Active,12/24/2021
ACC04803,U02963,B013,808182570924,Savings,274157,Active,10/7/2015
ACC04804,U02323,B008,213046660418,Savings,25815,Active,11/30/2017
ACC04805,U01126,B017,338007544094,Savings,498843,Active,7/28/2011
ACC04806,U02452,B008,378208145370,Savings,37605,Active,8/14/2021
ACC04807,U02585,B024,582097467834,Current,34577,Active,6/21/2011
ACC04808,U03495,B012,999347952546,Savings,267314,Active,11/13/2012
ACC04809,U02390,B004,698572191107,Savings,193885,Active,11/4/2010
ACC04810,U01191,B027,541787669886,Savings,358167,Active,4/29/2018
ACC04811,U03247,B012,790816520570,Savings,62682,Active,6/19/2012
ACC04812,U00441,B021,877980284507,Savings,139923,Active,10/30/2022
ACC04813,U03934,B005,350254116094,Savings,91857,Active,7/3/2020
ACC04814,U00539,B003,569985125571,Savings,36623,Active,8/25/2010
ACC04815,U01973,B018,394033472298,Savings,101363,Active,11/1/2014
ACC04816,U01311,B005,417459801602,Savings,455632,Active,6/25/2010
ACC04817,U04336,B004,419057192592,Savings,224725,Active,10/24/2015
ACC04818,U02542,B006,926639166127,Current,362397,Active,7/25/2017
ACC04819,U04082,B024,694887737621,Savings,298673,Active,10/8/2017
ACC04820,U04809,B019,998553937801,Savings,132367,Active,9/14/2019
ACC04821,U02439,B017,638965569591,Savings,348712,Active,10/11/2017
ACC04822,U04703,B008,179389988318,Savings,427492,Active,11/28/2010
ACC04823,U03054,B013,973089957580,Savings,38511,Active,5/28/2017
ACC04824,U01253,B008,538388281047,Savings,210295,Active,5/19/2011
ACC04825,U03362,B019,130355130890,Savings,329864,Active,11/6/2012
ACC04826,U03651,B021,106708974596,Savings,123305,Active,3/15/2020
ACC04827,U03580,B001,212779507105,Savings,373833,Active,7/5/2018
ACC04828,U03792,B013,771197767447,Savings,132056,Active,10/28/2024
ACC04829,U02274,B024,121571738822,Savings,429561,Active,7/16/2016
ACC04830,U03886,B001,456413949514,Savings,342000,Active,7/26/2015
ACC04831,U01287,B023,972981872021,Savings,472460,Active,4/3/2015
ACC04832,U04625,B003,861567039678,Savings,301080,Active,5/24/2019
ACC04833,U02130,B006,106265685568,Savings,16776,Active,5/28/2016
ACC04834,U01975,B011,740072052286,Savings,99528,Active,4/17/2014
ACC04835,U03349,B023,515074863196,Savings,166073,Active,12/28/2013
ACC04836,U03242,B007,597815587007,Savings,477377,Active,11/28/2011
ACC04837,U04198,B025,965653087376,Savings,94115,Active,11/26/2011
ACC04838,U02923,B019,523834031448,Savings,176338,Inactive,5/1/2020
ACC04839,U02724,B013,523091704951,Savings,376270,Active,3/11/2010
ACC04840,U04999,B010,519943253396,Savings,376850,Active,8/12/2017
ACC04841,U02175,B017,421654547007,Current,21578,Active,6/29/2015
ACC04842,U03060,B021,342052135712,Savings,415459,Active,4/30/2020
ACC04843,U02932,B025,735142489539,Savings,217623,Active,8/10/2019
ACC04844,U04498,B004,743338309902,Savings,456281,Active,11/22/2014
ACC04845,U03428,B021,342151375423,Savings,198649,Active,4/27/2013
ACC04846,U04340,B030,850763108929,Savings,86806,Active,11/19/2016
ACC04847,U00190,B011,542287052462,Savings,371935,Active,4/9/2013
ACC04848,U00021,B011,264262130840,Savings,309172,Inactive,6/13/2014
ACC04849,U00026,B007,339241013954,Savings,66710,Active,5/9/2017
ACC04850,U03196,B022,825071553250,Savings,289387,Active,5/10/2014
ACC04851,U01468,B006,351105183883,Savings,6695,Active,9/4/2012
ACC04852,U02962,B015,592787926330,Savings,61984,Active,1/27/2017
ACC04853,U00984,B030,999090119350,Savings,72630,Active,8/9/2011
ACC04854,U01491,B019,491847694858,Savings,307989,Active,4/29/2016
ACC04855,U03550,B012,448097053701,Savings,384523,Active,12/16/2015
ACC04856,U00971,B026,860220422792,Savings,341338,Active,4/26/2013
ACC04857,U02209,B013,880677927111,Current,364966,Active,2/25/2017
ACC04858,U02681,B029,495270820806,Savings,395505,Active,4/9/2013
ACC04859,U04967,B004,603141660292,Current,175386,Active,11/10/2021
ACC04860,U00968,B001,151242845290,Savings,343204,Active,12/5/2013
ACC04861,U04062,B025,987908555334,Savings,183820,Active,3/17/2014
ACC04862,U00134,B002,910922163779,Savings,466788,Active,8/8/2018
ACC04863,U04896,B017,186716852315,Savings,253548,Active,4/20/2015
ACC04864,U01192,B025,219656829387,Savings,444632,Active,1/27/2011
ACC04865,U00341,B010,121157561369,Savings,180566,Active,3/6/2014
ACC04866,U03133,B011,418105496557,Savings,379464,Active,1/16/2018
ACC04867,U00036,B025,655849307549,Savings,19436,Active,1/13/2010
ACC04868,U02434,B001,494354391183,Savings,205071,Active,9/27/2017
ACC04869,U01097,B009,497701342901,Current,319006,Active,10/13/2015
ACC04870,U00779,B027,819952395109,Savings,245207,Active,12/31/2012
ACC04871,U03848,B014,105917916035,Savings,378706,Active,12/27/2011
ACC04872,U03605,B016,310080917226,Savings,163399,Active,12/21/2015
ACC04873,U03464,B004,646875622266,Savings,429595,Active,6/21/2010
ACC04874,U01246,B011,365825513721,Savings,122668,Active,2/13/2012
ACC04875,U00147,B028,980115600870,Savings,312833,Active,8/23/2017
ACC04876,U01902,B023,184955046447,Savings,110695,Active,8/16/2011
ACC04877,U03771,B020,461926330751,Savings,15543,Active,12/24/2017
ACC04878,U03184,B004,879298222907,Current,147317,Active,2/24/2018
ACC04879,U01866,B007,728937457799,Savings,179410,Active,1/22/2019
ACC04880,U04030,B013,385359506019,Savings,1854,Active,12/29/2012
ACC04881,U02408,B020,381432517620,Savings,464300,Active,5/12/2014
ACC04882,U01872,B015,321735120293,Savings,236536,Active,4/27/2014
ACC04883,U01544,B026,952547565032,Savings,128692,Active,11/26/2012
ACC04884,U01958,B010,605180261896,Savings,394227,Active,9/24/2015
ACC04885,U02121,B030,143595812163,Savings,197746,Active,11/4/2018
ACC04886,U02440,B029,856714131878,Savings,263205,Active,11/30/2014
ACC04887,U03108,B022,510073606820,Savings,13314,Active,8/12/2013
ACC04888,U00516,B008,214521536889,Savings,278040,Active,8/26/2025
ACC04889,U01281,B005,223667279057,Savings,241326,Active,10/26/2017
ACC04890,U00552,B024,270977776806,Savings,369806,Active,5/27/2010
ACC04891,U01688,B009,608650960520,Savings,221695,Active,4/11/2015
ACC04892,U04588,B007,679342278347,Savings,357168,Active,6/17/2016
ACC04893,U00977,B016,551928438600,Savings,462637,Active,11/24/2011
ACC04894,U01162,B030,617204386129,Savings,99817,Active,6/16/2013
ACC04895,U03233,B002,768556723715,Savings,235367,Active,5/14/2011
ACC04896,U00893,B008,684053535216,Savings,16179,Active,2/19/2011
ACC04897,U04658,B030,135794505077,Savings,392841,Active,1/23/2022
ACC04898,U00501,B021,797199699428,Savings,251257,Active,12/22/2012
ACC04899,U01092,B021,496044653942,Savings,92444,Active,4/1/2021
ACC04900,U02946,B014,448660912694,Savings,233813,Active,10/24/2016
ACC04901,U03429,B018,716083753477,Savings,388514,Active,1/4/2011
ACC04902,U04427,B013,135385823651,Savings,159388,Active,6/21/2013
ACC04903,U01890,B007,382739882766,Savings,347386,Active,3/15/2018
ACC04904,U01082,B022,633744011344,Savings,417978,Active,5/23/2012
ACC04905,U00727,B013,852368394448,Savings,22300,Active,3/13/2011
ACC04906,U04378,B019,738482741245,Savings,482057,Active,10/19/2014
ACC04907,U02261,B005,476859640317,Savings,73306,Active,2/1/2017
ACC04908,U00164,B022,574829937897,Savings,492436,Active,12/31/2010
ACC04909,U00136,B009,610036288302,Current,244236,Active,1/3/2014
ACC04910,U03801,B027,783203890859,Current,331053,Active,10/16/2011
ACC04911,U02571,B001,740057237279,Savings,190144,Active,12/10/2011
ACC04912,U04335,B028,369466845084,Savings,215165,Active,10/13/2017
ACC04913,U02109,B009,541313622508,Savings,381849,Active,5/24/2016
ACC04914,U03633,B014,101650241592,Savings,233734,Active,4/9/2021
ACC04915,U02127,B029,726357982302,Savings,73755,Active,2/15/2015
ACC04916,U02946,B011,539054174071,Savings,470109,Active,10/18/2011
ACC04917,U03109,B013,837777211136,Savings,144052,Active,12/11/2021
ACC04918,U04519,B019,750682251105,Savings,431501,Active,4/17/2016
ACC04919,U03195,B012,826562905011,Savings,166662,Active,3/18/2021
ACC04920,U04182,B022,641378252974,Savings,300910,Active,11/19/2012
ACC04921,U02178,B013,303907261617,Savings,28435,Active,11/10/2017
ACC04922,U00954,B019,246391830200,Savings,305402,Active,3/4/2019
ACC04923,U02106,B025,560176607386,Savings,188448,Active,2/7/2019
ACC04924,U02210,B009,333061960975,Savings,250250,Active,2/16/2018
ACC04925,U01093,B029,657197927375,Savings,214699,Active,3/20/2013
ACC04926,U03829,B013,941816954960,Savings,149858,Active,7/15/2018
ACC04927,U02986,B018,707591136218,Savings,92941,Active,3/2/2011
ACC04928,U00379,B012,128876952857,Savings,204554,Active,2/11/2021
ACC04929,U04975,B012,788665551049,Savings,371455,Active,2/26/2013
ACC04930,U04123,B021,137685924873,Savings,234959,Active,5/1/2013
ACC04931,U02593,B015,226051065181,Savings,323261,Active,10/12/2017
ACC04932,U01268,B019,495121768104,Savings,243538,Active,10/2/2014
ACC04933,U01778,B026,361196309358,Savings,16960,Active,2/3/2013
ACC04934,U03984,B012,140629995808,Savings,371841,Active,6/22/2021
ACC04935,U02186,B006,402600692307,Savings,406392,Active,2/10/2019
ACC04936,U01397,B011,157312545712,Savings,256754,Active,1/30/2019
ACC04937,U01409,B009,665920620634,Savings,130797,Active,6/11/2011
ACC04938,U01750,B018,980786476258,Savings,292390,Active,1/4/2014
ACC04939,U03326,B021,887715375147,Savings,369841,Active,12/22/2011
ACC04940,U02896,B011,186405612260,Savings,30775,Active,5/1/2015
ACC04941,U01465,B011,873390924067,Savings,97761,Active,9/10/2011
ACC04942,U02300,B028,864901426435,Savings,4053,Active,12/6/2011
ACC04943,U04363,B024,133479275087,Savings,173038,Active,3/5/2015
ACC04944,U02741,B019,300312188930,Savings,284091,Active,5/29/2011
ACC04945,U04022,B018,583297339344,Savings,194345,Active,1/4/2016
ACC04946,U00247,B021,290524789137,Savings,132903,Active,8/5/2010
ACC04947,U04791,B011,789601113468,Savings,72920,Active,6/21/2010
ACC04948,U04611,B020,998860271635,Savings,106468,Active,4/8/2010
ACC04949,U01724,B019,331969885528,Savings,225731,Active,4/30/2014
ACC04950,U03314,B024,281246829611,Savings,155698,Active,4/2/2010
ACC04951,U01504,B025,691921035171,Savings,281188,Active,10/23/2020
ACC04952,U00349,B027,378306933979,Savings,244214,Active,4/1/2016
ACC04953,U03176,B013,886136794415,Savings,115939,Active,3/10/2018
ACC04954,U01045,B010,180799898144,Savings,304550,Active,11/20/2010
ACC04955,U04878,B025,542705565004,Savings,130032,Active,10/10/2014
ACC04956,U04854,B005,348048798962,Savings,436266,Active,9/13/2012
ACC04957,U01886,B017,974567590531,Savings,345273,Active,3/20/2023
ACC04958,U01554,B023,591511234242,Current,385303,Active,10/29/2016
ACC04959,U00448,B005,186677827850,Savings,161617,Active,6/6/2016
ACC04960,U01156,B001,328187749433,Savings,156501,Active,7/28/2017
ACC04961,U04339,B019,885118616821,Savings,312067,Active,6/27/2010
ACC04962,U03583,B004,437020830168,Savings,378855,Active,4/12/2016
ACC04963,U01586,B026,119339287267,Savings,61749,Active,10/6/2021
ACC04964,U01686,B003,844431666605,Savings,117159,Active,4/9/2016
ACC04965,U01031,B008,365902038659,Savings,498960,Active,3/1/2017
ACC04966,U04624,B018,607526199838,Savings,51066,Active,7/6/2011
ACC04967,U04240,B009,305576818754,Savings,308953,Active,7/9/2025
ACC04968,U01162,B028,742509577450,Savings,298435,Active,2/5/2022
ACC04969,U00339,B028,339965017586,Savings,381935,Active,4/22/2012
ACC04970,U00089,B004,691515773715,Savings,356816,Active,4/5/2014
ACC04971,U00469,B025,537441506391,Savings,200516,Active,7/6/2010
ACC04972,U00651,B022,461749517864,Current,153174,Active,7/19/2015
ACC04973,U00309,B010,199727459859,Savings,335117,Active,9/10/2012
ACC04974,U04523,B020,952944617199,Savings,382799,Active,5/19/2016
ACC04975,U00900,B029,742788288284,Savings,114049,Active,12/17/2013
ACC04976,U01100,B016,311656577831,Savings,498678,Active,9/1/2020
ACC04977,U00591,B016,951579740299,Savings,328943,Active,3/16/2010
ACC04978,U02844,B026,508186884847,Savings,305287,Active,4/27/2018
ACC04979,U00175,B011,466016995665,Savings,364877,Active,11/15/2010
ACC04980,U04574,B027,825281794313,Savings,293598,Active,10/9/2010
ACC04981,U00999,B023,577075125291,Savings,288301,Active,3/5/2013
ACC04982,U00627,B002,876831540746,Savings,164306,Active,1/21/2015
ACC04983,U00295,B003,340192315696,Savings,36282,Active,7/6/2013
ACC04984,U04571,B010,456052832813,Savings,54651,Active,1/26/2018
ACC04985,U04907,B003,278094130746,Savings,59836,Active,2/7/2014
ACC04986,U04452,B004,753229010544,Savings,238347,Active,9/22/2016
ACC04987,U02061,B029,637531351610,Savings,262596,Active,12/14/2017
ACC04988,U00746,B010,792166686702,Savings,102689,Active,6/3/2013
ACC04989,U02715,B002,492914461677,Savings,377978,Active,2/24/2013
ACC04990,U03748,B024,651157144367,Savings,452460,Active,5/31/2014
ACC04991,U01937,B013,147121164916,Savings,332981,Active,10/3/2013
ACC04992,U02644,B013,855999887921,Savings,445391,Active,2/15/2018
ACC04993,U02066,B010,140592799327,Savings,490724,Active,3/10/2011
ACC04994,U02616,B019,528149982636,Savings,89076,Active,8/12/2014
ACC04995,U00848,B026,356899373927,Savings,7231,Active,9/16/2016
ACC04996,U02154,B023,545938327806,Savings,312910,Active,2/4/2020
ACC04997,U00237,B018,811715721951,Savings,450523,Active,11/24/2013
ACC04998,U03597,B004,670805989089,Savings,133772,Active,2/17/2017
ACC04999,U04829,B025,483366454004,Savings,336497,Active,1/8/2021
ACC05000,U02639,B007,459696461889,Savings,297515,Active,5/20/2017
ACC05001,U04024,B011,896816765919,Savings,248149,Active,2/4/2021
ACC05002,U01621,B021,673501499185,Savings,422514,Active,3/31/2014
ACC05003,U02096,B001,792113113245,Savings,69790,Active,6/25/2012
ACC05004,U04878,B009,785939959812,Savings,243380,Active,11/2/2020
ACC05005,U00973,B024,763769744032,Savings,137456,Active,7/14/2012
ACC05006,U00002,B017,172822804578,Savings,382321,Active,7/13/2016
ACC05007,U01562,B007,609707149276,Savings,190636,Active,9/30/2010
ACC05008,U00298,B021,381184936489,Savings,430858,Active,10/17/2016
ACC05009,U01947,B022,659075315697,Savings,466273,Active,11/14/2011
ACC05010,U04308,B023,331609993954,Savings,333116,Active,9/3/2016
ACC05011,U00592,B014,743779379333,Savings,135540,Inactive,8/12/2018
ACC05012,U04401,B001,530295181826,Savings,110319,Active,6/22/2011
ACC05013,U03029,B011,981827973242,Savings,24377,Active,9/26/2010
ACC05014,U04240,B017,789045905593,Savings,404261,Active,5/19/2024
ACC05015,U02416,B001,264403988498,Savings,467287,Inactive,8/28/2014
ACC05016,U02420,B014,149829105622,Savings,189329,Active,4/30/2014
ACC05017,U02123,B005,773419826590,Savings,424289,Active,4/30/2016
ACC05018,U04082,B023,165254046918,Savings,23497,Active,1/29/2018
ACC05019,U02944,B027,972000753319,Savings,68703,Active,5/19/2020
ACC05020,U01942,B003,868367632762,Savings,196138,Active,9/19/2015
ACC05021,U02587,B030,890139781160,Savings,450332,Active,2/20/2021
ACC05022,U04295,B013,533825068969,Savings,234092,Active,12/8/2014
ACC05023,U00108,B010,305004224841,Savings,342210,Active,5/8/2011
ACC05024,U04932,B005,201865333932,Savings,264143,Active,9/10/2010
ACC05025,U02808,B016,742002570802,Savings,54681,Active,2/2/2020
ACC05026,U03345,B029,403507635437,Savings,273151,Active,1/6/2019
ACC05027,U00661,B008,850153822002,Savings,156663,Active,8/6/2019
ACC05028,U03977,B008,460513196829,Current,178968,Active,9/15/2014
ACC05029,U00743,B001,964700473385,Savings,72100,Active,11/8/2013
ACC05030,U01709,B024,324681861691,Savings,409731,Active,4/4/2014
ACC05031,U02710,B014,922238178347,Savings,483301,Active,9/4/2013
ACC05032,U01232,B028,711293617203,Savings,460169,Active,6/25/2011
ACC05033,U00720,B027,735030106322,Savings,387442,Active,12/22/2010
ACC05034,U02985,B007,910710735422,Savings,31489,Active,4/19/2012
ACC05035,U01003,B017,978224151092,Savings,343927,Active,5/13/2010
ACC05036,U04017,B015,467428304202,Savings,51916,Active,2/2/2018
ACC05037,U01790,B013,155785471830,Savings,435414,Active,4/12/2011
ACC05038,U00404,B021,872010320772,Savings,220884,Active,12/8/2017
ACC05039,U02638,B008,290432515164,Savings,188968,Active,5/21/2024
ACC05040,U02478,B014,923260155103,Savings,482123,Active,5/30/2015
ACC05041,U01128,B021,582754571713,Savings,122687,Active,11/19/2012
ACC05042,U04415,B003,176779585391,Savings,419729,Active,7/7/2011
ACC05043,U03523,B025,278755233448,Savings,30372,Active,3/16/2010
ACC05044,U01255,B010,107936238588,Savings,27769,Active,4/26/2013
ACC05045,U00691,B010,704111883119,Savings,297095,Active,3/16/2010
ACC05046,U04268,B001,743800583356,Current,234295,Active,12/5/2010
ACC05047,U01024,B012,544206784714,Current,426529,Active,9/18/2015
ACC05048,U04569,B010,470544848343,Savings,10049,Active,7/14/2016
ACC05049,U04446,B029,342295894603,Savings,453485,Active,3/31/2010
ACC05050,U00417,B030,759963785921,Savings,110263,Active,3/27/2013
ACC05051,U02672,B021,645069136765,Savings,29405,Active,3/15/2018
ACC05052,U04843,B030,267692839446,Savings,382638,Active,8/21/2013
ACC05053,U01611,B010,727224003224,Savings,88343,Active,8/13/2011
ACC05054,U01078,B027,575220657862,Savings,81152,Active,10/18/2012
ACC05055,U01564,B013,562972522841,Savings,478858,Active,2/15/2012
ACC05056,U03747,B026,503639898107,Savings,213087,Active,3/27/2012
ACC05057,U00245,B023,168756148406,Savings,383595,Active,8/8/2020
ACC05058,U01585,B007,882857766760,Savings,481258,Active,3/31/2019
ACC05059,U04470,B009,498989914463,Savings,300939,Active,10/28/2019
ACC05060,U01857,B019,200666722785,Savings,442175,Active,2/10/2017
ACC05061,U01785,B012,489457667765,Savings,162623,Active,1/18/2013
ACC05062,U02657,B007,182464276794,Savings,65714,Active,1/18/2019
ACC05063,U03490,B026,681096653960,Savings,268327,Active,3/2/2012
ACC05064,U03433,B002,609504631844,Savings,408081,Active,2/20/2013
ACC05065,U03039,B006,395328542299,Savings,340088,Active,2/10/2012
ACC05066,U00088,B009,668840116368,Savings,479339,Active,11/26/2020
ACC05067,U00060,B015,423674438834,Savings,434667,Inactive,8/20/2021
ACC05068,U04324,B010,885104269462,Current,419995,Active,3/18/2017
ACC05069,U01562,B010,526407611426,Savings,237452,Active,11/19/2014
ACC05070,U02346,B025,777326878961,Savings,94988,Active,9/4/2015
ACC05071,U04232,B025,371882207501,Savings,283185,Active,1/31/2021
ACC05072,U03019,B007,979886306734,Savings,428084,Active,6/1/2013
ACC05073,U00661,B011,857348851213,Savings,297948,Active,6/5/2017
ACC05074,U02032,B007,547852085804,Savings,439264,Active,5/30/2019
ACC05075,U00065,B028,742009745224,Savings,66812,Active,6/17/2014
ACC05076,U04114,B016,132805520165,Savings,322825,Inactive,10/1/2017
ACC05077,U02381,B004,931525103809,Savings,59674,Active,3/17/2011
ACC05078,U01085,B001,697298697447,Savings,294530,Active,4/12/2015
ACC05079,U03983,B013,435984122880,Savings,28391,Active,7/23/2019
ACC05080,U01398,B013,532528494854,Savings,109628,Active,9/28/2013
ACC05081,U04904,B004,529101749460,Savings,208483,Active,9/15/2017
ACC05082,U02315,B013,903941257629,Savings,330649,Active,5/5/2020
ACC05083,U04069,B029,764074118676,Savings,10477,Active,8/27/2012
ACC05084,U02866,B022,651229825424,Savings,86813,Inactive,8/8/2022
ACC05085,U02416,B026,503265155055,Savings,134935,Active,4/7/2010
ACC05086,U00357,B002,867431055680,Savings,237943,Active,11/19/2017
ACC05087,U04760,B011,732318325317,Savings,133003,Active,8/4/2022
ACC05088,U00721,B024,576411602444,Savings,363224,Active,5/31/2016
ACC05089,U02516,B029,879260643035,Current,334751,Active,8/7/2012
ACC05090,U03069,B001,727307700938,Savings,58325,Active,2/22/2014
ACC05091,U04511,B006,987885809129,Current,76687,Active,8/5/2012
ACC05092,U04716,B002,169258049223,Savings,465968,Active,10/22/2019
ACC05093,U00220,B018,691057017847,Savings,345932,Active,9/12/2014
ACC05094,U00487,B012,773639765045,Savings,483011,Active,12/2/2012
ACC05095,U02103,B019,430966721983,Savings,219713,Active,1/31/2014
ACC05096,U03642,B015,146332615774,Savings,459163,Active,3/3/2012
ACC05097,U03343,B023,854849653903,Savings,410635,Active,8/28/2013
ACC05098,U00162,B004,722860831802,Savings,140601,Active,5/24/2011
ACC05099,U02649,B003,987191359467,Savings,460338,Active,10/19/2012
ACC05100,U03508,B019,792856108196,Savings,323747,Active,1/28/2016
ACC05101,U03092,B006,368801588283,Savings,8306,Active,8/24/2018
ACC05102,U02281,B001,811127794571,Savings,254888,Active,1/23/2017
ACC05103,U00011,B029,873250645246,Savings,228583,Active,5/14/2016
ACC05104,U04802,B015,909992828400,Savings,291997,Active,8/5/2013
ACC05105,U01307,B028,197319665550,Current,316545,Active,8/20/2013
ACC05106,U04769,B008,113050855072,Savings,356412,Active,5/13/2010
ACC05107,U02562,B005,297553557086,Savings,385089,Active,2/22/2018
ACC05108,U04339,B020,138156976504,Savings,339429,Active,6/17/2017
ACC05109,U01748,B010,728514063021,Savings,329166,Active,2/20/2018
ACC05110,U04726,B027,937482570064,Savings,378084,Active,8/17/2011
ACC05111,U03052,B016,850742857359,Savings,46952,Active,8/21/2016
ACC05112,U01592,B010,579352543712,Savings,120599,Active,5/12/2019
ACC05113,U01949,B013,815061351262,Savings,347963,Active,12/23/2013
ACC05114,U00305,B026,920937835926,Savings,335087,Active,4/29/2013
ACC05115,U04992,B010,820504543832,Savings,195783,Active,7/3/2010
ACC05116,U00579,B004,535755197073,Savings,158105,Active,3/26/2017
ACC05117,U01938,B017,739117021757,Savings,426741,Active,5/18/2016
ACC05118,U02356,B006,685219382690,Savings,363297,Active,9/1/2010
ACC05119,U03643,B028,245635652173,Savings,134682,Active,8/7/2018
ACC05120,U02976,B009,490845042524,Savings,436048,Active,6/22/2013
ACC05121,U00426,B024,985739491416,Savings,170104,Active,3/19/2020
ACC05122,U02027,B009,820148771234,Savings,30424,Active,8/18/2012
ACC05123,U00587,B019,675517475862,Savings,430923,Active,7/25/2022
ACC05124,U01016,B020,174950014459,Savings,143493,Active,8/3/2015
ACC05125,U03750,B021,555979361032,Savings,434194,Active,5/5/2017
ACC05126,U04486,B013,852046302014,Savings,65331,Active,1/4/2019
ACC05127,U02685,B029,321575798433,Savings,77579,Active,5/5/2015
ACC05128,U03593,B024,125535992947,Savings,339742,Active,11/9/2012
ACC05129,U04296,B017,422855472808,Savings,148067,Active,7/20/2011
ACC05130,U00585,B022,676250915166,Savings,347573,Active,11/26/2013
ACC05131,U03724,B006,733288265396,Savings,135991,Active,9/10/2011
ACC05132,U03849,B024,865122874568,Savings,305191,Active,8/7/2015
ACC05133,U04856,B029,169332607833,Savings,63565,Active,11/9/2014
ACC05134,U01662,B013,976353966191,Savings,428644,Active,10/1/2018
ACC05135,U03827,B019,236135664763,Savings,109084,Active,12/28/2014
ACC05136,U04677,B004,357336755323,Savings,303041,Active,10/28/2013
ACC05137,U04436,B006,792846568266,Savings,303780,Active,2/6/2012
ACC05138,U01050,B016,381117595290,Savings,185841,Active,9/7/2014
ACC05139,U03483,B002,127990481069,Savings,81419,Active,6/26/2020
ACC05140,U01525,B011,992524809510,Savings,494365,Active,3/7/2012
ACC05141,U03926,B015,775791769508,Current,306006,Active,9/29/2010
ACC05142,U00726,B005,118539899790,Savings,158826,Active,6/29/2019
ACC05143,U00558,B007,932897991495,Savings,372861,Active,10/31/2013
ACC05144,U04681,B016,352143109764,Savings,175596,Active,12/19/2011
ACC05145,U02569,B029,410646732595,Savings,41747,Active,1/14/2011
ACC05146,U03659,B022,237056928045,Savings,458622,Active,12/7/2016
ACC05147,U00372,B016,162406137383,Savings,104218,Active,1/19/2010
ACC05148,U03924,B005,258805584960,Savings,93225,Active,3/16/2022
ACC05149,U00879,B005,989983722545,Savings,177722,Active,5/30/2015
ACC05150,U01897,B002,108077847945,Savings,4505,Inactive,1/28/2012
ACC05151,U03728,B007,591411852591,Savings,232482,Active,12/9/2010
ACC05152,U01402,B008,622811207738,Savings,39048,Active,1/24/2013
ACC05153,U03408,B022,576215625688,Savings,49504,Active,2/26/2012
ACC05154,U04040,B027,430308434029,Savings,258214,Active,5/8/2013
ACC05155,U03655,B024,658428705767,Savings,248048,Active,12/30/2012
ACC05156,U02276,B021,761338062716,Savings,86355,Active,10/23/2019
ACC05157,U00697,B025,598019367057,Savings,454216,Active,4/15/2012
ACC05158,U02788,B007,833368978653,Savings,258259,Active,1/20/2025
ACC05159,U03155,B021,707117914149,Savings,231727,Active,11/6/2015
ACC05160,U03254,B001,352602505494,Savings,316184,Active,11/30/2010
ACC05161,U04268,B019,776498899985,Savings,69747,Active,7/15/2018
ACC05162,U04642,B014,115420582621,Savings,294923,Active,11/29/2018
ACC05163,U00191,B016,120580036867,Savings,187612,Active,10/24/2015
ACC05164,U04122,B011,728683904676,Savings,6115,Active,1/8/2024
ACC05165,U01531,B030,158544913021,Savings,398495,Active,10/12/2022
ACC05166,U02330,B008,129370268640,Savings,282680,Active,11/24/2022
ACC05167,U02098,B024,139609593506,Savings,196742,Active,4/29/2019
ACC05168,U03339,B012,629721062951,Savings,120934,Active,4/24/2013
ACC05169,U04362,B002,190573448562,Savings,424041,Active,1/14/2016
ACC05170,U04976,B027,139069556501,Savings,418792,Active,2/19/2023
ACC05171,U04731,B026,956460859735,Savings,478035,Active,9/19/2022
ACC05172,U02822,B001,339248823253,Savings,334989,Active,4/26/2010
ACC05173,U03827,B014,384763180044,Savings,76202,Active,1/27/2013
ACC05174,U00978,B014,762314632030,Savings,396302,Active,4/17/2012
ACC05175,U01639,B019,117266789525,Savings,57528,Active,4/27/2022
ACC05176,U01114,B011,401545736656,Savings,137687,Active,9/26/2015
ACC05177,U02709,B020,400875105403,Savings,381500,Active,6/8/2013
ACC05178,U01537,B005,118411798263,Savings,219402,Active,10/2/2016
ACC05179,U04354,B009,198529157272,Savings,45690,Active,6/14/2013
ACC05180,U03858,B010,277535883409,Savings,18717,Active,1/30/2016
ACC05181,U00150,B006,686090416262,Savings,280159,Active,8/26/2015
ACC05182,U03948,B012,275070384026,Savings,343007,Active,8/14/2020
ACC05183,U01829,B002,452094465567,Savings,136099,Active,3/18/2020
ACC05184,U03032,B028,668071530486,Savings,180841,Active,1/27/2018
ACC05185,U02691,B022,555820453618,Savings,461474,Active,1/6/2010
ACC05186,U01812,B007,291014757860,Savings,379708,Active,10/3/2022
ACC05187,U00149,B012,176555916220,Savings,443606,Active,10/23/2013
ACC05188,U02389,B006,325479948360,Savings,106058,Active,10/19/2010
ACC05189,U03209,B018,276199181936,Savings,100594,Active,3/10/2013
ACC05190,U03074,B023,129773225732,Savings,353193,Active,7/11/2011
ACC05191,U01231,B015,222953249112,Savings,133785,Active,2/6/2010
ACC05192,U03795,B007,522700043296,Savings,92645,Active,10/26/2014
ACC05193,U01787,B003,851205740427,Savings,68434,Active,9/4/2014
ACC05194,U03105,B016,189269405982,Savings,200344,Active,11/27/2012
ACC05195,U03500,B002,484676207190,Savings,190520,Active,10/26/2020
ACC05196,U01485,B003,427105122190,Savings,182972,Active,9/6/2011
ACC05197,U04410,B006,870563701664,Savings,413777,Active,3/16/2020
ACC05198,U04688,B030,538088645122,Savings,174363,Active,11/20/2014
ACC05199,U04178,B003,524869023210,Savings,402430,Active,7/28/2015
ACC05200,U02968,B024,296275671867,Savings,297188,Active,9/3/2014
ACC05201,U04548,B016,449213780945,Savings,347685,Active,1/20/2023
ACC05202,U01308,B006,716706121444,Savings,227449,Active,10/2/2016
ACC05203,U02632,B018,346430958180,Savings,171601,Active,4/3/2016
ACC05204,U03814,B020,967583811852,Savings,133515,Active,2/20/2012
ACC05205,U04581,B012,421468422286,Savings,7759,Active,1/24/2021
ACC05206,U03147,B024,900777308005,Savings,161652,Active,2/2/2010
ACC05207,U02930,B023,823725793773,Savings,130835,Active,11/6/2016
ACC05208,U04928,B027,305630299422,Savings,93314,Active,9/21/2014
ACC05209,U03940,B018,770548606862,Savings,234042,Active,9/14/2018
ACC05210,U03161,B016,208624846396,Savings,141354,Active,10/31/2019
ACC05211,U01966,B014,919996549575,Savings,299521,Active,2/11/2016
ACC05212,U00726,B030,829569960866,Savings,145593,Active,8/13/2013
ACC05213,U03585,B029,856662609742,Savings,423450,Active,3/2/2016
ACC05214,U02003,B018,511868359137,Savings,309613,Active,12/9/2020
ACC05215,U02254,B024,258940486180,Savings,226256,Active,12/23/2010
ACC05216,U03895,B012,576088115260,Savings,307845,Active,7/10/2019
ACC05217,U00087,B018,875564973058,Savings,217250,Active,10/5/2018
ACC05218,U00443,B006,458405536523,Savings,135811,Inactive,11/13/2010
ACC05219,U02386,B021,520801441779,Savings,212073,Active,3/16/2018
ACC05220,U02670,B014,390606930882,Savings,223202,Active,6/28/2017
ACC05221,U02384,B011,893022158948,Savings,181158,Inactive,11/18/2010
ACC05222,U04403,B006,272458855414,Savings,294589,Active,12/31/2019
ACC05223,U03984,B030,329920104658,Savings,290332,Active,2/11/2013
ACC05224,U00681,B004,559251149895,Savings,85323,Active,5/19/2012
ACC05225,U02291,B014,216693992028,Savings,452385,Active,12/31/2022
ACC05226,U03583,B030,921234920754,Savings,189681,Active,11/15/2018
ACC05227,U00311,B019,684354802707,Current,21762,Active,11/11/2021
ACC05228,U02362,B004,212857822699,Savings,88233,Active,4/29/2016
ACC05229,U01092,B017,247060933967,Savings,219131,Active,1/22/2020
ACC05230,U00947,B018,325863541023,Savings,159655,Active,4/25/2014
ACC05231,U02978,B030,225266098280,Savings,234505,Active,9/15/2012
ACC05232,U02385,B030,876727680582,Savings,75628,Active,9/22/2015
ACC05233,U01888,B002,470281304560,Savings,227711,Active,3/21/2011
ACC05234,U01702,B019,565054677115,Savings,350343,Active,6/30/2021
ACC05235,U02261,B007,186890456092,Savings,12637,Active,4/17/2013
ACC05236,U03675,B008,505811433274,Current,22219,Active,6/15/2012
ACC05237,U02551,B021,541691084645,Savings,464772,Active,9/15/2020
ACC05238,U03493,B024,684119017966,Savings,8940,Active,6/8/2025
ACC05239,U04086,B019,194566581219,Savings,205440,Active,8/22/2018
ACC05240,U03699,B028,898156112362,Savings,342051,Active,1/14/2020
ACC05241,U04832,B012,669031360203,Current,471974,Active,8/27/2020
ACC05242,U01557,B005,189551895543,Savings,242053,Active,9/7/2022
ACC05243,U01081,B026,640207505392,Savings,65149,Active,10/28/2015
ACC05244,U02969,B012,637862970864,Savings,158361,Active,2/4/2018
ACC05245,U03293,B015,624064968382,Savings,136667,Active,9/23/2020
ACC05246,U01839,B013,472893050251,Savings,20387,Active,7/2/2010
ACC05247,U03430,B007,552396882405,Savings,297237,Active,11/16/2021
ACC05248,U04761,B009,651037214272,Savings,99529,Active,1/29/2012
ACC05249,U00370,B022,884953133797,Savings,176492,Active,12/13/2011
ACC05250,U03533,B010,274915987567,Savings,454963,Active,10/29/2010
ACC05251,U01796,B016,231363436331,Savings,252086,Active,9/22/2023
ACC05252,U02348,B029,804580717262,Savings,249968,Active,11/16/2020
ACC05253,U01696,B029,449747654002,Savings,193149,Active,12/9/2020
ACC05254,U01996,B030,778618235774,Current,321414,Active,10/1/2011
ACC05255,U00186,B010,394838093406,Savings,206453,Active,2/6/2012
ACC05256,U01573,B012,490544923211,Savings,452828,Active,6/27/2016
ACC05257,U02160,B001,945129010019,Savings,55296,Active,7/4/2013
ACC05258,U03986,B005,197811021690,Savings,268756,Active,5/25/2018
ACC05259,U02646,B023,331887187252,Savings,150285,Active,1/7/2013
ACC05260,U01066,B016,447280462074,Savings,220395,Active,3/9/2018
ACC05261,U00029,B015,941709428661,Savings,494006,Active,1/7/2014
ACC05262,U00108,B007,476378416961,Savings,86716,Active,6/2/2017
ACC05263,U01923,B024,311002553758,Savings,251011,Active,9/3/2013
ACC05264,U01249,B019,211237596230,Savings,351949,Active,10/8/2011
ACC05265,U00382,B015,859303150387,Savings,44016,Active,9/30/2011
ACC05266,U02222,B021,427031721076,Savings,128189,Active,3/7/2019
ACC05267,U00781,B025,586098579920,Savings,54394,Active,12/7/2015
ACC05268,U01117,B006,423891048630,Savings,422150,Active,6/15/2012
ACC05269,U01139,B018,633626509344,Current,372581,Active,1/4/2011
ACC05270,U01093,B012,968679950811,Savings,413644,Active,3/5/2011
ACC05271,U04557,B021,822570983025,Savings,467446,Active,5/21/2022
ACC05272,U03275,B023,923891559016,Savings,384529,Active,3/2/2013
ACC05273,U04380,B017,800584417351,Savings,242524,Active,8/29/2010
ACC05274,U02135,B024,572663620200,Savings,62282,Active,3/27/2019
ACC05275,U04238,B002,158962904208,Savings,458005,Active,1/18/2015
ACC05276,U03226,B016,593185678142,Current,495735,Active,1/26/2014
ACC05277,U02676,B030,121475584478,Savings,251187,Active,10/28/2014
ACC05278,U03891,B009,368239569447,Savings,101537,Active,4/14/2014
ACC05279,U02536,B027,219233928565,Savings,152592,Active,7/17/2021
ACC05280,U04720,B015,633845171801,Current,206661,Active,12/21/2020
ACC05281,U02676,B027,397653118957,Savings,474072,Active,10/11/2018
ACC05282,U02778,B001,193557590701,Savings,401329,Active,9/20/2012
ACC05283,U01288,B013,795165168642,Savings,135964,Active,2/11/2010
ACC05284,U00452,B005,280997699115,Savings,168599,Active,2/20/2010
ACC05285,U02977,B021,760326276030,Savings,381632,Active,8/15/2014
ACC05286,U02866,B012,735711111346,Savings,174030,Active,6/6/2022
ACC05287,U01315,B020,403066822477,Savings,289957,Active,8/13/2014
ACC05288,U04417,B002,241368033571,Savings,78729,Active,7/2/2016
ACC05289,U01249,B005,682445359863,Savings,46074,Active,11/11/2014
ACC05290,U00370,B030,720558197876,Savings,18622,Active,11/12/2020
ACC05291,U01486,B030,908252212983,Savings,474700,Active,6/25/2013
ACC05292,U04144,B002,641209966728,Savings,126526,Active,2/20/2015
ACC05293,U01971,B010,806313463246,Savings,447673,Active,10/4/2018
ACC05294,U00221,B028,352209027782,Savings,116497,Active,9/11/2019
ACC05295,U02545,B010,798208791598,Savings,285738,Active,10/7/2018
ACC05296,U01631,B022,632081130211,Savings,151695,Active,5/31/2010
ACC05297,U03832,B011,256247434212,Savings,31520,Active,5/26/2014
ACC05298,U03137,B005,535007707988,Savings,349702,Active,6/21/2017
ACC05299,U02111,B027,344711540583,Savings,357144,Active,4/26/2017
ACC05300,U03226,B014,553102713656,Savings,123656,Active,9/13/2010
ACC05301,U00691,B019,270023365103,Savings,462705,Inactive,10/3/2014
ACC05302,U02262,B027,895946048481,Savings,202485,Active,5/23/2011
ACC05303,U00779,B001,243730891361,Savings,214927,Active,8/11/2016
ACC05304,U01738,B024,200611989495,Savings,90290,Inactive,7/12/2022
ACC05305,U02453,B021,596112005682,Savings,354975,Active,2/20/2011
ACC05306,U00212,B008,141213138778,Savings,10288,Active,11/12/2020
ACC05307,U00543,B005,687996874664,Savings,474823,Active,4/2/2011
ACC05308,U01525,B022,220615996026,Savings,395711,Active,4/9/2017
ACC05309,U01496,B018,222341522719,Current,113749,Active,11/16/2011
ACC05310,U02805,B006,876036962033,Savings,406288,Active,10/24/2015
ACC05311,U02369,B029,260091934382,Savings,3433,Active,2/27/2018
ACC05312,U04923,B025,472701644017,Savings,23242,Active,4/17/2015
ACC05313,U01751,B027,986897408130,Savings,472435,Active,3/11/2011
ACC05314,U00978,B010,266200009873,Savings,207472,Active,5/2/2013
ACC05315,U03388,B024,237835094086,Savings,362996,Active,3/15/2012
ACC05316,U00731,B001,507915538295,Savings,323077,Active,2/25/2010
ACC05317,U04347,B002,352157768533,Savings,260440,Active,4/26/2020
ACC05318,U00669,B014,521252455713,Savings,299581,Active,7/21/2014
ACC05319,U00300,B017,933835132781,Current,255346,Active,3/5/2014
ACC05320,U03489,B029,735217990731,Savings,176120,Active,12/31/2018
ACC05321,U04392,B027,573524173484,Current,258763,Active,6/28/2012
ACC05322,U02354,B012,174591479856,Savings,173560,Active,11/15/2017
ACC05323,U01974,B023,893949987944,Savings,255036,Active,8/31/2017
ACC05324,U04694,B003,462462562212,Savings,355017,Active,4/16/2011
ACC05325,U04527,B019,696223301060,Savings,25830,Active,5/10/2016
ACC05326,U03389,B019,312269747320,Savings,186926,Active,10/30/2023
ACC05327,U04506,B027,978738133097,Savings,92163,Active,1/4/2019
ACC05328,U00718,B015,465290816015,Savings,194348,Active,2/18/2019
ACC05329,U00682,B003,135330859317,Savings,421706,Inactive,5/17/2011
ACC05330,U03174,B016,771177218828,Savings,388487,Active,3/11/2023
ACC05331,U03041,B009,740807187060,Savings,243347,Active,9/8/2011
ACC05332,U01496,B023,925945268991,Savings,414585,Active,11/28/2020
ACC05333,U00325,B024,276413388246,Savings,93497,Active,6/8/2014
ACC05334,U00360,B028,238360843797,Savings,43989,Active,8/25/2020
ACC05335,U02896,B010,884717222772,Savings,146460,Active,9/21/2015
ACC05336,U02616,B024,908272210596,Savings,33038,Active,10/10/2011
ACC05337,U00089,B030,702421851433,Savings,383907,Active,10/26/2016
ACC05338,U01011,B010,318324633212,Savings,81414,Inactive,7/7/2021
ACC05339,U00977,B012,450724259418,Savings,396102,Active,12/3/2018
ACC05340,U03365,B024,501481986844,Savings,59404,Active,11/30/2011
ACC05341,U02497,B022,169261553231,Savings,224994,Active,11/12/2012
ACC05342,U03895,B026,408393349518,Savings,10840,Active,2/9/2020
ACC05343,U00356,B002,980095356976,Savings,3473,Active,11/17/2011
ACC05344,U00184,B027,365468145070,Savings,62175,Active,6/4/2011
ACC05345,U03417,B029,947660732350,Current,414382,Active,5/18/2011
ACC05346,U00276,B019,505801597924,Savings,275402,Active,4/26/2016
ACC05347,U04487,B013,120119123608,Savings,482651,Active,6/8/2021
ACC05348,U03222,B025,331079052966,Savings,205729,Active,3/16/2014
ACC05349,U03050,B014,401929087000,Savings,396183,Active,6/26/2020
ACC05350,U00178,B009,367573783028,Savings,378815,Active,6/30/2021
ACC05351,U02141,B008,749249005984,Savings,327508,Active,1/21/2020
ACC05352,U00139,B024,346314018258,Savings,392766,Active,6/19/2011
ACC05353,U01546,B013,861361470708,Savings,393900,Active,2/11/2014
ACC05354,U03772,B001,169726952856,Current,215280,Active,2/14/2012
ACC05355,U00926,B006,712713970890,Savings,115820,Active,8/25/2017
ACC05356,U01981,B001,798805374241,Savings,250122,Active,9/6/2021
ACC05357,U00659,B014,852667272621,Savings,194765,Active,2/11/2022
ACC05358,U01187,B025,608017299870,Savings,31923,Active,5/16/2014
ACC05359,U01559,B003,621167161438,Savings,433567,Active,3/31/2016
ACC05360,U00017,B003,895864558929,Savings,78731,Active,7/4/2011
ACC05361,U00552,B013,474091738515,Savings,101324,Active,3/2/2013
ACC05362,U03632,B014,993957265408,Savings,483021,Active,5/14/2014
ACC05363,U01464,B007,433819358728,Current,452669,Active,12/13/2016
ACC05364,U03749,B015,725504046157,Savings,369431,Active,3/12/2014
ACC05365,U01677,B025,113694562315,Savings,252928,Active,4/6/2014
ACC05366,U04336,B016,445178296619,Savings,242906,Active,11/13/2022
ACC05367,U00922,B004,658738389295,Savings,118726,Active,2/18/2013
ACC05368,U03720,B003,695766140826,Savings,412576,Active,7/29/2021
ACC05369,U01117,B023,998444313757,Savings,287088,Active,4/20/2016
ACC05370,U02751,B003,504226992980,Current,373181,Active,2/13/2017
ACC05371,U02023,B022,995239880263,Savings,461395,Inactive,8/18/2010
ACC05372,U01194,B028,965734885204,Savings,16781,Active,1/1/2014
ACC05373,U04374,B008,118402092851,Savings,46908,Active,11/13/2015
ACC05374,U00558,B023,750297301614,Savings,280445,Active,6/15/2012
ACC05375,U04739,B022,163695332377,Savings,342471,Active,8/9/2010
ACC05376,U00476,B022,830084453849,Current,296259,Active,11/21/2011
ACC05377,U04000,B012,358061629162,Savings,25681,Active,2/21/2020
ACC05378,U02365,B030,614648029766,Savings,461989,Active,11/1/2017
ACC05379,U02745,B021,837313004392,Savings,69170,Active,2/26/2011
ACC05380,U03655,B016,788969173604,Savings,110956,Active,6/29/2013
ACC05381,U02968,B007,547942458312,Savings,149408,Active,11/21/2017
ACC05382,U03239,B013,467937692841,Savings,123315,Active,2/8/2015
ACC05383,U03861,B024,440295961514,Savings,418765,Active,6/22/2020
ACC05384,U00589,B021,188480977857,Savings,10029,Active,12/8/2014
ACC05385,U00111,B028,821279099233,Savings,137731,Active,6/19/2017
ACC05386,U02567,B010,897363596626,Savings,32691,Active,8/18/2014
ACC05387,U03073,B015,566498380662,Savings,259379,Active,3/1/2016
ACC05388,U00792,B005,471913676101,Savings,477569,Active,12/25/2016
ACC05389,U02636,B027,646300092371,Savings,2068,Active,7/18/2020
ACC05390,U03093,B022,304370316220,Savings,274427,Active,7/19/2015
ACC05391,U02507,B009,355665862248,Savings,448692,Active,5/31/2011
ACC05392,U01532,B028,450829666304,Savings,282462,Active,1/23/2013
ACC05393,U04652,B026,869336155957,Savings,479683,Active,3/29/2020
ACC05394,U02359,B011,419149385271,Savings,288408,Inactive,8/4/2014
ACC05395,U03971,B021,644559705271,Savings,314565,Active,1/15/2012
ACC05396,U00181,B017,358266449952,Savings,336207,Active,3/12/2017
ACC05397,U03221,B008,982436527036,Savings,79751,Active,1/24/2013
ACC05398,U01913,B018,510157268254,Savings,155735,Active,11/8/2014
ACC05399,U00478,B029,853073362381,Savings,55129,Active,2/5/2011
ACC05400,U03255,B022,520971666942,Savings,79377,Active,2/1/2013
ACC05401,U03893,B030,533079456610,Savings,435634,Active,6/8/2016
ACC05402,U03874,B026,138676699229,Savings,114101,Active,8/15/2018
ACC05403,U04724,B011,316602240505,Savings,305712,Active,1/20/2018
ACC05404,U00835,B022,871323653573,Savings,137402,Active,6/23/2016
ACC05405,U04651,B020,910175575157,Savings,277174,Inactive,11/3/2010
ACC05406,U02263,B004,378195742068,Savings,4458,Active,5/23/2018
ACC05407,U01077,B026,326460464769,Savings,495754,Active,7/17/2018
ACC05408,U00995,B024,532871203961,Savings,121512,Active,8/27/2012
ACC05409,U01314,B001,938382530745,Current,387697,Active,11/15/2024
ACC05410,U01240,B015,447896598194,Savings,324096,Active,9/30/2010
ACC05411,U03872,B013,350036119818,Savings,67296,Active,1/15/2012
ACC05412,U00124,B024,326003804588,Savings,264101,Active,12/24/2012
ACC05413,U03696,B019,820261809401,Savings,310846,Active,4/30/2011
ACC05414,U03402,B015,675289481423,Savings,14829,Active,3/6/2019
ACC05415,U01817,B029,421445668232,Savings,138144,Active,12/11/2013
ACC05416,U04977,B001,215707050142,Savings,29412,Active,4/7/2011
ACC05417,U02576,B008,568883991796,Savings,426668,Active,12/3/2010
ACC05418,U03049,B027,284818958433,Savings,299143,Active,6/15/2012
ACC05419,U03686,B014,665282972317,Savings,351328,Active,8/28/2018
ACC05420,U02325,B010,734917689293,Savings,272208,Active,12/18/2011
ACC05421,U02166,B010,549141161348,Savings,131971,Active,11/12/2015
ACC05422,U00197,B016,278444542149,Savings,430144,Active,8/19/2012
ACC05423,U00626,B015,806503747177,Savings,34800,Active,2/15/2011
ACC05424,U04096,B003,813959206749,Savings,302860,Active,3/28/2023
ACC05425,U02076,B030,769889516904,Savings,445542,Active,2/12/2010
ACC05426,U03305,B030,770528298894,Savings,497305,Active,3/9/2014
ACC05427,U04501,B023,373864057323,Savings,315701,Active,4/13/2018
ACC05428,U01925,B012,267783805193,Savings,190174,Active,10/1/2015
ACC05429,U02839,B017,862597338781,Savings,47458,Active,9/11/2010
ACC05430,U01986,B023,997707023271,Savings,16391,Active,12/5/2014
ACC05431,U01279,B023,573601252464,Current,121131,Active,11/14/2010
ACC05432,U02680,B026,693918911707,Savings,261781,Active,10/13/2016
ACC05433,U01679,B002,135373581686,Savings,448223,Active,5/30/2018
ACC05434,U04923,B022,392823737113,Savings,114450,Inactive,11/20/2013
ACC05435,U01007,B007,252720206223,Savings,14331,Active,9/22/2011
ACC05436,U01902,B005,451249163370,Savings,149627,Active,3/5/2017
ACC05437,U04198,B005,220881057400,Savings,146485,Active,4/22/2010
ACC05438,U00285,B021,825420473611,Savings,262634,Active,6/25/2016
ACC05439,U04579,B010,203682030752,Savings,55299,Active,11/24/2018
ACC05440,U03139,B027,481829904553,Savings,258722,Active,10/11/2017
ACC05441,U01448,B014,970199846745,Savings,206332,Active,4/12/2017
ACC05442,U02129,B028,327464612401,Savings,406241,Active,1/15/2012
ACC05443,U00868,B030,640571227389,Savings,474288,Active,6/28/2016
ACC05444,U04798,B021,617719286766,Savings,390285,Active,7/26/2016
ACC05445,U01051,B013,835168943561,Savings,92676,Active,3/19/2016
ACC05446,U03604,B030,135194064895,Savings,482397,Active,1/5/2011
ACC05447,U04651,B002,558647842207,Savings,440307,Active,12/29/2010
ACC05448,U03467,B028,185870864018,Savings,132839,Active,8/30/2022
ACC05449,U04802,B028,759786027941,Savings,24277,Active,4/20/2014
ACC05450,U03319,B016,916338490345,Savings,6307,Active,9/3/2011
ACC05451,U01027,B003,698251640956,Current,23622,Active,2/20/2016
ACC05452,U01308,B027,109032399522,Savings,286343,Active,7/1/2011
ACC05453,U03857,B011,414991515004,Savings,372351,Active,4/29/2022
ACC05454,U02289,B004,342210611696,Savings,110330,Active,5/1/2010
ACC05455,U04324,B024,154465219618,Savings,30759,Active,2/6/2021
ACC05456,U04553,B006,527438345075,Savings,29458,Active,7/21/2010
ACC05457,U03744,B019,196559038211,Savings,454919,Active,12/26/2018
ACC05458,U03603,B014,942078611326,Savings,282829,Active,8/23/2016
ACC05459,U01795,B029,978210378757,Savings,460127,Active,5/4/2010
ACC05460,U02042,B024,619967584348,Savings,203840,Active,10/4/2015
ACC05461,U03109,B002,214799338626,Savings,417164,Active,12/18/2010
ACC05462,U04183,B016,276751625201,Savings,135219,Active,2/17/2023
ACC05463,U02715,B029,619413043240,Savings,441243,Active,3/29/2015
ACC05464,U04844,B022,407146468962,Savings,194625,Active,10/13/2011
ACC05465,U01880,B005,510737238618,Savings,330668,Active,9/15/2023
ACC05466,U01913,B020,502945183681,Savings,108300,Active,12/28/2014
ACC05467,U03627,B001,166604116479,Savings,316969,Active,10/24/2018
ACC05468,U03854,B007,146698970897,Savings,114770,Active,10/17/2018
ACC05469,U04321,B002,938005869193,Savings,401048,Inactive,11/15/2013
ACC05470,U04572,B024,267020743749,Savings,399171,Active,2/20/2010
ACC05471,U04461,B021,993412073624,Savings,104355,Active,8/10/2019
ACC05472,U04757,B012,237292741775,Savings,184411,Active,3/30/2017
ACC05473,U04115,B010,514971895777,Savings,356349,Active,10/2/2010
ACC05474,U03951,B002,702748298459,Savings,430665,Active,11/23/2019
ACC05475,U02514,B030,630787994758,Savings,173400,Active,10/5/2017
ACC05476,U03330,B013,699282114411,Savings,347595,Active,3/27/2012
ACC05477,U04420,B004,561233377132,Savings,269157,Active,7/13/2022
ACC05478,U02183,B007,903034964831,Savings,85717,Active,5/17/2015
ACC05479,U00647,B021,231582077842,Savings,253212,Active,4/26/2012
ACC05480,U00118,B005,200494133738,Savings,5457,Active,6/17/2023
ACC05481,U03627,B023,914240373157,Savings,84525,Active,11/24/2012
ACC05482,U01992,B027,320218152429,Savings,42004,Active,2/23/2015
ACC05483,U03637,B009,736651286183,Savings,275704,Active,5/17/2016
ACC05484,U02427,B013,691308489199,Savings,46574,Active,10/5/2024
ACC05485,U01353,B008,300518657163,Savings,370007,Active,5/7/2013
ACC05486,U02897,B023,693831405823,Savings,2772,Active,4/11/2016
ACC05487,U04339,B001,978232596748,Savings,388695,Active,1/9/2017
ACC05488,U00976,B009,240893036324,Savings,243342,Active,11/30/2016
ACC05489,U00574,B017,237606679441,Savings,46633,Active,8/2/2022
ACC05490,U02488,B026,894401461184,Savings,116967,Active,2/2/2014
ACC05491,U04841,B024,882130243392,Savings,203259,Active,2/25/2014
ACC05492,U02497,B025,345728650308,Savings,125040,Active,1/21/2015
ACC05493,U00708,B028,999296750867,Savings,84002,Active,6/11/2011
ACC05494,U01287,B028,953358172502,Savings,315462,Active,7/13/2011
ACC05495,U04441,B007,116742801341,Savings,355238,Active,4/3/2012
ACC05496,U04707,B026,724486177862,Savings,376050,Active,12/30/2017
ACC05497,U03194,B008,486966957070,Savings,258993,Active,8/13/2010
ACC05498,U00047,B014,532738406873,Savings,205933,Active,5/18/2019
ACC05499,U00214,B009,861586311026,Current,373585,Active,11/1/2015
ACC05500,U00226,B028,534970647660,Savings,3724,Active,9/20/2015
ACC05501,U04265,B028,827383417960,Savings,340939,Active,3/22/2021
ACC05502,U03259,B029,813944125882,Savings,377740,Active,2/13/2021
ACC05503,U03388,B020,415173477765,Savings,394202,Active,10/14/2016
ACC05504,U02293,B012,858006130468,Savings,388586,Active,2/1/2013
ACC05505,U00562,B015,369585059711,Savings,119851,Active,10/31/2013
ACC05506,U00083,B008,132273997259,Savings,407236,Active,11/9/2010
ACC05507,U02119,B024,722311548371,Savings,51079,Active,1/25/2017
ACC05508,U02049,B007,449216654394,Savings,253003,Active,7/1/2014
ACC05509,U01371,B008,840925273115,Savings,147076,Active,8/13/2016
ACC05510,U03771,B012,498636728902,Savings,343307,Active,4/12/2012
ACC05511,U01541,B012,654443133157,Savings,207605,Active,7/8/2016
ACC05512,U01639,B009,421081124908,Savings,422999,Active,8/3/2018
ACC05513,U01056,B024,863618510882,Savings,1457,Active,4/6/2014
ACC05514,U01067,B023,483563146273,Savings,253538,Active,6/22/2022
ACC05515,U01593,B008,524073139195,Savings,437072,Active,4/24/2010
ACC05516,U02952,B016,779915150803,Savings,104268,Active,12/17/2012
ACC05517,U04259,B004,729509172185,Savings,261576,Active,3/20/2014
ACC05518,U01570,B028,370420671864,Savings,235622,Active,3/30/2013
ACC05519,U00232,B022,978673721124,Savings,160885,Active,6/9/2016
ACC05520,U02712,B003,310021912955,Savings,449230,Active,8/2/2017
ACC05521,U03087,B023,158063584526,Savings,204413,Active,11/19/2012
ACC05522,U00278,B015,269342677583,Savings,353171,Active,6/6/2014
ACC05523,U01608,B010,478282421730,Savings,333531,Active,9/4/2013
ACC05524,U00433,B021,676640329436,Savings,406021,Active,11/21/2018
ACC05525,U02098,B004,628148742490,Savings,19398,Inactive,7/20/2011
ACC05526,U04052,B013,778681732903,Savings,375499,Active,6/4/2015
ACC05527,U04630,B004,779099750388,Savings,7442,Inactive,12/28/2015
ACC05528,U02226,B022,312244769277,Savings,271536,Active,3/15/2013
ACC05529,U04657,B011,391382558123,Savings,358631,Active,8/21/2013
ACC05530,U03553,B005,687698498047,Savings,102494,Inactive,11/4/2012
ACC05531,U01873,B005,628603785327,Savings,67131,Active,7/19/2016
ACC05532,U01639,B006,335608637456,Savings,58944,Active,6/27/2011
ACC05533,U02401,B030,708528773457,Savings,175927,Active,6/17/2021
ACC05534,U03499,B009,308089290667,Savings,283239,Active,1/17/2022
ACC05535,U03378,B024,432941390755,Savings,390682,Active,5/31/2010
ACC05536,U00385,B001,726864630943,Savings,460514,Active,3/15/2012
ACC05537,U02715,B022,823215974986,Savings,314546,Active,10/3/2019
ACC05538,U02130,B007,464577780018,Savings,168056,Active,2/24/2011
ACC05539,U03843,B015,444664363595,Savings,390174,Active,1/26/2018
ACC05540,U00261,B006,217887155419,Savings,457037,Active,1/31/2017
ACC05541,U04740,B023,780786264928,Savings,173576,Active,5/6/2019
ACC05542,U00896,B005,828642851133,Savings,471450,Active,5/26/2019
ACC05543,U01883,B021,304876639476,Savings,103045,Active,4/28/2015
ACC05544,U01955,B030,522662030223,Savings,423456,Active,12/13/2018
ACC05545,U03634,B013,376383478777,Savings,440401,Active,5/27/2018
ACC05546,U03585,B016,465858645597,Savings,99628,Active,7/2/2018
ACC05547,U03105,B010,253711904748,Savings,210376,Active,7/24/2017
ACC05548,U03205,B006,995350231904,Savings,69235,Active,9/28/2015
ACC05549,U03499,B022,402101224884,Savings,23511,Active,1/11/2019
ACC05550,U00601,B011,554032788646,Savings,158711,Active,5/18/2015
ACC05551,U00303,B010,198130093797,Savings,365444,Active,10/16/2017
ACC05552,U04495,B004,652617160903,Savings,328605,Active,11/15/2011
ACC05553,U00779,B014,987151952318,Savings,398644,Active,3/13/2016
ACC05554,U01138,B012,954718844725,Savings,90620,Active,4/6/2017
ACC05555,U01218,B009,524844437982,Savings,297421,Active,6/10/2014
ACC05556,U04107,B026,592907940097,Savings,212265,Active,3/6/2015
ACC05557,U01928,B001,114769933662,Savings,244902,Active,12/7/2014
ACC05558,U00307,B020,283081769886,Savings,213143,Active,4/16/2023
ACC05559,U03466,B028,166164835043,Savings,32341,Active,3/12/2014
ACC05560,U02454,B016,976497147057,Savings,64433,Active,11/5/2012
ACC05561,U02194,B014,715587943156,Savings,265794,Active,8/8/2020
ACC05562,U03173,B004,260198627100,Current,247456,Active,1/23/2019
ACC05563,U01283,B022,310793294192,Savings,141263,Active,6/9/2018
ACC05564,U03927,B028,895670534946,Savings,481979,Active,3/13/2015
ACC05565,U04233,B022,454718673387,Savings,125892,Inactive,1/26/2022
ACC05566,U04874,B017,171347970629,Savings,271035,Active,10/14/2016
ACC05567,U02674,B023,444138012558,Savings,165979,Active,2/26/2018
ACC05568,U04902,B009,120760675077,Savings,343190,Active,4/29/2023
ACC05569,U01779,B005,629584614719,Savings,375123,Active,11/15/2020
ACC05570,U01004,B001,917401906998,Savings,476135,Active,4/13/2015
ACC05571,U02561,B014,782761631487,Savings,439511,Active,5/28/2023
ACC05572,U00729,B016,435949306533,Savings,232834,Active,8/25/2012
ACC05573,U03895,B026,450326718123,Savings,53359,Active,5/10/2011
ACC05574,U00771,B002,506648847681,Savings,341541,Active,5/14/2016
ACC05575,U02502,B024,579298807007,Current,456368,Active,8/20/2018
ACC05576,U03956,B027,850802805293,Savings,127100,Inactive,11/16/2018
ACC05577,U04559,B020,306291202429,Savings,240591,Active,8/25/2012
ACC05578,U01021,B002,937768039490,Savings,310702,Active,6/14/2013
ACC05579,U01833,B008,388047359665,Savings,50087,Active,8/10/2022
ACC05580,U02789,B007,224219064134,Savings,22560,Active,12/11/2019
ACC05581,U02752,B019,799621336281,Savings,404189,Active,1/28/2010
ACC05582,U03412,B009,512237719781,Current,298254,Active,7/15/2021
ACC05583,U00426,B005,410384765399,Savings,499536,Active,7/25/2016
ACC05584,U01359,B006,312245462535,Savings,252501,Active,1/11/2010
ACC05585,U03502,B016,430236295592,Current,356062,Active,9/17/2011
ACC05586,U01992,B010,335953880112,Savings,233097,Active,7/28/2020
ACC05587,U03506,B015,770777177027,Savings,97423,Active,2/11/2020
ACC05588,U01175,B011,136886571833,Savings,47539,Active,7/6/2021
ACC05589,U02006,B022,357149795604,Savings,224270,Active,7/14/2011
ACC05590,U01331,B015,416549648164,Savings,44011,Active,11/21/2015
ACC05591,U00367,B030,665000003494,Savings,423665,Active,10/17/2014
ACC05592,U02150,B016,817626673182,Savings,151921,Active,2/14/2010
ACC05593,U01313,B030,679113771068,Savings,310149,Active,10/8/2020
ACC05594,U01496,B004,140946605960,Savings,310701,Active,6/18/2013
ACC05595,U02149,B011,821509236459,Savings,237371,Active,8/14/2010
ACC05596,U01445,B029,600239751375,Savings,278209,Active,9/18/2017
ACC05597,U01341,B018,928380724501,Savings,282789,Active,10/24/2014
ACC05598,U01154,B017,360675053833,Savings,366591,Active,12/9/2022
ACC05599,U02582,B006,990226124416,Savings,27382,Active,7/13/2016
ACC05600,U02999,B027,880436407209,Savings,129550,Active,5/18/2016
ACC05601,U01911,B026,624691650226,Savings,412370,Active,10/16/2010
ACC05602,U02129,B018,680925108208,Savings,459468,Active,5/27/2010
ACC05603,U02892,B011,435804458066,Savings,412996,Active,9/13/2021
ACC05604,U02181,B002,847932800170,Savings,474401,Active,11/9/2011
ACC05605,U01680,B008,520610389164,Savings,317914,Active,2/13/2022
ACC05606,U03502,B030,573638502174,Savings,480871,Inactive,12/2/2017
ACC05607,U01537,B018,324608035562,Savings,417675,Active,2/11/2022
ACC05608,U01267,B003,714499038119,Savings,315782,Active,4/23/2020
ACC05609,U00557,B012,471677328341,Savings,68266,Active,3/12/2014
ACC05610,U04637,B006,332102510411,Savings,454185,Active,1/26/2022
ACC05611,U02067,B026,583856040315,Savings,154168,Active,3/31/2017
ACC05612,U03297,B010,164278235204,Savings,245558,Active,11/8/2018
ACC05613,U04658,B018,672442131613,Savings,159428,Active,1/24/2020
ACC05614,U01846,B003,226550417695,Savings,493598,Active,3/15/2011
ACC05615,U00184,B016,490974103820,Savings,211041,Active,1/18/2022
ACC05616,U02976,B008,976092812975,Savings,230800,Active,10/12/2011
ACC05617,U04121,B003,538658364577,Savings,374699,Active,10/9/2015
ACC05618,U01321,B024,204166724219,Savings,100274,Active,12/2/2016
ACC05619,U04056,B009,569828434086,Savings,498693,Active,8/5/2014
ACC05620,U04570,B030,936773740184,Savings,365917,Active,2/19/2022
ACC05621,U04118,B027,823398616493,Savings,249536,Active,6/27/2018
ACC05622,U03450,B007,177223631061,Savings,477734,Active,6/27/2012
ACC05623,U01089,B003,624372593873,Savings,77356,Active,7/12/2013
ACC05624,U00555,B019,314397043759,Savings,446241,Active,6/12/2014
ACC05625,U02091,B001,456208469003,Savings,95021,Active,1/2/2012
ACC05626,U02071,B021,768264692409,Savings,141558,Active,11/24/2014
ACC05627,U02565,B004,636898381450,Savings,327593,Active,5/8/2020
ACC05628,U03221,B022,839561680680,Current,43202,Active,6/15/2017
ACC05629,U03707,B017,401650264631,Savings,347728,Active,4/26/2017
ACC05630,U03761,B009,773157647178,Savings,208309,Active,4/15/2012
ACC05631,U00316,B013,192094414842,Savings,103257,Active,12/30/2016
ACC05632,U02882,B029,746068673090,Savings,339698,Active,8/18/2018
ACC05633,U01095,B023,777845854944,Savings,437357,Active,10/7/2017
ACC05634,U03400,B029,955422050169,Savings,205969,Active,6/28/2023
ACC05635,U02088,B011,189363843281,Savings,297050,Active,5/11/2018
ACC05636,U01850,B026,308177602276,Savings,386089,Active,2/15/2017
ACC05637,U01305,B026,656097332847,Savings,422361,Active,5/10/2014
ACC05638,U02570,B020,229926760026,Savings,472905,Active,11/11/2020
ACC05639,U01026,B030,988392012428,Savings,429653,Active,12/23/2013
ACC05640,U01388,B009,138174331913,Savings,394376,Active,9/6/2011
ACC05641,U04066,B012,518425057817,Savings,70594,Active,10/3/2020
ACC05642,U03828,B017,616354929671,Savings,220328,Active,3/23/2012
ACC05643,U01980,B028,737429474474,Savings,56667,Active,1/23/2012
ACC05644,U00302,B029,880258390780,Savings,334416,Active,5/18/2015
ACC05645,U01418,B014,515435846132,Savings,127465,Active,3/28/2014
ACC05646,U01159,B026,496642796020,Savings,393079,Active,3/19/2019
ACC05647,U02077,B005,546833303879,Savings,32122,Active,4/26/2021
ACC05648,U00358,B015,319716313343,Savings,445974,Active,11/25/2017
ACC05649,U02773,B016,746318527031,Savings,45377,Active,12/30/2010
ACC05650,U01738,B002,530681795720,Current,146128,Active,4/22/2012
ACC05651,U00708,B002,858651696610,Savings,257320,Active,5/11/2015
ACC05652,U04815,B002,949551628878,Savings,390162,Active,5/28/2017
ACC05653,U00041,B008,862038821316,Savings,251918,Active,5/11/2014
ACC05654,U02475,B002,783951328410,Savings,370321,Active,7/26/2011
ACC05655,U00633,B023,887588311319,Savings,228515,Active,9/2/2011
ACC05656,U00242,B028,688516842260,Savings,384528,Active,11/22/2014
ACC05657,U03778,B019,467121775143,Savings,96733,Active,3/24/2015
ACC05658,U04323,B024,221807684203,Savings,356248,Active,10/16/2011
ACC05659,U03379,B027,320193908857,Savings,383115,Active,1/27/2011
ACC05660,U00524,B023,959140691660,Savings,153386,Active,6/6/2014
ACC05661,U02835,B020,913497638414,Savings,231477,Active,9/17/2019
ACC05662,U02814,B021,581619590115,Savings,454584,Active,10/9/2013
ACC05663,U03196,B004,960239924080,Savings,456518,Active,1/15/2014
ACC05664,U01022,B005,925598625705,Savings,464936,Active,7/13/2012
ACC05665,U01988,B006,934681086765,Savings,224165,Active,6/2/2015
ACC05666,U02688,B003,642294309544,Savings,130509,Active,11/15/2014
ACC05667,U00723,B005,569450453240,Savings,39383,Active,6/14/2020
ACC05668,U04806,B003,814428288848,Savings,320737,Active,9/4/2011
ACC05669,U01272,B028,936130870870,Savings,266849,Active,4/26/2015
ACC05670,U02912,B006,902013645323,Savings,116611,Active,11/2/2010
ACC05671,U02163,B025,317265611302,Savings,123609,Active,3/2/2014
ACC05672,U00219,B015,813049070621,Savings,87687,Active,4/3/2015
ACC05673,U04853,B001,350242749432,Savings,483895,Active,12/20/2012
ACC05674,U02749,B004,638526692003,Savings,296261,Active,10/21/2012
ACC05675,U01520,B010,864999046149,Savings,20407,Active,6/4/2013
ACC05676,U02188,B001,304836784723,Current,211763,Active,7/23/2010
ACC05677,U04375,B002,764226960727,Savings,219443,Active,1/21/2020
ACC05678,U00456,B002,725829466201,Current,75393,Active,11/6/2012
ACC05679,U03661,B005,791085025457,Savings,12662,Active,4/18/2010
ACC05680,U04383,B021,750092376119,Savings,456520,Active,1/13/2017
ACC05681,U02267,B004,911622547895,Savings,230979,Active,12/20/2021
ACC05682,U01397,B021,187902222443,Savings,337140,Active,5/30/2019
ACC05683,U00473,B029,203669934010,Savings,365238,Active,8/27/2021
ACC05684,U03253,B002,823203958328,Savings,484778,Active,5/10/2011
ACC05685,U04330,B025,189692660163,Savings,143204,Active,10/7/2020
ACC05686,U02551,B029,855628921933,Savings,144543,Active,6/5/2015
ACC05687,U01563,B014,342962534415,Savings,195074,Active,9/6/2010
ACC05688,U03573,B019,230544239707,Savings,107000,Active,6/25/2019
ACC05689,U02035,B010,429466003322,Current,389532,Active,10/8/2012
ACC05690,U03323,B017,331649288711,Savings,355761,Active,3/15/2020
ACC05691,U00216,B005,173695820362,Savings,330674,Active,10/12/2011
ACC05692,U01462,B009,171563162752,Savings,125528,Active,12/22/2021
ACC05693,U04432,B029,986448329976,Savings,174630,Active,9/12/2021
ACC05694,U04048,B014,369725415874,Savings,340293,Active,2/11/2013
ACC05695,U02506,B014,141244508031,Savings,276762,Active,9/5/2017
ACC05696,U02955,B013,895750274694,Savings,301157,Active,4/27/2019
ACC05697,U02859,B001,619151748261,Savings,136473,Active,12/12/2011
ACC05698,U04746,B017,164097489948,Savings,283237,Active,8/22/2017
ACC05699,U04885,B030,107022565827,Savings,463700,Active,11/7/2022
ACC05700,U01532,B016,921635376391,Savings,208819,Active,12/15/2016
ACC05701,U04445,B023,601969077375,Savings,453830,Active,2/26/2019
ACC05702,U01589,B023,825452692983,Savings,117870,Active,10/19/2025
ACC05703,U04668,B006,497284309425,Savings,106111,Active,12/18/2018
ACC05704,U00029,B018,165202097664,Savings,214246,Active,8/7/2015
ACC05705,U01248,B016,224620603297,Savings,79405,Active,5/25/2025
ACC05706,U02588,B023,167393112155,Savings,481152,Active,7/19/2014
ACC05707,U00861,B013,560650550454,Savings,332004,Active,10/3/2011
ACC05708,U01279,B011,923956231022,Current,460436,Active,9/10/2012
ACC05709,U01321,B028,936143066741,Savings,253505,Active,11/23/2014
ACC05710,U00892,B028,341107774415,Savings,419351,Inactive,1/18/2010
ACC05711,U01478,B017,758587355191,Savings,65735,Active,6/21/2017
ACC05712,U03677,B014,795460376669,Savings,415009,Active,7/26/2012
ACC05713,U02490,B010,931177709365,Savings,251192,Active,6/19/2018
ACC05714,U00084,B011,892146248897,Savings,199500,Active,9/21/2018
ACC05715,U02057,B030,968386835424,Savings,475307,Active,4/29/2020
ACC05716,U01300,B018,195373729411,Savings,21474,Active,5/1/2017
ACC05717,U01486,B022,384567559150,Current,339707,Active,7/6/2010
ACC05718,U00902,B027,841958623231,Savings,190945,Active,9/23/2021
ACC05719,U01274,B023,848266592106,Savings,54369,Active,11/7/2015
ACC05720,U02373,B027,122339133619,Savings,290693,Active,8/20/2017
ACC05721,U03010,B006,822572183372,Savings,133810,Active,1/10/2016
ACC05722,U03486,B029,663138924974,Savings,258059,Active,3/25/2014
ACC05723,U01463,B019,175906787934,Savings,258722,Active,9/14/2012
ACC05724,U04065,B002,512750942993,Savings,354615,Active,2/23/2012
ACC05725,U02341,B006,728680919585,Savings,430024,Active,2/14/2014
ACC05726,U01145,B009,694117714972,Savings,171336,Active,6/20/2016
ACC05727,U01101,B006,373249935978,Savings,303542,Active,5/18/2018
ACC05728,U00517,B003,791597143633,Savings,94886,Active,11/17/2011
ACC05729,U02690,B023,838271034774,Savings,17770,Active,1/4/2016
ACC05730,U01952,B002,611094006641,Savings,65040,Active,4/24/2012
ACC05731,U00844,B016,616664795456,Savings,395779,Active,4/6/2012
ACC05732,U00289,B018,346189682180,Savings,361268,Active,12/8/2015
ACC05733,U04014,B008,533671283789,Savings,274000,Active,8/27/2016
ACC05734,U02778,B007,731656324085,Savings,366458,Active,9/11/2015
ACC05735,U01788,B014,499996813442,Savings,267935,Active,3/14/2010
ACC05736,U03362,B020,937270168051,Savings,231221,Active,9/29/2015
ACC05737,U02078,B029,140992861167,Savings,181300,Active,9/10/2010
ACC05738,U02775,B014,696506883899,Savings,354743,Active,5/7/2012
ACC05739,U02249,B019,585826632291,Savings,363164,Active,2/26/2014
ACC05740,U01483,B008,344193821232,Savings,421672,Active,9/24/2019
ACC05741,U03302,B004,140675096366,Savings,210451,Active,8/6/2014
ACC05742,U03770,B011,834379698586,Savings,72333,Active,2/13/2015
ACC05743,U03745,B011,580576325876,Savings,115638,Active,8/8/2012
ACC05744,U03913,B026,672683964211,Current,86336,Active,12/29/2011
ACC05745,U03247,B004,874124063154,Savings,353522,Active,6/20/2020
ACC05746,U04620,B029,156431992232,Savings,220821,Active,12/7/2016
ACC05747,U03782,B003,460881618199,Savings,251913,Active,4/26/2015
ACC05748,U00039,B005,481238092306,Savings,157123,Active,11/20/2010
ACC05749,U03775,B008,560859030819,Savings,459119,Active,1/2/2011
ACC05750,U04001,B007,802350562471,Savings,408349,Active,1/10/2011
ACC05751,U04899,B021,436962801738,Savings,128721,Active,7/25/2016
ACC05752,U00594,B015,715791640150,Savings,64360,Active,12/30/2011
ACC05753,U00998,B017,194363455494,Savings,263751,Active,2/18/2017
ACC05754,U03467,B030,523777457891,Savings,428289,Active,1/10/2011
ACC05755,U01234,B030,465302943317,Savings,156445,Active,10/7/2010
ACC05756,U04669,B029,808394655370,Savings,290766,Active,5/14/2017
ACC05757,U02390,B019,277511145373,Savings,91474,Active,10/9/2011
ACC05758,U00965,B003,915390493947,Savings,178527,Active,5/4/2021
ACC05759,U04738,B024,280567652845,Savings,109175,Active,8/7/2012
ACC05760,U01945,B025,790518460019,Savings,310743,Active,8/7/2015
ACC05761,U03810,B007,603873574230,Savings,335737,Active,4/21/2014
ACC05762,U04502,B026,946098774815,Savings,449635,Active,12/2/2013
ACC05763,U04620,B021,102341801897,Savings,473671,Active,2/26/2018
ACC05764,U00367,B005,630700626419,Savings,184231,Active,11/28/2015
ACC05765,U01358,B011,915012118032,Savings,461866,Active,8/16/2015
ACC05766,U03589,B007,719570225560,Savings,419280,Active,5/30/2013
ACC05767,U02196,B009,156526848432,Savings,390555,Inactive,8/22/2014
ACC05768,U03051,B002,643811423140,Savings,484408,Active,7/7/2015
ACC05769,U04651,B010,316689748226,Savings,208236,Active,12/10/2013
ACC05770,U03899,B009,650922847047,Savings,134147,Active,2/10/2019
ACC05771,U02661,B007,273966510325,Current,223158,Active,3/11/2017
ACC05772,U02366,B022,193193226121,Savings,425188,Active,12/7/2023
ACC05773,U04388,B019,636097063508,Savings,79476,Active,5/15/2019
ACC05774,U02095,B001,832693778376,Savings,64625,Active,10/22/2012
ACC05775,U02865,B024,521568124767,Savings,168396,Active,10/2/2016
ACC05776,U02310,B027,783724442566,Savings,223688,Active,12/28/2014
ACC05777,U03519,B012,811224542634,Savings,122746,Active,12/28/2018
ACC05778,U03324,B020,947292566700,Savings,129388,Active,5/2/2012
ACC05779,U00516,B027,450914900330,Savings,78973,Active,12/16/2024
ACC05780,U03855,B018,114452316331,Savings,226212,Active,7/11/2011
ACC05781,U03349,B013,655848690327,Savings,43779,Active,10/9/2018
ACC05782,U00626,B011,821097440071,Savings,147442,Active,7/3/2023
ACC05783,U02949,B012,798168750603,Savings,283136,Active,2/10/2010
ACC05784,U04829,B009,533016364289,Savings,485656,Active,11/18/2014
ACC05785,U01675,B007,155788718875,Savings,181933,Active,11/28/2019
ACC05786,U03056,B029,867165463795,Savings,338585,Active,1/24/2015
ACC05787,U00900,B022,367499239146,Savings,378622,Active,2/16/2019
ACC05788,U02554,B029,962635080114,Current,44801,Active,5/9/2010
ACC05789,U00866,B017,405101991144,Savings,441160,Active,1/1/2018
ACC05790,U04757,B019,781427962561,Savings,106955,Active,10/29/2019
ACC05791,U03890,B023,216084578924,Savings,407507,Active,6/22/2010
ACC05792,U02866,B017,428979991237,Savings,275929,Active,8/19/2016
ACC05793,U03080,B024,166337618038,Savings,284306,Active,7/7/2016
ACC05794,U00263,B019,631368448322,Current,200432,Active,5/9/2014
ACC05795,U00126,B020,244620388759,Savings,489350,Active,6/15/2014
ACC05796,U01641,B025,831661529734,Savings,87155,Active,1/9/2022
ACC05797,U00328,B006,355651572619,Savings,461452,Active,3/21/2010
ACC05798,U04800,B010,504358128948,Savings,477940,Active,9/27/2020
ACC05799,U02814,B004,876806028564,Savings,5985,Active,10/2/2017
ACC05800,U03111,B016,623316410258,Savings,311282,Active,6/28/2014
ACC05801,U04140,B006,180295558360,Savings,194167,Active,6/27/2013
ACC05802,U02191,B026,910727945000,Savings,305039,Active,9/8/2019
ACC05803,U04384,B011,645078322947,Savings,460139,Active,2/5/2011
ACC05804,U01801,B024,148221100135,Savings,417604,Active,6/27/2013
ACC05805,U04914,B021,130685728757,Savings,48159,Active,10/5/2010
ACC05806,U03475,B017,117871007624,Savings,391258,Active,1/11/2017
ACC05807,U04830,B013,320178661054,Savings,428662,Active,3/16/2015
ACC05808,U03992,B005,599444838028,Savings,420816,Active,7/8/2010
ACC05809,U04789,B018,906765573817,Savings,155556,Active,5/21/2016
ACC05810,U02620,B013,782167283598,Savings,472581,Active,5/22/2019
ACC05811,U02812,B028,162461256394,Savings,429958,Active,10/23/2012
ACC05812,U04968,B007,409907535692,Savings,141213,Active,10/2/2015
ACC05813,U04512,B005,910550320023,Savings,178993,Active,3/24/2015
ACC05814,U03053,B026,344772354275,Savings,110693,Active,6/1/2013
ACC05815,U02522,B012,883331892536,Savings,164802,Active,4/21/2014
ACC05816,U04236,B025,580529123714,Current,482470,Active,5/18/2015
ACC05817,U04810,B016,653893822589,Savings,200867,Active,12/30/2013
ACC05818,U04755,B007,920001127817,Savings,497440,Active,11/14/2014
ACC05819,U03706,B026,783303706212,Savings,341840,Active,1/22/2015
ACC05820,U01156,B028,222446668165,Savings,165934,Active,7/6/2010
ACC05821,U03754,B026,253072913099,Savings,186140,Active,4/21/2013
ACC05822,U03828,B017,805493659538,Savings,115543,Active,11/20/2019
ACC05823,U00655,B027,815604485942,Savings,303428,Active,2/5/2024
ACC05824,U04288,B002,155441673972,Savings,329233,Active,7/7/2010
ACC05825,U01949,B021,701329638581,Savings,354889,Active,1/4/2024
ACC05826,U02767,B022,444651011567,Savings,212679,Active,2/11/2011
ACC05827,U01061,B027,987081135842,Savings,290772,Active,1/26/2014
ACC05828,U01965,B015,323784135914,Savings,38699,Active,6/13/2017
ACC05829,U01403,B001,421042447054,Savings,204862,Active,2/12/2024
ACC05830,U00515,B021,654855912341,Savings,263477,Active,9/30/2011
ACC05831,U02807,B002,408136199315,Savings,218353,Active,2/16/2019
ACC05832,U02660,B021,304202472170,Savings,185858,Active,3/26/2019
ACC05833,U02322,B019,986780690892,Savings,326041,Active,11/20/2015
ACC05834,U01738,B002,484715828748,Savings,250813,Active,6/27/2016
ACC05835,U04838,B019,270858182599,Savings,68106,Active,11/7/2013
ACC05836,U04750,B017,655272193099,Savings,179394,Active,6/4/2013
ACC05837,U04183,B016,814993609475,Savings,365721,Active,4/12/2017
ACC05838,U01980,B026,379149961357,Savings,179851,Active,4/30/2016
ACC05839,U00324,B006,345992143018,Savings,18942,Active,8/20/2014
ACC05840,U02902,B004,881831915430,Savings,286710,Active,3/18/2023
ACC05841,U00803,B013,773894737748,Savings,395683,Active,12/1/2023
ACC05842,U00750,B022,325486048928,Savings,309113,Active,11/19/2012
ACC05843,U03453,B015,159170279531,Savings,378465,Active,3/12/2023
ACC05844,U01780,B010,571126876049,Savings,116489,Active,10/6/2021
ACC05845,U03707,B004,791994578086,Savings,53896,Active,6/20/2022
ACC05846,U03538,B028,636977899518,Savings,187019,Active,1/14/2020
ACC05847,U02752,B008,750923784077,Savings,339045,Active,2/12/2011
ACC05848,U03487,B018,948961410980,Savings,479355,Active,10/20/2013
ACC05849,U04492,B008,642155521823,Savings,248856,Active,1/11/2015
ACC05850,U03001,B019,709817048729,Savings,382875,Active,5/29/2016
ACC05851,U03405,B010,508899069710,Savings,237072,Active,8/19/2013
ACC05852,U01152,B007,349194134149,Savings,295056,Active,12/28/2020
ACC05853,U02514,B007,540757867815,Savings,212353,Active,3/13/2013
ACC05854,U01912,B007,311644296155,Savings,480042,Active,6/29/2018
ACC05855,U00483,B005,947419505858,Savings,32489,Active,12/13/2012
ACC05856,U03280,B016,744497046658,Savings,451465,Active,8/28/2013
ACC05857,U04203,B003,251418514879,Savings,410708,Active,5/3/2015
ACC05858,U04261,B018,957821941484,Savings,3599,Active,12/22/2010
ACC05859,U00379,B029,286582693944,Savings,198258,Active,7/9/2010
ACC05860,U03663,B026,205362724975,Savings,60429,Active,6/21/2016
ACC05861,U04943,B017,899459063757,Savings,386432,Active,7/30/2023
ACC05862,U01709,B018,537113059722,Savings,73408,Active,4/20/2016
ACC05863,U00011,B025,179300354641,Savings,176604,Active,10/4/2014
ACC05864,U02852,B019,447123684919,Savings,357359,Active,6/11/2010
ACC05865,U00018,B004,468775219588,Savings,273718,Active,6/28/2010
ACC05866,U01041,B011,455311325176,Savings,26794,Active,10/26/2015
ACC05867,U03463,B008,736681105333,Savings,230062,Active,2/8/2012
ACC05868,U01592,B006,923622630196,Savings,247515,Active,3/21/2021
ACC05869,U01801,B005,885227289182,Savings,285364,Active,1/3/2016
ACC05870,U03908,B003,486304718391,Savings,176110,Active,6/16/2017
ACC05871,U04994,B024,484320980057,Savings,154871,Active,10/28/2019
ACC05872,U01676,B025,916090959531,Savings,293381,Active,7/26/2014
ACC05873,U01913,B024,940004290680,Savings,63105,Active,11/29/2010
ACC05874,U04538,B026,790448431266,Savings,321858,Active,10/2/2016
ACC05875,U01158,B015,731286438657,Savings,213586,Active,12/16/2012
ACC05876,U04151,B017,581409870826,Savings,354661,Active,4/17/2018
ACC05877,U04585,B023,196115228558,Current,321961,Inactive,9/16/2014
ACC05878,U00266,B021,436948245436,Savings,287550,Active,12/4/2013
ACC05879,U01241,B015,784026094738,Savings,219387,Active,2/9/2013
ACC05880,U01260,B030,481632147771,Savings,296290,Active,2/19/2021
ACC05881,U02279,B016,373013229813,Savings,326160,Active,4/20/2017
ACC05882,U01822,B004,925986054166,Savings,465924,Active,7/15/2019
ACC05883,U04012,B020,373044677476,Current,307481,Active,12/9/2018
ACC05884,U04421,B017,605253313183,Savings,296162,Active,4/30/2017
ACC05885,U00846,B015,286142419874,Savings,234113,Active,5/8/2015
ACC05886,U04337,B011,565651770659,Savings,120077,Active,5/14/2020
ACC05887,U04468,B003,361712852200,Savings,328602,Active,11/27/2018
ACC05888,U04990,B029,593134314698,Savings,80174,Active,5/2/2017
ACC05889,U00038,B005,177914359677,Savings,489753,Active,6/27/2018
ACC05890,U00238,B020,507566127743,Savings,426718,Active,12/20/2011
ACC05891,U01567,B028,153558502129,Savings,332767,Active,5/16/2013
ACC05892,U01434,B009,814642410288,Savings,323554,Active,3/16/2010
ACC05893,U00571,B022,913203565334,Savings,152927,Active,5/4/2011
ACC05894,U03812,B008,359456078899,Current,289118,Active,7/30/2017
ACC05895,U02923,B015,297719556279,Savings,473499,Active,11/9/2023
ACC05896,U01627,B003,270312547156,Current,149672,Active,1/27/2020
ACC05897,U04257,B010,286281745239,Savings,65728,Active,12/6/2013
ACC05898,U02287,B018,690101421380,Savings,485507,Active,4/16/2019
ACC05899,U03792,B004,799316414603,Savings,446391,Active,11/23/2015
ACC05900,U02179,B011,487729380979,Savings,225934,Active,6/16/2017
ACC05901,U02009,B029,218082632056,Savings,245298,Active,2/21/2021
ACC05902,U01228,B015,523207805673,Savings,252954,Active,8/24/2016
ACC05903,U04915,B028,108863014941,Savings,295916,Active,4/11/2011
ACC05904,U00287,B004,349125113602,Savings,376267,Active,10/3/2017
ACC05905,U04927,B022,889240233794,Savings,463408,Active,9/14/2011
ACC05906,U03438,B021,887207938346,Savings,86253,Active,6/26/2010
ACC05907,U00909,B012,106833264767,Savings,438481,Active,1/3/2012
ACC05908,U00867,B024,550075712705,Savings,493694,Active,10/30/2012
ACC05909,U01760,B005,745087597857,Savings,344697,Active,9/13/2022
ACC05910,U01799,B005,345803802553,Savings,212442,Active,12/12/2018
ACC05911,U02550,B012,127729562111,Savings,322686,Active,4/13/2024
ACC05912,U04208,B018,821072013412,Savings,402049,Active,1/19/2022
ACC05913,U03358,B024,583745721638,Savings,87097,Active,6/20/2016
ACC05914,U01372,B018,976869602693,Savings,437126,Active,1/19/2012
ACC05915,U02496,B027,321912591691,Savings,459728,Active,7/30/2011
ACC05916,U00295,B009,246723386747,Savings,61630,Active,9/28/2014
ACC05917,U01987,B024,834248007254,Savings,341758,Active,6/30/2022
ACC05918,U01610,B001,429972053681,Savings,6507,Active,10/28/2016
ACC05919,U04209,B026,736656333479,Savings,311785,Active,7/30/2019
ACC05920,U02149,B024,650336794964,Savings,30071,Active,5/29/2015
ACC05921,U01497,B030,576298917553,Savings,294821,Active,11/8/2017
ACC05922,U01284,B023,975376987193,Savings,403626,Active,4/23/2017
ACC05923,U04836,B025,944263077042,Savings,239569,Active,6/30/2020
ACC05924,U03212,B006,196112119227,Savings,303231,Active,4/19/2014
ACC05925,U04410,B028,216283951998,Savings,299247,Active,2/20/2010
ACC05926,U03411,B011,346505531510,Savings,168967,Active,12/6/2011
ACC05927,U00812,B030,207367793714,Savings,257444,Active,10/1/2012
ACC05928,U03024,B025,403074995033,Savings,35100,Active,6/8/2011
ACC05929,U00338,B005,889419099337,Savings,363252,Active,7/5/2013
ACC05930,U03708,B023,782538163497,Savings,54978,Active,10/1/2014
ACC05931,U04106,B029,448660618845,Savings,252811,Active,4/30/2016
ACC05932,U01425,B005,330912661391,Savings,379358,Active,3/12/2015
ACC05933,U02680,B022,435082302891,Savings,78443,Active,10/25/2016
ACC05934,U03650,B024,168197930458,Savings,197408,Active,6/2/2018
ACC05935,U01415,B018,888873721611,Savings,303609,Active,7/15/2019
ACC05936,U04898,B022,480523969250,Savings,28909,Active,11/30/2014
ACC05937,U01556,B018,995384835431,Savings,248918,Active,7/16/2010
ACC05938,U01127,B013,180617453532,Savings,225477,Active,4/3/2011
ACC05939,U03274,B010,891592521792,Savings,213460,Active,12/9/2013
ACC05940,U04367,B022,491574235221,Savings,458395,Active,4/6/2013
ACC05941,U04659,B003,959397640874,Savings,489908,Active,10/5/2016
ACC05942,U00338,B020,358722715634,Savings,205748,Active,1/9/2013
ACC05943,U04596,B009,382145514293,Savings,167901,Active,4/8/2016
ACC05944,U01467,B028,601372736311,Savings,268825,Active,3/6/2011
ACC05945,U03673,B023,188492971877,Savings,246148,Active,11/23/2019
ACC05946,U03752,B003,213281059341,Savings,260845,Active,9/28/2017
ACC05947,U02137,B020,238347459157,Savings,219938,Active,2/2/2010
ACC05948,U02000,B026,473087474516,Savings,352101,Active,4/9/2020
ACC05949,U01754,B002,827617979120,Savings,199591,Active,1/9/2014
ACC05950,U01613,B013,928420824090,Savings,287708,Active,10/11/2011
ACC05951,U01301,B006,715693742173,Savings,337452,Active,1/9/2012
ACC05952,U04442,B004,862762675069,Savings,340618,Active,5/9/2022
ACC05953,U01675,B013,172732406249,Savings,34319,Active,10/8/2011
ACC05954,U00279,B030,609976968219,Savings,236549,Active,4/6/2012
ACC05955,U00234,B026,679476900851,Savings,435297,Active,9/21/2022
ACC05956,U02053,B018,927312898643,Savings,41103,Active,5/21/2020
ACC05957,U01589,B002,597892623631,Savings,162363,Active,4/9/2011
ACC05958,U01868,B027,952717682083,Savings,24494,Active,3/4/2015
ACC05959,U01750,B018,122407317778,Savings,270879,Active,10/4/2010
ACC05960,U01643,B011,609642499824,Savings,14983,Active,12/30/2012
ACC05961,U01648,B021,429403180400,Savings,23403,Active,3/14/2011
ACC05962,U03817,B030,730009419551,Current,480917,Active,12/20/2021
ACC05963,U04113,B018,127819171144,Savings,128410,Active,2/11/2011
ACC05964,U03432,B011,953258948876,Savings,201257,Active,9/17/2014
ACC05965,U04400,B018,468665737030,Savings,181055,Active,1/7/2010
ACC05966,U00429,B019,949400285336,Savings,225730,Active,5/29/2013
ACC05967,U01074,B020,834910057973,Savings,299042,Active,8/16/2020
ACC05968,U01496,B014,210404940186,Savings,301295,Active,10/5/2010
ACC05969,U02418,B027,763625973727,Savings,289983,Active,1/27/2020
ACC05970,U02592,B019,730370916376,Savings,36704,Active,5/3/2019
ACC05971,U00763,B016,620194319286,Savings,128683,Active,5/27/2017
ACC05972,U03953,B030,457252175781,Savings,497790,Active,9/26/2015
ACC05973,U01804,B015,818769380008,Savings,5270,Active,12/3/2017
ACC05974,U00404,B012,361766410438,Savings,212108,Active,12/6/2011
ACC05975,U04397,B003,341013293077,Savings,173305,Active,4/3/2020
ACC05976,U03601,B022,518214726925,Savings,229940,Active,3/1/2021
ACC05977,U00861,B029,184262289433,Savings,275606,Active,10/9/2018
ACC05978,U04797,B021,686536306322,Savings,11763,Active,2/8/2015
ACC05979,U01345,B017,589571140998,Savings,150955,Active,10/26/2012
ACC05980,U03513,B004,929442812280,Savings,81819,Active,5/30/2010
ACC05981,U04111,B010,751182491613,Savings,225342,Active,3/24/2021
ACC05982,U03218,B019,464182479415,Savings,477486,Active,11/18/2010
ACC05983,U00130,B004,329933257629,Savings,269997,Active,1/27/2021
ACC05984,U03770,B002,339773579052,Savings,257623,Active,11/21/2010
ACC05985,U00037,B019,263341414774,Savings,348600,Active,9/27/2012
ACC05986,U03110,B007,418860537570,Savings,292900,Active,7/30/2016
ACC05987,U04018,B019,736737601681,Savings,52779,Active,1/6/2010
ACC05988,U01279,B011,835556235844,Savings,347799,Active,11/1/2010
ACC05989,U01057,B009,550802384982,Savings,267383,Active,6/20/2011
ACC05990,U04150,B016,588742883585,Savings,5740,Active,1/19/2010
ACC05991,U03582,B011,627574622238,Savings,267232,Active,6/4/2018
ACC05992,U03359,B016,916909063502,Savings,352690,Active,12/4/2018
ACC05993,U00469,B005,928107082461,Savings,378775,Active,3/3/2011
ACC05994,U00452,B016,896821808627,Current,400628,Active,1/16/2014
ACC05995,U04538,B010,383967352829,Savings,350701,Active,3/18/2019
ACC05996,U00073,B019,385813145428,Savings,223764,Active,12/8/2014
ACC05997,U01833,B028,302315284433,Savings,179607,Active,1/31/2022
ACC05998,U02130,B005,784293100804,Savings,459843,Active,2/2/2014
ACC05999,U04696,B009,950189067626,Savings,219373,Active,5/1/2014
ACC06000,U01816,B019,990392516896,Savings,177902,Active,6/30/2013
ACC06001,U01870,B004,505168634325,Savings,306547,Active,2/9/2018
ACC06002,U03685,B004,545475063895,Savings,366524,Active,5/22/2018
ACC06003,U01019,B019,158059413737,Savings,250252,Active,12/5/2020
ACC06004,U02481,B020,836700870213,Savings,316206,Active,4/10/2019
ACC06005,U00823,B020,856329047939,Savings,141387,Active,10/28/2017
ACC06006,U03251,B005,471251682712,Savings,374507,Active,2/6/2014
ACC06007,U04747,B019,364344017887,Savings,349244,Active,4/20/2016
ACC06008,U01936,B012,554758357564,Savings,154783,Active,11/12/2010
ACC06009,U00992,B017,548497346777,Savings,450807,Active,8/9/2016
ACC06010,U04537,B007,940228046702,Current,140876,Active,4/30/2016
ACC06011,U04713,B006,255034916754,Savings,392742,Active,4/9/2011
ACC06012,U00598,B013,963347679833,Savings,365248,Active,7/7/2017
ACC06013,U02596,B017,688734915495,Savings,473214,Active,7/18/2019
ACC06014,U02816,B023,434569194727,Savings,301115,Active,10/6/2012
ACC06015,U03981,B003,533076527209,Savings,158717,Active,11/12/2013
ACC06016,U02806,B011,546192288172,Savings,72321,Active,1/26/2013
ACC06017,U01021,B025,140094720835,Savings,447305,Active,4/26/2016
ACC06018,U01165,B011,316704597419,Savings,129863,Active,10/3/2015
ACC06019,U02377,B016,349978856174,Savings,87036,Active,1/18/2022
ACC06020,U03119,B002,405812612747,Savings,183028,Active,3/22/2010
ACC06021,U02450,B019,558789715828,Savings,204064,Active,7/24/2010
ACC06022,U04928,B005,351091388411,Savings,195995,Active,10/31/2010
ACC06023,U04106,B010,457898132435,Savings,275066,Active,8/29/2011
ACC06024,U04636,B006,717583781064,Savings,123029,Active,5/11/2010
ACC06025,U03306,B012,816523436735,Savings,250015,Active,6/25/2015
ACC06026,U01608,B028,194114746067,Savings,353667,Active,4/16/2012
ACC06027,U03841,B024,629058265335,Savings,384820,Active,11/9/2013
ACC06028,U04259,B012,508893469969,Savings,466220,Active,10/19/2010
ACC06029,U04899,B018,688361641451,Savings,106931,Active,9/8/2022
ACC06030,U03190,B011,434283064428,Savings,371951,Active,8/8/2017
ACC06031,U01423,B016,769499946560,Savings,305020,Active,1/30/2017
ACC06032,U04610,B009,304278361585,Savings,294974,Active,6/27/2014
ACC06033,U02000,B025,839782160463,Savings,28042,Active,8/2/2018
ACC06034,U00969,B015,124449152768,Savings,243817,Active,11/3/2018
ACC06035,U00154,B012,568171243804,Savings,103595,Active,4/10/2018
ACC06036,U03530,B008,112781419888,Savings,221665,Active,4/28/2022
ACC06037,U02279,B014,969862945448,Savings,460177,Active,10/30/2014
ACC06038,U00119,B003,621574158493,Current,235246,Inactive,8/5/2017
ACC06039,U01179,B009,922087736023,Savings,105129,Inactive,6/10/2018
ACC06040,U03777,B028,995176557990,Savings,240356,Active,7/17/2012
ACC06041,U01158,B010,819797802487,Savings,254760,Inactive,1/2/2016
ACC06042,U01894,B002,936575441446,Savings,465101,Active,9/27/2011
ACC06043,U02513,B002,285569512777,Savings,444582,Active,7/4/2018
ACC06044,U03280,B006,449511220615,Savings,437938,Active,5/13/2014
ACC06045,U02592,B006,720903779429,Savings,473743,Active,4/12/2019
ACC06046,U00090,B018,769471858253,Savings,426836,Active,1/30/2010
ACC06047,U00312,B022,171003901963,Savings,322410,Active,1/18/2021
ACC06048,U00819,B011,840126751084,Savings,385109,Active,8/9/2017
ACC06049,U00040,B024,650927032887,Savings,262750,Active,12/21/2020
ACC06050,U00107,B012,144805599738,Savings,44995,Active,3/10/2010
ACC06051,U02904,B014,287630858828,Savings,491947,Active,1/7/2014
ACC06052,U03480,B019,778006991521,Savings,492083,Active,11/7/2011
ACC06053,U01634,B015,887244067329,Savings,145318,Active,5/16/2012
ACC06054,U00540,B022,643170222848,Savings,133050,Active,2/19/2012
ACC06055,U02694,B020,277571451673,Savings,91107,Active,11/23/2010
ACC06056,U02340,B004,157145895178,Savings,146183,Active,12/3/2013
ACC06057,U04172,B013,284569581595,Savings,6808,Active,4/1/2014
ACC06058,U02064,B007,973216917033,Savings,17127,Active,9/18/2016
ACC06059,U03729,B008,414037304094,Savings,260744,Active,4/18/2017
ACC06060,U01038,B015,741663355040,Savings,259596,Active,1/12/2024
ACC06061,U01232,B027,356816174893,Savings,131466,Active,6/10/2012
ACC06062,U04508,B021,124743709678,Savings,306910,Active,2/21/2016
ACC06063,U00226,B004,531923137387,Savings,303071,Active,4/18/2011
ACC06064,U01126,B027,689904009808,Savings,23724,Active,1/5/2013
ACC06065,U04799,B028,694939796394,Savings,323058,Active,1/16/2017
ACC06066,U04468,B028,774044073918,Savings,379194,Active,8/31/2020
ACC06067,U00982,B029,741755441075,Savings,318353,Active,12/28/2016
ACC06068,U00207,B007,288926357396,Savings,454204,Active,1/25/2010
ACC06069,U02098,B029,224834796193,Savings,418002,Active,3/26/2019
ACC06070,U01693,B022,887601623669,Savings,256535,Active,1/6/2011
ACC06071,U04684,B017,718029082912,Savings,215034,Active,3/8/2013
ACC06072,U04728,B005,914162875589,Savings,153414,Active,12/29/2016
ACC06073,U01417,B012,117618244087,Savings,469642,Active,12/2/2021
ACC06074,U04100,B030,327076416588,Savings,247317,Active,6/26/2022
ACC06075,U02007,B024,501165478929,Savings,186172,Active,4/26/2012
ACC06076,U02125,B022,576870724263,Savings,57779,Active,4/20/2015
ACC06077,U00325,B024,783412898217,Savings,432568,Active,9/6/2010
ACC06078,U04623,B018,150590685717,Savings,128337,Active,9/18/2016
ACC06079,U04486,B027,669308962024,Savings,275857,Active,10/28/2018
ACC06080,U01800,B025,412865185855,Savings,325477,Active,9/19/2018
ACC06081,U03635,B024,136462648256,Savings,482047,Active,3/31/2023
ACC06082,U04847,B010,453109616571,Savings,438196,Active,5/9/2012
ACC06083,U03398,B019,247212888555,Savings,472485,Active,1/22/2011
ACC06084,U01103,B019,681949562630,Savings,407945,Active,5/26/2020
ACC06085,U01963,B004,888880919880,Savings,184794,Active,1/27/2013
ACC06086,U04591,B001,488637057874,Savings,283270,Active,12/29/2015
ACC06087,U00711,B012,653575810623,Savings,326049,Active,7/2/2019
ACC06088,U03615,B010,477646677007,Savings,484676,Active,4/7/2010
ACC06089,U01554,B022,808452470827,Savings,144894,Active,7/14/2016
ACC06090,U01081,B012,766243151409,Current,141610,Active,7/10/2013
ACC06091,U03270,B030,100727459644,Savings,41358,Active,3/23/2015
ACC06092,U04478,B030,945792524138,Current,282635,Active,12/22/2013
ACC06093,U03865,B028,782120659454,Savings,385938,Active,3/8/2019
ACC06094,U03045,B028,114558321465,Savings,67982,Active,11/8/2011
ACC06095,U01620,B026,856327937361,Savings,388563,Active,4/27/2014
ACC06096,U04228,B010,793964573776,Savings,101098,Active,4/22/2017
ACC06097,U04348,B006,580767008268,Savings,410708,Active,8/22/2010
ACC06098,U02708,B014,699503007748,Savings,328796,Active,11/3/2016
ACC06099,U04460,B027,342681183497,Savings,267437,Active,9/30/2010
ACC06100,U02656,B023,713868940824,Savings,138109,Active,3/1/2013
ACC06101,U04950,B025,446160412023,Savings,403162,Active,10/5/2025
ACC06102,U00148,B010,793954472455,Savings,195636,Active,9/13/2011
ACC06103,U01074,B009,673121506613,Savings,228641,Active,5/11/2023
ACC06104,U00458,B009,681009978078,Savings,160954,Inactive,8/14/2010
ACC06105,U01473,B022,987620715435,Savings,344902,Active,2/16/2013
ACC06106,U01458,B001,521841482988,Savings,298378,Active,2/1/2011
ACC06107,U03628,B002,455852889237,Savings,429782,Active,12/19/2013
ACC06108,U01769,B008,225582079333,Savings,89299,Active,12/31/2014
ACC06109,U01797,B001,230084263997,Savings,59743,Active,6/19/2013
ACC06110,U02338,B019,158412946720,Savings,497254,Active,5/20/2010
ACC06111,U03500,B027,429396664654,Savings,363573,Active,2/27/2020
ACC06112,U01838,B027,994591024879,Savings,12372,Active,10/20/2015
ACC06113,U01857,B016,233430346788,Savings,39697,Active,3/1/2011
ACC06114,U02020,B009,364730165829,Savings,202578,Active,2/17/2020
ACC06115,U04997,B030,703762883420,Savings,228011,Active,1/5/2012
ACC06116,U03775,B024,613856779450,Savings,451061,Active,3/25/2014
ACC06117,U00901,B004,932966360165,Savings,404542,Active,2/25/2017
ACC06118,U03312,B018,179762511112,Savings,470535,Active,3/29/2018
ACC06119,U04810,B018,577735361702,Savings,232558,Active,11/23/2015
ACC06120,U04935,B027,132040313920,Savings,40584,Active,8/2/2012
ACC06121,U00374,B003,434441876973,Savings,81697,Active,2/14/2017
ACC06122,U02994,B019,300985736445,Savings,325460,Active,1/30/2020
ACC06123,U00686,B012,372529112858,Savings,3303,Active,11/16/2011
ACC06124,U03300,B030,265946805364,Savings,187525,Active,9/17/2022
ACC06125,U01291,B005,516111567169,Savings,194856,Active,5/13/2016
ACC06126,U01624,B002,566739438509,Savings,429181,Active,2/28/2020
ACC06127,U03711,B018,800177184730,Savings,306627,Active,6/21/2021
ACC06128,U03895,B027,286004455531,Savings,468666,Active,11/5/2016
ACC06129,U03051,B016,505857814185,Savings,418255,Active,2/16/2013
ACC06130,U04220,B015,598531321893,Current,4842,Active,11/14/2023
ACC06131,U02500,B013,706762075735,Savings,136703,Active,10/10/2012
ACC06132,U01221,B008,490948776001,Savings,396089,Active,10/3/2014
ACC06133,U04934,B024,984982939197,Savings,321598,Active,6/10/2012
ACC06134,U03996,B020,849359647934,Savings,78757,Active,3/22/2020
ACC06135,U04252,B028,226654300195,Savings,234131,Active,2/6/2021
ACC06136,U00085,B016,275688726367,Savings,117710,Active,12/8/2011
ACC06137,U02836,B013,680325325462,Savings,101219,Active,7/7/2013
ACC06138,U01810,B015,230599171870,Current,83063,Active,12/18/2014
ACC06139,U00193,B023,279087399921,Savings,253338,Active,4/5/2010
ACC06140,U04761,B002,789388943184,Savings,133551,Active,8/19/2014
ACC06141,U02211,B005,797560740706,Savings,422415,Active,5/20/2012
ACC06142,U04135,B022,337143818060,Savings,436860,Active,8/19/2011
ACC06143,U03643,B023,289655600684,Savings,372763,Active,4/30/2017
ACC06144,U00103,B023,498577728556,Savings,213107,Active,5/17/2011
ACC06145,U02566,B030,577185467588,Savings,220667,Active,7/6/2011
ACC06146,U04107,B017,625897821153,Savings,433563,Active,10/26/2017
ACC06147,U02628,B013,254600307347,Savings,17405,Active,8/8/2017
ACC06148,U04113,B019,791922798899,Current,452974,Active,9/5/2017
ACC06149,U01597,B030,461595878709,Savings,454953,Active,7/10/2014
ACC06150,U02779,B001,948752987034,Savings,67858,Active,3/25/2014
ACC06151,U00129,B028,717510242728,Savings,246841,Active,12/22/2011
ACC06152,U01471,B019,475174531132,Savings,237310,Active,7/24/2015
ACC06153,U04690,B001,188167911953,Savings,479606,Active,12/2/2011
ACC06154,U04506,B020,742929163345,Savings,8742,Active,8/26/2012
ACC06155,U02588,B025,985985765985,Savings,161613,Active,3/29/2014
ACC06156,U03558,B010,145918061474,Savings,474340,Active,10/6/2016
ACC06157,U02318,B030,291956865821,Savings,119044,Active,5/29/2023
ACC06158,U00767,B023,320874005801,Savings,492840,Active,11/24/2023
ACC06159,U04632,B022,851598531146,Savings,63974,Active,4/11/2021
ACC06160,U01716,B003,765948674917,Savings,172827,Active,4/22/2010
ACC06161,U03979,B007,152895955056,Savings,117785,Active,11/30/2014
ACC06162,U01855,B008,526168945188,Savings,345388,Active,5/16/2013
ACC06163,U04910,B010,297656994719,Savings,242261,Active,5/17/2010
ACC06164,U04908,B028,612442008934,Savings,431842,Active,3/6/2018
ACC06165,U02556,B022,692132242322,Savings,158049,Active,9/14/2015
ACC06166,U03519,B005,469621142239,Current,407310,Active,11/11/2010
ACC06167,U00445,B024,784117236452,Savings,58167,Active,9/17/2017
ACC06168,U04352,B020,924501279274,Savings,281602,Active,3/20/2011
ACC06169,U02018,B023,878445257654,Savings,328281,Active,6/19/2012
ACC06170,U01616,B013,556932671844,Savings,433834,Active,4/26/2020
ACC06171,U03885,B025,442668026944,Savings,166165,Active,7/6/2022
ACC06172,U01297,B025,494619581508,Savings,335426,Active,5/26/2014
ACC06173,U00890,B008,710750006460,Savings,298490,Active,4/6/2011
ACC06174,U03656,B015,976170020449,Savings,268652,Active,4/9/2010
ACC06175,U02787,B006,735889073610,Savings,235475,Active,8/1/2017
ACC06176,U00070,B025,564204621263,Savings,249253,Active,9/14/2016
ACC06177,U03532,B026,412885517152,Savings,47618,Active,5/8/2018
ACC06178,U01886,B022,429987005486,Current,36512,Active,9/4/2023
ACC06179,U04934,B022,132612666201,Savings,347962,Active,4/17/2017
ACC06180,U01614,B022,149435105452,Savings,87743,Active,9/30/2010
ACC06181,U01803,B004,128337450113,Savings,40925,Active,8/4/2015
ACC06182,U04822,B004,106344356662,Savings,174647,Active,5/11/2017
ACC06183,U02659,B018,209201656472,Current,461180,Active,1/16/2017
ACC06184,U01429,B011,382028342799,Savings,327633,Active,11/21/2015
ACC06185,U02062,B022,128266253224,Savings,149239,Active,12/9/2021
ACC06186,U00841,B021,429301074148,Savings,315331,Active,12/27/2013
ACC06187,U02317,B002,423929614224,Savings,438307,Active,5/29/2014
ACC06188,U03355,B001,898258798412,Savings,102798,Active,4/27/2014
ACC06189,U02228,B010,638273353928,Savings,474305,Active,1/26/2015
ACC06190,U04340,B003,504806479184,Current,367320,Active,8/1/2010
ACC06191,U01708,B018,866995642205,Savings,284008,Active,12/25/2011
ACC06192,U00826,B029,114745330292,Savings,342374,Active,2/22/2017
ACC06193,U03300,B016,875547863208,Savings,82269,Active,7/9/2013
ACC06194,U01752,B020,117682457705,Savings,251696,Active,6/1/2016
ACC06195,U02513,B022,777932531668,Savings,107643,Active,9/17/2014
ACC06196,U01575,B008,540605576714,Savings,316130,Active,1/7/2010
ACC06197,U02140,B013,973871077088,Savings,372308,Active,5/7/2017
ACC06198,U01768,B015,669290886214,Savings,303240,Active,1/27/2019
ACC06199,U02601,B022,776406716822,Savings,303192,Active,11/10/2015
ACC06200,U04879,B014,462123530823,Savings,47397,Active,11/11/2025
ACC06201,U01257,B026,598541535243,Savings,431266,Active,7/21/2012
ACC06202,U01176,B023,825969910650,Savings,477284,Active,1/23/2023
ACC06203,U03886,B024,996524706531,Savings,299929,Active,9/19/2013
ACC06204,U01914,B006,916298665218,Savings,347841,Active,3/29/2019
ACC06205,U02126,B028,956760824130,Savings,125729,Active,4/11/2011
ACC06206,U04169,B012,535916065988,Savings,75093,Active,10/10/2017
ACC06207,U00502,B020,265632407976,Savings,362963,Active,8/16/2017
ACC06208,U04912,B019,359233304643,Savings,309631,Active,6/14/2020
ACC06209,U03113,B005,178087844074,Savings,246958,Active,2/29/2016
ACC06210,U00808,B015,100788310264,Savings,20975,Active,12/30/2020
ACC06211,U01059,B028,931134304832,Savings,483468,Active,6/27/2013
ACC06212,U02779,B006,763681727852,Savings,407995,Active,1/8/2012
ACC06213,U00565,B022,505320407711,Savings,327240,Active,4/22/2015
ACC06214,U02827,B015,607863838278,Savings,29158,Active,8/21/2011
ACC06215,U01160,B020,600315969381,Current,247533,Active,11/22/2016
ACC06216,U00135,B015,640502564277,Savings,178681,Active,2/11/2012
ACC06217,U02735,B004,929412190103,Savings,426913,Active,4/29/2020
ACC06218,U04420,B005,828098444095,Savings,140264,Active,7/11/2015
ACC06219,U01375,B026,458864854969,Savings,345007,Active,6/13/2012
ACC06220,U04932,B006,964676869987,Savings,316224,Active,10/12/2012
ACC06221,U04461,B011,300829702359,Savings,434629,Active,11/15/2011
ACC06222,U01488,B003,648769950161,Savings,493989,Active,9/9/2011
ACC06223,U02612,B008,533082377729,Savings,96871,Active,6/8/2018
ACC06224,U01436,B027,787008895129,Savings,31259,Active,9/30/2018
ACC06225,U02408,B026,518074265739,Savings,89116,Active,9/23/2016
ACC06226,U02012,B002,645622206323,Savings,64545,Active,1/25/2020
ACC06227,U04469,B027,209488269175,Savings,51711,Active,1/24/2019
ACC06228,U01195,B020,174054344502,Savings,123525,Active,3/5/2019
ACC06229,U04439,B019,494482100052,Current,348725,Active,6/4/2011
ACC06230,U04095,B009,550047917168,Savings,168014,Active,1/19/2022
ACC06231,U02684,B009,347585405450,Savings,167962,Active,4/7/2017
ACC06232,U01426,B001,971153256453,Savings,407741,Active,12/11/2012
ACC06233,U02519,B001,697628066768,Savings,204373,Active,8/4/2019
ACC06234,U03591,B027,715985984446,Savings,229439,Active,5/14/2013
ACC06235,U02249,B010,454781663827,Savings,221433,Active,12/9/2014
ACC06236,U04592,B008,426230072131,Savings,128642,Active,3/30/2011
ACC06237,U00418,B001,394929623267,Savings,11760,Active,10/21/2023
ACC06238,U02888,B013,306815640554,Savings,99430,Active,9/11/2013
ACC06239,U04372,B003,852745962587,Savings,486503,Active,2/6/2015
ACC06240,U03162,B026,710790507036,Savings,304788,Active,2/23/2015
ACC06241,U00178,B029,947813204394,Savings,336624,Active,4/16/2015
ACC06242,U01477,B005,132938470574,Savings,127395,Active,5/21/2012
ACC06243,U04919,B001,985990782758,Savings,265314,Active,10/28/2015
ACC06244,U02509,B015,475252104166,Savings,229179,Active,8/19/2011
ACC06245,U02644,B010,157627100871,Savings,6203,Active,8/24/2015
ACC06246,U03442,B011,327521707116,Savings,261850,Active,9/29/2016
ACC06247,U02388,B016,121678983305,Savings,440330,Active,12/25/2013
ACC06248,U03726,B001,357956007407,Savings,155833,Active,2/10/2021
ACC06249,U00961,B008,135238280600,Savings,399276,Active,11/22/2016
ACC06250,U04320,B023,727822727452,Savings,170920,Active,10/25/2014
ACC06251,U04603,B008,440256268853,Savings,472320,Active,4/15/2013
ACC06252,U04547,B003,613391591600,Savings,40695,Active,2/1/2016
ACC06253,U00184,B012,301764432519,Savings,341045,Active,12/18/2019
ACC06254,U00184,B025,991391332583,Savings,449273,Active,7/9/2012
ACC06255,U00783,B020,205391999304,Savings,390660,Active,11/26/2013
ACC06256,U04446,B024,107593255915,Savings,93761,Active,4/23/2010
ACC06257,U03801,B029,219708740302,Savings,282061,Active,2/6/2022
ACC06258,U00661,B025,247402478916,Savings,184474,Active,7/9/2017
ACC06259,U00798,B010,191566766394,Savings,138078,Inactive,3/15/2014
ACC06260,U04835,B018,219897238212,Savings,63298,Active,9/27/2020
ACC06261,U03546,B002,910233472141,Savings,32863,Active,10/11/2012
ACC06262,U02928,B027,889612366594,Savings,110897,Active,7/21/2019
ACC06263,U01814,B021,863655045390,Savings,189316,Inactive,12/14/2010
ACC06264,U04795,B003,193989706747,Savings,334917,Active,10/19/2016
ACC06265,U02041,B007,911060608436,Savings,450691,Active,11/26/2012
ACC06266,U01992,B016,402956460496,Savings,334858,Active,9/20/2020
ACC06267,U04209,B010,966464842104,Savings,81141,Active,12/4/2019
ACC06268,U03881,B026,259231942456,Savings,357518,Active,8/26/2016
ACC06269,U04077,B016,761759976782,Savings,43029,Active,6/10/2015
ACC06270,U03113,B002,943039656286,Savings,126540,Active,6/28/2014
ACC06271,U03239,B001,506767728837,Savings,452007,Active,6/20/2017
ACC06272,U04502,B010,539990006866,Savings,52854,Active,12/14/2013
ACC06273,U03789,B023,237927028608,Savings,66549,Active,1/14/2022
ACC06274,U01502,B004,151414419032,Savings,262629,Active,10/26/2023
ACC06275,U01778,B030,170278477217,Savings,416504,Active,3/23/2018
ACC06276,U00348,B004,555726832111,Savings,84281,Active,3/15/2019
ACC06277,U04642,B020,422898350890,Savings,164741,Active,7/28/2017
ACC06278,U02826,B011,569680534062,Savings,131574,Active,9/5/2016
ACC06279,U04950,B002,761949391670,Savings,248324,Active,2/18/2014
ACC06280,U00564,B017,184579674904,Savings,128742,Active,2/12/2012
ACC06281,U01695,B006,998198086859,Savings,39299,Active,7/1/2016
ACC06282,U01770,B003,412517590324,Savings,220478,Active,5/5/2013
ACC06283,U03856,B012,601738168486,Savings,91778,Active,2/24/2011
ACC06284,U01181,B003,147770036288,Savings,124835,Active,2/19/2011
ACC06285,U03156,B015,886721695168,Savings,184272,Active,2/26/2013
ACC06286,U03941,B021,284784723138,Savings,275093,Active,5/16/2010
ACC06287,U02957,B024,165657666744,Savings,287033,Active,6/11/2018
ACC06288,U03486,B005,992679276604,Savings,8343,Active,3/8/2010
ACC06289,U03330,B025,574765890170,Savings,259722,Active,5/16/2012
ACC06290,U02996,B026,116456255965,Savings,1891,Active,9/11/2016
ACC06291,U03052,B028,669337184335,Savings,75406,Active,6/30/2010
ACC06292,U03366,B014,955074455339,Savings,408343,Active,2/23/2017
ACC06293,U00604,B002,793946168650,Savings,220916,Active,2/6/2018
ACC06294,U00145,B004,710459641979,Savings,26193,Active,10/28/2017
ACC06295,U03655,B018,674941029175,Savings,459056,Active,6/20/2012
ACC06296,U01733,B027,867336416602,Savings,165555,Active,3/7/2023
ACC06297,U00591,B015,474899975559,Savings,368177,Active,12/9/2016
ACC06298,U04783,B020,713590007517,Savings,295579,Active,8/28/2018
ACC06299,U01613,B020,513097224850,Savings,138994,Active,3/25/2014
ACC06300,U01149,B025,612319461420,Savings,99054,Inactive,1/15/2010
ACC06301,U04566,B028,421810783189,Savings,364388,Active,11/3/2012
ACC06302,U04719,B019,795259888834,Savings,59841,Active,5/31/2012
ACC06303,U04874,B018,589321282850,Savings,279543,Active,8/28/2017
ACC06304,U04084,B001,601735437628,Savings,126890,Active,1/21/2010
ACC06305,U01561,B016,504212051527,Savings,29459,Active,9/29/2019
ACC06306,U01363,B016,557461571240,Savings,293575,Active,4/19/2017
ACC06307,U00732,B020,670769496254,Savings,291503,Active,1/18/2015
ACC06308,U00403,B020,400918575790,Savings,105287,Active,11/14/2013
ACC06309,U03612,B020,454655594262,Savings,476251,Active,6/20/2010
ACC06310,U03603,B004,138854183243,Savings,243333,Active,1/10/2014
ACC06311,U01269,B027,656759373946,Current,132258,Active,7/9/2012
ACC06312,U01898,B028,712559652699,Current,410186,Active,11/23/2019
ACC06313,U00051,B001,185384630672,Savings,129347,Active,1/13/2021
ACC06314,U03217,B016,749743441902,Savings,456025,Active,6/13/2018
ACC06315,U01699,B029,539410861941,Savings,325479,Active,4/18/2023
ACC06316,U03091,B005,285520546365,Savings,415385,Active,12/26/2011
ACC06317,U01512,B024,318062598497,Savings,242635,Active,3/23/2014
ACC06318,U00189,B023,539667039255,Savings,97418,Active,1/4/2018
ACC06319,U01171,B011,665954169214,Savings,116248,Active,1/8/2018
ACC06320,U02108,B014,630239970868,Savings,454887,Active,9/2/2010
ACC06321,U04748,B015,934459053483,Savings,499106,Active,2/24/2017
ACC06322,U03568,B028,805455685530,Savings,462913,Active,1/29/2016
ACC06323,U01119,B005,274826967717,Savings,323430,Active,2/26/2010
ACC06324,U03673,B002,454600864766,Savings,374518,Active,9/1/2019
ACC06325,U02426,B010,880559456617,Savings,156472,Active,2/25/2013
ACC06326,U02585,B019,488147115570,Savings,360800,Active,9/18/2017
ACC06327,U01489,B014,377120293194,Current,353874,Active,4/20/2013
ACC06328,U03518,B016,278903945245,Savings,44788,Active,4/19/2013
ACC06329,U03271,B030,983229830907,Savings,200948,Active,8/6/2018
ACC06330,U04091,B006,940056954575,Savings,122231,Active,12/9/2012
ACC06331,U02220,B022,885466602639,Savings,296704,Active,11/29/2013
ACC06332,U04305,B007,321245004719,Savings,461938,Active,6/1/2017
ACC06333,U00324,B017,740372412440,Savings,45695,Active,6/10/2014
ACC06334,U01612,B003,826767150681,Savings,54935,Active,6/24/2017
ACC06335,U00437,B030,895214235781,Savings,340446,Active,1/13/2016
ACC06336,U00918,B020,419478208910,Savings,392867,Active,3/14/2024
ACC06337,U02277,B027,132668186530,Savings,35464,Active,11/22/2011
ACC06338,U01514,B002,975898878967,Savings,336744,Active,9/23/2018
ACC06339,U01816,B009,598336390632,Savings,303688,Active,10/3/2015
ACC06340,U01075,B017,272832968947,Savings,336847,Active,3/15/2014
ACC06341,U01457,B009,521321688344,Savings,6690,Active,11/23/2012
ACC06342,U00637,B027,345237665971,Savings,253658,Active,9/5/2016
ACC06343,U04146,B008,364807345293,Savings,242389,Active,9/4/2015
ACC06344,U04352,B025,765735590290,Savings,76618,Active,8/23/2016
ACC06345,U01299,B014,479739287716,Savings,369043,Active,12/14/2013
ACC06346,U03087,B011,908535633873,Savings,400877,Active,12/30/2020
ACC06347,U04641,B013,934472084183,Savings,291787,Active,3/10/2011
ACC06348,U00548,B025,815998093869,Savings,159849,Active,9/18/2010
ACC06349,U01181,B006,651100696580,Savings,116096,Active,8/23/2019
ACC06350,U01741,B030,692835724446,Savings,222381,Active,2/5/2012
ACC06351,U03994,B020,455063497191,Savings,15455,Active,9/6/2014
ACC06352,U02745,B028,683027253023,Savings,22198,Active,7/24/2014
ACC06353,U01873,B023,484887383190,Savings,352868,Active,5/8/2015
ACC06354,U01775,B024,893454653536,Savings,44764,Active,1/20/2014
ACC06355,U00289,B004,706752534768,Savings,471503,Active,1/7/2015
ACC06356,U03069,B015,883007427577,Savings,191654,Active,6/12/2017
ACC06357,U03700,B014,865072269047,Savings,252418,Active,9/27/2017
ACC06358,U01053,B012,295092520872,Savings,283115,Active,1/18/2024
ACC06359,U00944,B030,475152313974,Savings,200753,Active,2/5/2018
ACC06360,U01456,B003,717859128536,Savings,498702,Active,4/19/2015
ACC06361,U02908,B012,625103518938,Savings,103912,Active,12/30/2010
ACC06362,U00803,B024,558333585476,Savings,444424,Active,8/14/2013
ACC06363,U04811,B003,268391022258,Savings,81581,Active,11/6/2013
ACC06364,U02847,B022,177438169754,Savings,156540,Active,1/7/2017
ACC06365,U01529,B007,321479697813,Savings,244189,Active,8/18/2012
ACC06366,U04044,B002,902136748037,Savings,46209,Active,10/1/2017
ACC06367,U04717,B006,968854531425,Savings,442882,Active,12/16/2012
ACC06368,U01894,B005,569080130810,Savings,286879,Active,1/9/2010
ACC06369,U04605,B023,198857207178,Savings,485356,Active,1/3/2015
ACC06370,U03017,B017,889571164068,Savings,279400,Active,11/2/2012
ACC06371,U00408,B007,465517968877,Savings,252464,Active,4/26/2012
ACC06372,U00509,B029,234070169609,Savings,167994,Active,6/29/2015
ACC06373,U04772,B006,581358557863,Savings,253442,Active,1/8/2011
ACC06374,U01854,B025,842543557253,Savings,3969,Active,6/9/2014
ACC06375,U04446,B003,415366211996,Savings,432660,Active,7/22/2013
ACC06376,U03820,B030,984066346802,Savings,15115,Active,4/25/2018
ACC06377,U00362,B018,839434257592,Savings,181716,Active,6/29/2020
ACC06378,U04026,B012,542615483749,Savings,472052,Active,3/27/2017
ACC06379,U00525,B018,243003283510,Savings,355842,Active,12/4/2019
ACC06380,U00099,B012,788316098904,Current,4360,Active,12/21/2017
ACC06381,U04047,B019,376941633808,Savings,231153,Active,12/17/2012
ACC06382,U04369,B003,529761484892,Savings,325591,Active,10/11/2012
ACC06383,U01310,B007,384671316569,Savings,180026,Active,6/30/2018
ACC06384,U01114,B016,700812867094,Savings,270019,Active,4/29/2020
ACC06385,U04369,B011,161901522813,Savings,197426,Active,5/2/2011
ACC06386,U04598,B009,565098235857,Savings,212042,Active,9/30/2024
ACC06387,U01070,B020,532399689077,Savings,248407,Active,9/16/2010
ACC06388,U02750,B018,910675070406,Savings,453247,Active,2/19/2017
ACC06389,U03582,B016,134922816619,Savings,453089,Active,10/10/2012
ACC06390,U04469,B028,611578976476,Savings,245119,Active,6/9/2010
ACC06391,U01166,B026,431208122731,Savings,322017,Active,10/20/2013
ACC06392,U01331,B021,411510441438,Savings,420630,Active,11/1/2011
ACC06393,U00666,B001,146183434339,Savings,206876,Active,1/7/2011
ACC06394,U04904,B025,912478368866,Savings,123681,Inactive,8/18/2024
ACC06395,U03835,B008,618119292591,Savings,436384,Active,3/10/2023
ACC06396,U03926,B016,760930347134,Savings,155132,Inactive,4/26/2018
ACC06397,U01014,B016,580785787536,Savings,182248,Active,2/5/2013
ACC06398,U01489,B029,443258858132,Savings,43065,Active,8/25/2010
ACC06399,U04317,B026,147325383958,Savings,459687,Active,3/3/2012
ACC06400,U04015,B013,222678132454,Savings,162172,Active,12/16/2016
ACC06401,U03647,B030,631597562423,Savings,91137,Active,3/26/2011
ACC06402,U02446,B014,370888154272,Savings,356295,Active,6/9/2016
ACC06403,U00835,B006,706687400814,Savings,61335,Active,6/12/2019
ACC06404,U02977,B022,171156808807,Savings,170573,Active,4/10/2016
ACC06405,U01330,B020,150702866849,Savings,241717,Active,8/25/2011
ACC06406,U01904,B001,219801040558,Savings,261716,Active,5/21/2013
ACC06407,U04583,B030,907528184141,Savings,459536,Active,8/8/2018
ACC06408,U02885,B009,651192575125,Savings,382221,Active,8/8/2012
ACC06409,U04865,B011,348639303993,Savings,78355,Active,5/26/2016
ACC06410,U00492,B021,861822117139,Savings,50057,Active,12/27/2015
ACC06411,U00818,B005,392104067237,Savings,79928,Active,6/17/2017
ACC06412,U03466,B010,740300054113,Savings,305089,Active,12/25/2018
ACC06413,U03478,B012,280559638366,Savings,271950,Active,8/10/2019
ACC06414,U03375,B001,198319358634,Savings,149923,Active,4/9/2018
ACC06415,U04183,B002,799400787610,Savings,1222,Active,9/5/2022
ACC06416,U01282,B002,274573084955,Savings,304678,Active,9/17/2013
ACC06417,U00306,B027,966351228708,Savings,380444,Active,7/29/2017
ACC06418,U03133,B025,410989348416,Savings,222830,Active,11/16/2010
ACC06419,U00912,B008,499406998465,Savings,130229,Active,3/28/2012
ACC06420,U00363,B028,463586864469,Savings,302076,Active,4/18/2012
ACC06421,U03466,B025,691220437192,Savings,15950,Active,12/6/2018
ACC06422,U01228,B001,459487095843,Savings,402719,Active,4/4/2018
ACC06423,U02431,B023,645592347654,Savings,154606,Active,7/3/2017
ACC06424,U03300,B007,299725609904,Savings,1458,Active,6/28/2015
ACC06425,U04338,B024,346805259950,Savings,144337,Active,2/3/2011
ACC06426,U03948,B021,926557808567,Current,104789,Active,10/20/2014
ACC06427,U00308,B004,245805303294,Savings,173054,Active,7/31/2012
ACC06428,U03327,B029,325157817173,Savings,156759,Active,1/1/2018
ACC06429,U00897,B014,371057931972,Savings,115568,Active,12/6/2013
ACC06430,U03772,B015,420746644653,Savings,242269,Active,11/13/2012
ACC06431,U04724,B003,780873955246,Savings,59277,Active,10/10/2011
ACC06432,U02306,B028,205442563944,Savings,60897,Active,12/19/2013
ACC06433,U00136,B006,587808044413,Savings,159472,Active,3/2/2013
ACC06434,U01625,B002,303640573276,Savings,223989,Active,9/10/2013
ACC06435,U04902,B030,259191077926,Savings,144989,Active,10/1/2021
ACC06436,U03240,B005,825913164146,Savings,139840,Active,4/1/2011
ACC06437,U03753,B001,685176183664,Savings,383414,Active,12/18/2015
ACC06438,U04222,B018,825963153017,Savings,44852,Active,5/19/2014
ACC06439,U00449,B020,440171784094,Savings,203110,Active,11/12/2017
ACC06440,U02430,B014,816145732051,Savings,1584,Active,5/13/2012
ACC06441,U01153,B016,664578435801,Savings,206148,Active,10/20/2015
ACC06442,U02709,B014,582102314378,Savings,83522,Active,7/20/2013
ACC06443,U00693,B021,690049424252,Savings,184927,Active,8/28/2012
ACC06444,U04785,B010,556984011706,Savings,264764,Active,1/6/2012
ACC06445,U03569,B018,336033740202,Savings,369209,Active,1/14/2012
ACC06446,U02035,B009,131654589076,Savings,413436,Active,12/30/2016
ACC06447,U04063,B027,940859364707,Savings,425845,Active,6/30/2014
ACC06448,U00648,B025,905362701505,Savings,416702,Active,7/14/2015
ACC06449,U01022,B027,442056945100,Current,274488,Active,3/17/2019
ACC06450,U04547,B025,643503947298,Savings,328504,Active,8/27/2017
ACC06451,U01694,B004,224304397544,Savings,123541,Active,7/9/2015
ACC06452,U03086,B021,736577757797,Savings,198162,Active,2/14/2019
ACC06453,U00873,B030,618708506141,Savings,356534,Active,12/27/2013
ACC06454,U01808,B007,102613677541,Savings,399578,Active,10/21/2021
ACC06455,U00412,B003,254215647767,Savings,16611,Active,8/12/2014
ACC06456,U03974,B007,646941699686,Savings,85508,Active,2/10/2013
ACC06457,U04021,B006,174817105167,Savings,212973,Active,9/10/2013
ACC06458,U00802,B021,812035477280,Savings,129765,Active,1/16/2017
ACC06459,U03706,B014,475015084263,Savings,157917,Active,9/5/2018
ACC06460,U03148,B024,271436645636,Savings,21126,Active,4/6/2023
ACC06461,U02740,B024,802982348180,Savings,297750,Active,12/23/2022
ACC06462,U00226,B005,455815755193,Savings,328221,Active,1/12/2014
ACC06463,U02402,B030,288516029410,Savings,360304,Active,7/24/2020
ACC06464,U01934,B023,611008195451,Savings,53220,Active,6/30/2017
ACC06465,U02558,B030,276077340975,Savings,370031,Active,7/26/2011
ACC06466,U03124,B019,371495006562,Savings,99511,Active,5/16/2018
ACC06467,U00591,B006,638956225364,Savings,87169,Active,2/18/2015
ACC06468,U01649,B014,677168571305,Savings,434313,Active,1/17/2014
ACC06469,U01974,B003,257699411159,Savings,103451,Active,2/11/2017
ACC06470,U03732,B002,377922959741,Savings,184389,Active,2/6/2017
ACC06471,U02779,B027,879658988518,Savings,240376,Active,8/27/2011
ACC06472,U01220,B017,608840830930,Savings,472749,Active,1/6/2010
ACC06473,U01055,B005,395853794348,Savings,291562,Active,7/17/2012
ACC06474,U01142,B016,747334178371,Savings,290972,Active,5/11/2015
ACC06475,U03885,B030,319854760025,Savings,382068,Active,1/6/2011
ACC06476,U04385,B014,391329223872,Savings,150569,Active,7/10/2011
ACC06477,U03073,B013,989774533323,Savings,240025,Active,9/17/2017
ACC06478,U00706,B022,792319037195,Current,98668,Active,3/13/2019
ACC06479,U03539,B003,196618117469,Savings,122659,Active,8/26/2020
ACC06480,U02083,B009,521563260383,Savings,419839,Active,1/2/2018
ACC06481,U04529,B007,854750226391,Savings,16466,Active,6/19/2013
ACC06482,U02743,B002,815952943942,Savings,177649,Active,5/31/2012
ACC06483,U04947,B025,998650676747,Savings,244607,Active,11/20/2012
ACC06484,U04491,B015,305397661421,Savings,18829,Active,9/3/2019
ACC06485,U04101,B012,372061374051,Savings,187613,Active,7/8/2015
ACC06486,U03297,B001,793522114789,Savings,102850,Active,10/5/2020
ACC06487,U00648,B012,464881464714,Savings,332571,Active,3/17/2011
ACC06488,U03825,B026,190609215987,Savings,312281,Active,6/18/2019
ACC06489,U02005,B008,603814857011,Savings,459679,Active,6/28/2016
ACC06490,U04977,B004,754463567494,Savings,92786,Active,7/8/2013
ACC06491,U04549,B024,112276661515,Savings,188711,Active,11/11/2021
ACC06492,U01058,B015,943253078992,Savings,243606,Active,8/30/2013
ACC06493,U01765,B023,681141233136,Savings,430228,Active,8/15/2013
ACC06494,U00555,B011,367591477391,Savings,449264,Active,9/2/2021
ACC06495,U01460,B024,304355256637,Savings,16733,Active,3/2/2010
ACC06496,U00183,B030,387538679299,Savings,285297,Active,5/29/2016
ACC06497,U01594,B020,969918506411,Savings,165721,Active,9/10/2017
ACC06498,U00601,B014,315708676430,Savings,338376,Active,4/24/2015
ACC06499,U00188,B025,906218848837,Savings,250746,Active,2/16/2013
ACC06500,U00542,B030,944217753697,Savings,288207,Active,12/12/2019
ACC06501,U04123,B010,452625794489,Savings,468752,Active,9/5/2018
ACC06502,U03277,B002,887986537066,Savings,392518,Active,7/25/2014
ACC06503,U03436,B020,336451149560,Savings,6559,Active,11/10/2013
ACC06504,U01100,B020,360883399320,Savings,488359,Active,12/8/2016
ACC06505,U03086,B016,448229475019,Savings,269575,Active,11/5/2018
ACC06506,U02859,B019,642452157188,Savings,414716,Active,12/8/2013
ACC06507,U00398,B002,387702463339,Savings,42350,Active,4/19/2019
ACC06508,U02397,B008,657673180761,Savings,24773,Active,4/3/2011
ACC06509,U01205,B023,279508869593,Savings,327759,Active,11/14/2013
ACC06510,U02931,B026,472857786514,Current,269538,Active,9/23/2012
ACC06511,U02810,B006,381875677421,Savings,476300,Active,10/31/2012
ACC06512,U03628,B006,356496283768,Savings,322454,Active,2/4/2015
ACC06513,U02340,B018,810150644161,Savings,36063,Active,7/29/2021
ACC06514,U03421,B011,879435047118,Savings,140499,Active,3/1/2011
ACC06515,U02891,B025,371114221380,Savings,270745,Active,7/9/2014
ACC06516,U03585,B025,749975277274,Savings,293140,Active,9/6/2017
ACC06517,U00799,B019,760742213603,Savings,398917,Active,1/6/2015
ACC06518,U03287,B026,648662036414,Savings,480439,Active,9/2/2018
ACC06519,U01206,B020,394990085461,Savings,339902,Active,4/22/2023
ACC06520,U00668,B030,217746021899,Savings,136037,Active,4/12/2018
ACC06521,U04995,B007,841670127261,Savings,213765,Active,12/17/2017
ACC06522,U04283,B007,922273405373,Savings,106774,Active,4/17/2022
ACC06523,U01661,B018,843273775721,Savings,219349,Active,2/17/2014
ACC06524,U01537,B025,225345923801,Savings,220648,Active,1/12/2019
ACC06525,U02425,B030,307870331200,Savings,52778,Active,7/10/2016
ACC06526,U03568,B001,189483418863,Savings,213561,Active,10/8/2018
ACC06527,U01064,B024,297790143910,Savings,166373,Active,4/13/2011
ACC06528,U03085,B003,642969304390,Savings,462508,Active,6/8/2014
ACC06529,U03740,B005,806309901008,Savings,462963,Active,6/19/2014
ACC06530,U01556,B002,649950110607,Savings,162986,Active,8/29/2015
ACC06531,U03293,B013,391585567417,Savings,33385,Active,10/24/2011
ACC06532,U02487,B002,380371009436,Savings,372750,Active,12/20/2018
ACC06533,U03640,B004,381697907200,Savings,474848,Active,9/24/2012
ACC06534,U00959,B026,997267432637,Savings,365426,Active,11/28/2021
ACC06535,U02891,B017,478376917964,Savings,118195,Active,1/13/2021
ACC06536,U04086,B014,133115549021,Savings,57830,Active,7/21/2013
ACC06537,U03841,B016,626494185352,Savings,337798,Active,10/2/2015
ACC06538,U03132,B012,394510247347,Savings,79504,Active,10/18/2011
ACC06539,U04251,B020,286802835826,Savings,123650,Active,6/17/2017
ACC06540,U00593,B020,722862561217,Current,53054,Active,9/26/2015
ACC06541,U02346,B023,478715792460,Savings,246723,Active,7/7/2019
ACC06542,U03927,B023,493001872879,Savings,149951,Active,1/31/2016
ACC06543,U04078,B021,833665987104,Savings,289560,Active,2/15/2011
ACC06544,U01743,B010,756519361902,Savings,449020,Active,8/1/2013
ACC06545,U04873,B011,931615814171,Savings,477109,Active,1/16/2010
ACC06546,U00007,B017,148353173233,Savings,28464,Active,4/14/2020
ACC06547,U02897,B015,383491313666,Savings,466528,Active,10/12/2012
ACC06548,U03565,B005,668002377381,Savings,131890,Active,7/2/2020
ACC06549,U01816,B025,353480096452,Savings,153006,Active,12/17/2010
ACC06550,U04135,B013,567601285479,Savings,22238,Active,11/24/2017
ACC06551,U04580,B030,122134886210,Savings,191788,Active,4/12/2015
ACC06552,U03925,B005,465936868199,Savings,328493,Active,5/29/2015
ACC06553,U01079,B021,575449309067,Current,367821,Active,2/11/2022
ACC06554,U01124,B023,470952122989,Savings,440815,Active,4/18/2014
ACC06555,U03896,B015,992607172601,Savings,108900,Inactive,2/26/2017
ACC06556,U00683,B017,561118236129,Savings,54315,Active,7/25/2018
ACC06557,U00392,B016,954639152174,Savings,156676,Active,7/28/2020
ACC06558,U00572,B001,372910777185,Savings,79902,Active,5/13/2020
ACC06559,U02242,B002,150498142824,Savings,400810,Active,8/9/2015
ACC06560,U02734,B030,179425154308,Savings,443121,Active,12/5/2016
ACC06561,U03007,B012,283943966167,Savings,129985,Active,10/7/2012
ACC06562,U03371,B014,105288599671,Savings,77584,Active,2/15/2018
ACC06563,U00669,B012,167645950184,Savings,446096,Active,4/2/2016
ACC06564,U04372,B025,421087390929,Savings,137066,Active,4/30/2017
ACC06565,U02917,B019,157719453250,Savings,38759,Inactive,5/13/2014
ACC06566,U04378,B004,209301036041,Savings,93925,Active,3/15/2017
ACC06567,U03855,B020,626576211854,Savings,172991,Active,5/16/2016
ACC06568,U02715,B017,270785625722,Savings,186322,Active,8/12/2013
ACC06569,U03028,B025,320741694480,Savings,321118,Active,7/24/2016
ACC06570,U00284,B017,435473313912,Savings,318844,Active,11/5/2012
ACC06571,U01562,B008,674500271014,Savings,265583,Active,12/1/2010
ACC06572,U02520,B029,968416796605,Savings,60089,Active,7/9/2018
ACC06573,U02437,B017,665751234019,Savings,418894,Active,11/12/2017
ACC06574,U02838,B004,406313382129,Savings,66207,Active,11/7/2015
ACC06575,U02838,B030,224458393576,Savings,473408,Active,5/2/2014
ACC06576,U01048,B026,183254885282,Savings,75791,Active,2/19/2014
ACC06577,U03556,B003,620517050896,Savings,105917,Active,12/31/2014
ACC06578,U01862,B027,859261857594,Savings,186980,Active,8/26/2017
ACC06579,U01765,B017,230550530006,Savings,1320,Active,6/8/2017
ACC06580,U04089,B026,721793980325,Savings,453697,Active,11/23/2011
ACC06581,U03684,B028,299460804564,Savings,138308,Active,9/30/2017
ACC06582,U03677,B017,567978146775,Savings,446624,Active,12/22/2010
ACC06583,U04632,B007,281244912843,Savings,371712,Active,7/24/2011
ACC06584,U03289,B021,144251371607,Savings,454530,Active,2/6/2015
ACC06585,U04437,B007,694105520132,Savings,67110,Active,12/25/2017
ACC06586,U04551,B022,552338581289,Savings,187360,Active,12/17/2010
ACC06587,U02457,B012,179226526013,Savings,205085,Active,4/9/2016
ACC06588,U02276,B030,616713594740,Savings,314197,Active,6/13/2016
ACC06589,U03860,B017,438184305652,Savings,289318,Active,5/4/2013
ACC06590,U02152,B023,507358730248,Savings,422111,Active,8/25/2012
ACC06591,U00890,B017,344651054951,Savings,60777,Active,11/15/2017
ACC06592,U04598,B017,822275563498,Savings,112533,Inactive,4/14/2017
ACC06593,U04175,B004,111963951294,Savings,137331,Active,4/12/2017
ACC06594,U01351,B012,228806457140,Savings,306413,Active,9/11/2010
ACC06595,U02406,B028,344262775170,Savings,266967,Active,8/11/2016
ACC06596,U03528,B018,252746077068,Savings,222853,Active,6/18/2019
ACC06597,U02611,B028,746675615416,Savings,115002,Active,9/10/2012
ACC06598,U03083,B017,714248940997,Savings,472265,Active,11/29/2014
ACC06599,U02000,B010,701535385511,Savings,373941,Active,8/19/2015
ACC06600,U03854,B018,730398427749,Savings,39344,Active,7/13/2016
ACC06601,U01832,B029,707179608449,Savings,152690,Active,1/25/2018
ACC06602,U03049,B011,361170619194,Savings,439865,Active,11/24/2011
ACC06603,U04309,B023,538894405008,Savings,216582,Active,11/1/2020
ACC06604,U01208,B016,809606137331,Savings,440529,Active,4/20/2022
ACC06605,U04029,B010,880327478345,Savings,226927,Active,7/31/2024
ACC06606,U03884,B014,148094013162,Savings,450593,Active,10/28/2018
ACC06607,U04182,B006,938624097180,Savings,409213,Active,12/13/2015
ACC06608,U02471,B016,776209980425,Savings,212053,Active,8/13/2012
ACC06609,U04873,B010,325268961013,Savings,48569,Active,5/9/2020
ACC06610,U01994,B021,710586751473,Savings,480786,Active,8/9/2013
ACC06611,U00535,B029,240331395183,Savings,140770,Active,3/16/2021
ACC06612,U04059,B024,545475981097,Savings,99473,Active,8/30/2014
ACC06613,U02717,B017,340562438528,Savings,270351,Active,12/24/2020
ACC06614,U02245,B013,982386636828,Savings,51200,Active,6/10/2010
ACC06615,U01808,B013,796754812805,Savings,238068,Active,6/19/2012
ACC06616,U02109,B012,259798854176,Savings,180629,Active,5/5/2012
ACC06617,U03468,B018,520456540091,Savings,20535,Inactive,10/5/2012
ACC06618,U01607,B029,783892906909,Savings,264994,Active,10/3/2010
ACC06619,U00651,B022,824687772739,Savings,66278,Active,4/25/2012
ACC06620,U02898,B014,973503631153,Savings,294544,Active,10/31/2022
ACC06621,U02799,B030,350260609765,Savings,381427,Active,5/24/2020
ACC06622,U02560,B016,315260246554,Savings,263158,Active,2/20/2013
ACC06623,U01740,B024,637875164594,Savings,432864,Active,11/21/2016
ACC06624,U02815,B027,772827745514,Savings,294783,Active,8/29/2013
ACC06625,U01253,B004,174115322716,Savings,445483,Active,11/10/2011
ACC06626,U01106,B029,759830002209,Current,368344,Active,5/6/2011
ACC06627,U02764,B027,626297278478,Savings,424300,Active,4/17/2016
ACC06628,U03982,B003,710022733550,Savings,303076,Active,9/15/2020
ACC06629,U03294,B026,623798577117,Savings,75200,Active,4/23/2010
ACC06630,U02952,B018,250373009291,Savings,213666,Active,1/16/2015
ACC06631,U00015,B004,242655394809,Savings,288959,Active,7/8/2010
ACC06632,U04001,B016,429557487726,Savings,29704,Active,4/5/2012
ACC06633,U03311,B026,616878183527,Savings,412156,Active,11/29/2022
ACC06634,U01960,B025,667143761473,Savings,339285,Active,6/24/2012
ACC06635,U03983,B014,365418289544,Savings,253133,Active,9/19/2021
ACC06636,U01446,B010,273082626417,Savings,200471,Active,9/23/2013
ACC06637,U03972,B008,511003655237,Savings,256376,Active,4/14/2020
ACC06638,U02732,B025,971230862039,Savings,325998,Active,2/3/2020
ACC06639,U03964,B010,900964568082,Savings,470155,Active,1/21/2011
ACC06640,U01938,B017,533337469029,Savings,315367,Active,4/21/2016
ACC06641,U03083,B021,855421401727,Savings,284419,Active,1/23/2010
ACC06642,U00457,B004,908834204049,Savings,176659,Active,12/15/2014
ACC06643,U00469,B014,822870073747,Savings,277773,Active,6/5/2017
ACC06644,U02253,B006,857701089365,Savings,345356,Active,12/15/2022
ACC06645,U04279,B021,936157573900,Savings,157177,Active,6/27/2018
ACC06646,U02585,B026,951447756534,Savings,32502,Active,12/26/2019
ACC06647,U03625,B007,970127898291,Savings,462022,Active,1/3/2019
ACC06648,U01293,B025,545404430029,Savings,236883,Active,9/7/2020
ACC06649,U00711,B025,696183565365,Savings,206829,Active,6/20/2013
ACC06650,U02482,B007,687984420559,Savings,74247,Active,3/23/2010
ACC06651,U00574,B004,789746045266,Savings,96645,Active,2/15/2021
ACC06652,U00650,B020,755846480887,Savings,10801,Active,9/4/2012
ACC06653,U03168,B027,777088832670,Savings,280174,Active,12/29/2017
ACC06654,U03769,B012,670553277451,Savings,463753,Active,4/6/2015
ACC06655,U01193,B002,491291795060,Savings,31663,Active,8/17/2011
ACC06656,U01137,B029,248016286437,Savings,167493,Active,6/17/2015
ACC06657,U04384,B007,506435711116,Savings,444935,Active,11/6/2012
ACC06658,U04117,B017,225002974072,Savings,399471,Active,12/11/2022
ACC06659,U02217,B029,633425370967,Savings,24010,Active,4/5/2015
ACC06660,U02951,B018,960084098603,Savings,56722,Active,10/1/2013
ACC06661,U02058,B006,290860187510,Savings,55257,Active,12/18/2014
ACC06662,U03637,B008,557553671176,Savings,24330,Active,1/16/2015
ACC06663,U04600,B009,993158043598,Savings,457832,Active,9/9/2011
ACC06664,U01530,B020,738844400155,Savings,360948,Inactive,3/5/2012
ACC06665,U03791,B020,655487224926,Savings,42306,Active,2/3/2012
ACC06666,U01149,B028,539943636019,Savings,344657,Active,7/17/2017
ACC06667,U03850,B011,181916126487,Savings,184408,Active,1/25/2011
ACC06668,U03217,B005,904556897816,Savings,111946,Active,3/5/2016
ACC06669,U03514,B015,934152429759,Savings,117617,Active,7/28/2015
ACC06670,U00356,B006,829461979028,Savings,89028,Active,12/22/2010
ACC06671,U01812,B014,265592275541,Savings,383072,Active,8/31/2024
ACC06672,U00521,B013,684670816626,Savings,114244,Active,7/31/2020
ACC06673,U04123,B020,563328235644,Current,202609,Active,7/22/2014
ACC06674,U00756,B004,386747553585,Current,107534,Active,7/7/2012
ACC06675,U00720,B010,723263457159,Savings,416205,Active,5/19/2013
ACC06676,U01096,B011,558849712629,Savings,173287,Active,2/10/2012
ACC06677,U03330,B020,962411239273,Savings,62046,Active,1/24/2016
ACC06678,U01404,B009,423460580800,Savings,48658,Active,7/3/2014
ACC06679,U00348,B001,792721281330,Savings,448779,Active,1/12/2011
ACC06680,U02406,B020,472101909328,Savings,379019,Active,5/6/2015
ACC06681,U01164,B028,263624766371,Savings,90207,Active,4/1/2020
ACC06682,U00095,B027,250859127786,Savings,330442,Active,1/26/2024
ACC06683,U04790,B030,564822622848,Savings,26744,Active,11/8/2011
ACC06684,U03364,B027,776163095261,Savings,66618,Active,1/21/2024
ACC06685,U00752,B017,449046402957,Savings,55434,Active,8/23/2014
ACC06686,U04103,B006,297593339745,Savings,494862,Active,11/25/2016
ACC06687,U00813,B024,155395977394,Current,480450,Active,3/11/2015
ACC06688,U02699,B009,949811250449,Savings,282945,Active,5/22/2017
ACC06689,U04310,B005,570343472861,Savings,489372,Active,6/15/2012
ACC06690,U03407,B029,545579672653,Savings,485718,Active,11/29/2015
ACC06691,U00467,B017,910359155107,Savings,431558,Active,2/14/2010
ACC06692,U01372,B007,309435263350,Savings,18520,Active,12/1/2015
ACC06693,U04686,B003,904074628871,Savings,310003,Active,4/21/2017
ACC06694,U01925,B008,351952595572,Savings,4183,Active,3/5/2014
ACC06695,U01800,B014,894605328832,Savings,48910,Active,2/15/2017
ACC06696,U01010,B007,729882665459,Savings,422620,Active,3/3/2014
ACC06697,U03742,B007,449370510132,Savings,11485,Active,7/8/2018
ACC06698,U01057,B030,673907836579,Savings,153892,Active,4/20/2011
ACC06699,U03340,B014,175253068249,Savings,120148,Active,7/14/2013
ACC06700,U03611,B006,872029680278,Savings,283287,Active,12/29/2011
ACC06701,U01208,B007,915098715061,Savings,461169,Active,3/17/2011
ACC06702,U01729,B016,125718449305,Savings,273606,Active,2/14/2010
ACC06703,U03631,B021,387456698295,Savings,418536,Active,3/6/2021
ACC06704,U04575,B009,640639864795,Savings,279759,Active,10/19/2017
ACC06705,U03527,B003,301635294811,Savings,89779,Active,2/8/2012
ACC06706,U01585,B017,899050305062,Savings,122603,Active,8/31/2014
ACC06707,U03331,B015,905663129622,Savings,70729,Active,3/9/2011
ACC06708,U03734,B027,744643303003,Savings,26409,Active,1/28/2016
ACC06709,U01172,B012,784703167197,Savings,291263,Active,12/15/2019
ACC06710,U01050,B023,193549063892,Savings,41701,Active,7/13/2021
ACC06711,U01027,B007,947394668424,Savings,273119,Active,9/13/2016
ACC06712,U03739,B001,174550653640,Savings,239555,Active,2/23/2016
ACC06713,U04241,B017,112038789699,Savings,447552,Active,12/14/2023
ACC06714,U00099,B020,210524521024,Savings,44115,Active,1/20/2017
ACC06715,U01530,B016,309420725592,Savings,120683,Active,11/11/2016
ACC06716,U01697,B019,796966267739,Savings,246280,Active,4/11/2020
ACC06717,U04483,B001,418836051419,Savings,431884,Active,12/5/2021
ACC06718,U04575,B028,980791973160,Savings,58554,Active,2/19/2010
ACC06719,U01378,B014,607576115869,Savings,702,Active,7/3/2010
ACC06720,U03342,B026,974144547943,Savings,433595,Active,8/1/2012
ACC06721,U04299,B028,903451925118,Savings,179088,Active,11/9/2013
ACC06722,U01115,B022,161901516682,Savings,487492,Active,2/4/2017
ACC06723,U02953,B008,570241086305,Savings,103985,Active,12/27/2017
ACC06724,U00199,B022,642353957368,Savings,243414,Active,5/21/2015
ACC06725,U00573,B013,630283790007,Savings,107448,Active,4/28/2021
ACC06726,U00322,B023,990963656128,Savings,68334,Active,1/2/2018
ACC06727,U00254,B016,455732600748,Current,488753,Active,12/15/2021
ACC06728,U03773,B019,326479898663,Savings,447737,Active,11/27/2010
ACC06729,U04475,B029,463170667971,Savings,54124,Active,4/25/2010
ACC06730,U04656,B019,593125703839,Savings,188434,Active,4/5/2021
ACC06731,U04443,B017,144036131997,Savings,428273,Active,1/25/2010
ACC06732,U00806,B024,425364416377,Savings,485007,Active,1/29/2012
ACC06733,U00550,B006,723468901418,Savings,153336,Active,11/25/2015
ACC06734,U01787,B018,457778531592,Savings,379938,Active,4/13/2018
ACC06735,U02578,B026,810749904055,Savings,324776,Active,2/12/2014
ACC06736,U02722,B004,205675394837,Savings,102954,Active,3/3/2018
ACC06737,U04748,B027,849937045978,Savings,336306,Active,10/19/2012
ACC06738,U02863,B003,784989322769,Savings,394614,Active,1/9/2015
ACC06739,U01113,B024,399967766033,Savings,466829,Active,5/26/2025
ACC06740,U01282,B019,387824115223,Savings,301158,Active,1/26/2016
ACC06741,U01182,B018,515656573611,Savings,165734,Active,9/9/2016
ACC06742,U00271,B027,990826331842,Savings,379901,Active,1/31/2013
ACC06743,U04485,B007,962580725405,Savings,314144,Active,5/27/2012
ACC06744,U00948,B016,479692709200,Savings,138370,Active,2/20/2016
ACC06745,U03920,B008,496982551199,Savings,335457,Active,4/1/2018
ACC06746,U01247,B001,783668360104,Savings,387946,Active,6/20/2020
ACC06747,U04843,B001,265596482043,Savings,236026,Active,2/6/2011
ACC06748,U02437,B027,905188542302,Savings,330412,Inactive,4/9/2013
ACC06749,U01009,B020,408601337760,Savings,323572,Active,1/28/2018
ACC06750,U03857,B029,708528805548,Savings,363595,Active,8/26/2011
ACC06751,U00950,B029,433047042294,Savings,283983,Active,2/9/2019
ACC06752,U04134,B015,963559824623,Savings,266520,Active,7/9/2019
ACC06753,U00217,B001,394736892205,Savings,475542,Active,4/6/2017
ACC06754,U04291,B015,924516063407,Savings,117119,Active,7/2/2013
ACC06755,U00928,B007,119380049545,Savings,212447,Active,11/17/2017
ACC06756,U04344,B030,909643251214,Savings,9493,Active,2/9/2020
ACC06757,U03523,B002,538339752133,Savings,204622,Active,1/30/2010
ACC06758,U02155,B006,174308236521,Savings,499602,Active,4/21/2010
ACC06759,U04322,B007,475675685032,Savings,322388,Active,6/1/2012
ACC06760,U02018,B008,521359261195,Current,109467,Active,5/10/2013
ACC06761,U04611,B028,644097303893,Savings,443378,Active,1/5/2016
ACC06762,U02602,B022,293171250439,Savings,34667,Active,4/7/2010
ACC06763,U03249,B025,392756918291,Savings,179805,Active,2/27/2011
ACC06764,U04711,B010,538616939382,Savings,64669,Active,8/8/2025
ACC06765,U00582,B020,492741621596,Savings,450411,Active,9/8/2016
ACC06766,U04329,B009,422109212124,Savings,41556,Active,3/11/2024
ACC06767,U02932,B020,469037328298,Savings,61100,Active,2/9/2015
ACC06768,U04270,B011,904988132058,Savings,74332,Active,4/23/2013
ACC06769,U04312,B009,665915471584,Savings,232917,Active,8/12/2022
ACC06770,U04564,B028,781224886966,Savings,106580,Active,8/7/2015
ACC06771,U01444,B001,485898518571,Current,429103,Active,3/14/2019
ACC06772,U04583,B014,361090499845,Savings,102287,Active,1/17/2013
ACC06773,U00677,B024,257312276321,Savings,40649,Active,7/1/2025
ACC06774,U01201,B007,793365758166,Savings,428353,Active,8/16/2017
ACC06775,U00012,B002,815117941640,Savings,82850,Active,9/17/2021
ACC06776,U01701,B027,375455716520,Current,430430,Active,1/21/2011
ACC06777,U00706,B011,425094574474,Savings,392554,Active,9/26/2023
ACC06778,U02825,B009,391365120725,Savings,344163,Active,5/1/2015
ACC06779,U00559,B020,580371692197,Savings,293459,Active,12/31/2015
ACC06780,U00671,B003,176647297718,Savings,92707,Active,4/1/2010
ACC06781,U03607,B012,853510253869,Savings,288702,Active,8/16/2014
ACC06782,U04036,B012,627301729430,Savings,347082,Active,6/29/2019
ACC06783,U03477,B030,785250085723,Savings,333173,Active,12/5/2013
ACC06784,U00591,B027,417861992622,Savings,491380,Active,3/31/2018
ACC06785,U03224,B004,769159320360,Savings,498519,Active,4/15/2012
ACC06786,U00303,B006,669516246913,Savings,178061,Active,7/30/2014
ACC06787,U03126,B017,369253592154,Savings,116892,Active,2/25/2010
ACC06788,U04158,B018,388155254630,Savings,212560,Active,2/16/2016
ACC06789,U01287,B011,170586164068,Savings,313065,Active,12/16/2022
ACC06790,U04793,B004,253658242014,Savings,202883,Active,5/3/2019
ACC06791,U03173,B018,925824620631,Current,356292,Active,6/23/2015
ACC06792,U00610,B007,564386392287,Savings,396759,Active,4/27/2022
ACC06793,U00269,B009,231978219531,Savings,366711,Active,1/14/2012
ACC06794,U02147,B006,415774834717,Savings,476814,Active,5/24/2016
ACC06795,U04750,B013,232089898857,Savings,248914,Active,7/6/2017
ACC06796,U04817,B007,139741948962,Savings,290002,Active,4/18/2024
ACC06797,U03670,B005,259478106147,Savings,6514,Active,7/22/2018
ACC06798,U03821,B017,760603562728,Savings,262655,Active,10/18/2019
ACC06799,U00532,B011,460300611192,Savings,159915,Active,4/29/2015
ACC06800,U04969,B025,928834291344,Savings,166683,Active,2/11/2019
ACC06801,U00305,B004,205653394584,Savings,195314,Active,6/2/2016
ACC06802,U02099,B006,226914320321,Savings,422135,Active,11/12/2015
ACC06803,U04066,B006,967582257954,Savings,250590,Active,11/7/2019
ACC06804,U02175,B030,592347513988,Savings,189916,Inactive,10/2/2015
ACC06805,U01654,B008,969031505911,Savings,252829,Active,6/21/2018
ACC06806,U02418,B011,336688289486,Savings,485120,Active,10/30/2019
ACC06807,U02920,B011,696271081801,Current,59738,Active,9/6/2014
ACC06808,U01109,B015,464790418462,Savings,59395,Active,1/8/2011
ACC06809,U04593,B012,551118980155,Savings,272865,Active,3/30/2022
ACC06810,U02804,B019,651901499910,Current,8888,Active,6/5/2020
ACC06811,U01525,B018,265714590754,Savings,337469,Active,11/16/2012
ACC06812,U01446,B028,982726686316,Savings,328133,Active,2/2/2016
ACC06813,U00496,B021,700914714545,Savings,310986,Active,3/23/2020
ACC06814,U03552,B016,791404604931,Savings,12288,Active,7/31/2014
ACC06815,U02718,B027,234341242814,Current,334559,Active,7/1/2022
ACC06816,U04734,B009,509495515963,Savings,147723,Active,10/30/2012
ACC06817,U00113,B008,343813198640,Savings,154216,Active,5/9/2017
ACC06818,U04097,B003,615914914262,Savings,427547,Active,11/29/2016
ACC06819,U04329,B006,640658509206,Savings,414067,Active,3/28/2012
ACC06820,U03597,B025,280585088578,Savings,308375,Active,7/5/2010
ACC06821,U04289,B009,372755681056,Savings,462100,Active,7/27/2019
ACC06822,U01635,B001,852227376713,Savings,432071,Active,9/20/2024
ACC06823,U03282,B021,513475666364,Savings,391534,Active,1/23/2014
ACC06824,U00397,B020,412484721600,Savings,91431,Active,7/31/2010
ACC06825,U00105,B005,145907923943,Savings,106438,Active,5/1/2021
ACC06826,U01996,B014,724618285875,Savings,432165,Active,3/5/2021
ACC06827,U00349,B003,221942370770,Savings,90921,Active,8/17/2012
ACC06828,U03309,B004,688351488517,Savings,3823,Active,2/1/2015
ACC06829,U00573,B012,895374100220,Savings,226924,Active,4/2/2018
ACC06830,U01255,B001,581019279350,Savings,259038,Active,8/3/2015
ACC06831,U01863,B007,152698531336,Savings,274465,Active,10/3/2011
ACC06832,U00302,B025,174402710834,Savings,166186,Active,5/14/2012
ACC06833,U00303,B024,114705062299,Savings,230242,Active,7/11/2017
ACC06834,U04952,B011,720171872046,Savings,223102,Active,7/15/2010
ACC06835,U01206,B022,516169319114,Savings,105410,Active,3/15/2018
ACC06836,U01963,B011,473380155025,Savings,165486,Active,12/7/2011
ACC06837,U01212,B009,674622812250,Current,81591,Active,2/17/2010
ACC06838,U00883,B022,622067415009,Savings,396843,Active,1/10/2018
ACC06839,U02190,B009,832189984089,Savings,68545,Active,1/1/2011
ACC06840,U04892,B023,752338094176,Savings,63717,Active,5/13/2014
ACC06841,U00207,B013,936022072402,Savings,96265,Active,7/12/2015
ACC06842,U04229,B012,240418206374,Savings,378335,Active,11/28/2013
ACC06843,U02668,B025,796043762831,Savings,24554,Active,7/28/2016
ACC06844,U03009,B022,957902870828,Savings,326662,Active,6/16/2012
ACC06845,U00258,B022,290915338686,Current,405302,Active,9/21/2018
ACC06846,U01728,B025,974348175960,Savings,432878,Active,5/20/2018
ACC06847,U01491,B010,396067414020,Savings,165596,Active,8/20/2021
ACC06848,U00535,B021,915847824902,Savings,444509,Active,3/24/2014
ACC06849,U01949,B021,490200713185,Savings,35161,Active,3/20/2012
ACC06850,U03376,B015,166886006106,Savings,393011,Active,10/4/2014
ACC06851,U00286,B009,984965879282,Savings,291077,Active,7/25/2023
ACC06852,U03456,B020,405925178370,Savings,374356,Active,10/27/2022
ACC06853,U02966,B017,949937434399,Savings,250596,Active,7/14/2011
ACC06854,U01649,B014,510501752789,Savings,286013,Active,12/9/2020
ACC06855,U04417,B024,999968071395,Savings,127029,Active,1/5/2013
ACC06856,U02567,B025,954230201011,Savings,370117,Active,11/29/2014
ACC06857,U02664,B029,316372334375,Savings,64520,Active,9/6/2011
ACC06858,U03726,B002,637762906589,Savings,39099,Active,6/15/2019
ACC06859,U02249,B011,929431804334,Savings,293305,Active,5/15/2016
ACC06860,U02924,B005,323298340590,Savings,458880,Active,1/30/2014
ACC06861,U04653,B019,516156611114,Savings,77130,Active,2/15/2015
ACC06862,U00705,B014,229452779568,Savings,362401,Active,1/25/2013
ACC06863,U03679,B009,499256406874,Savings,490950,Active,3/15/2017
ACC06864,U01872,B012,856157719559,Savings,197296,Active,8/2/2011
ACC06865,U04047,B004,979173153748,Savings,713,Active,8/12/2012
ACC06866,U03584,B013,575196795019,Savings,347898,Active,10/23/2017
ACC06867,U00013,B028,749156674454,Savings,25851,Active,1/8/2018
ACC06868,U01450,B030,803604427392,Savings,349352,Active,8/31/2013
ACC06869,U01372,B027,162289224521,Savings,94017,Active,10/22/2010
ACC06870,U02842,B008,345178571418,Savings,368565,Active,7/19/2011
ACC06871,U04214,B023,469103274848,Savings,409309,Active,9/25/2013
ACC06872,U03756,B025,383302700070,Savings,372410,Active,1/9/2021
ACC06873,U03035,B027,133603902996,Savings,337668,Active,11/20/2016
ACC06874,U03789,B030,735838092533,Savings,234125,Active,3/17/2018
ACC06875,U04989,B026,557718864125,Savings,398635,Active,7/20/2013
ACC06876,U02749,B020,318174970115,Savings,43133,Active,9/25/2011
ACC06877,U00277,B017,671965100191,Savings,158040,Active,7/18/2016
ACC06878,U04606,B017,256756456249,Savings,498519,Active,3/23/2016
ACC06879,U02230,B005,727209727584,Current,470351,Active,1/29/2017
ACC06880,U00591,B028,700054678387,Savings,312177,Active,4/15/2017
ACC06881,U02180,B003,255659942356,Savings,7394,Active,11/7/2012
ACC06882,U00261,B006,611130576296,Savings,165367,Active,9/5/2014
ACC06883,U01582,B029,416219855981,Savings,244455,Active,1/30/2016
ACC06884,U03736,B029,752083753100,Savings,395808,Active,1/13/2013
ACC06885,U02051,B013,791355112880,Savings,359799,Active,6/26/2016
ACC06886,U04247,B022,671401128795,Savings,336207,Inactive,10/1/2011
ACC06887,U00168,B010,891796655322,Savings,499757,Active,10/8/2017
ACC06888,U01096,B019,884449287101,Savings,494905,Active,7/25/2011
ACC06889,U02156,B010,338124454658,Current,358685,Active,1/8/2012
ACC06890,U01945,B014,575767694650,Savings,488801,Active,6/27/2012
ACC06891,U02180,B007,583825451745,Savings,332664,Active,6/11/2015
ACC06892,U01170,B013,898522171088,Savings,323964,Active,4/29/2018
ACC06893,U02751,B025,889873617508,Savings,496862,Active,5/2/2019
ACC06894,U01526,B019,713623206864,Savings,196220,Active,4/16/2012
ACC06895,U01900,B028,202573356116,Savings,472114,Active,11/6/2010
ACC06896,U03664,B007,773388240711,Savings,123598,Active,10/14/2015
ACC06897,U00731,B012,888322201136,Savings,233038,Active,8/21/2021
ACC06898,U04103,B023,971253091455,Savings,3305,Active,9/21/2018
ACC06899,U02646,B008,197574290596,Savings,2069,Active,10/2/2010
ACC06900,U00791,B019,593880402785,Savings,297393,Active,9/11/2015
ACC06901,U00918,B012,339958117654,Savings,349915,Active,10/26/2021
ACC06902,U03162,B015,545452913189,Savings,358189,Active,9/13/2012
ACC06903,U00667,B011,904658983623,Savings,115971,Active,3/12/2013
ACC06904,U01672,B004,395940371503,Savings,178798,Active,2/6/2017
ACC06905,U02052,B005,586152247047,Savings,172103,Active,12/6/2014
ACC06906,U00953,B021,750581624621,Savings,198913,Active,8/9/2014
ACC06907,U01691,B028,202483468023,Savings,23825,Active,10/22/2017
ACC06908,U03338,B023,761343925751,Savings,499305,Active,11/24/2012
ACC06909,U00967,B009,841885791640,Savings,294560,Inactive,2/23/2024
ACC06910,U04084,B007,391769582294,Savings,401111,Inactive,6/20/2017
ACC06911,U04810,B026,241896154897,Current,425262,Active,3/17/2014
ACC06912,U01563,B004,997078494331,Savings,214646,Active,3/27/2016
ACC06913,U03911,B027,662719549768,Savings,440533,Active,2/22/2011
ACC06914,U00960,B004,574821912469,Savings,240217,Active,5/17/2017
ACC06915,U00597,B029,587168538141,Savings,239990,Active,4/4/2019
ACC06916,U03329,B020,672120113402,Savings,170993,Active,6/1/2014
ACC06917,U03917,B007,774635603954,Savings,221339,Active,3/26/2016
ACC06918,U01743,B005,104726762018,Savings,107417,Active,5/18/2016
ACC06919,U00688,B022,381509879192,Savings,212818,Active,7/5/2010
ACC06920,U01022,B028,514239292425,Savings,496396,Active,1/9/2020
ACC06921,U02183,B023,494809364437,Savings,197927,Active,1/26/2018
ACC06922,U03752,B014,766097825127,Savings,389167,Active,12/18/2016
ACC06923,U04101,B001,950627642483,Savings,178900,Active,3/17/2013
ACC06924,U03416,B023,454979570022,Savings,37978,Active,5/17/2014
ACC06925,U01125,B009,658329131540,Savings,339691,Active,5/26/2015
ACC06926,U03136,B023,461616845248,Current,132485,Active,11/8/2013
ACC06927,U04039,B015,240568377459,Savings,365171,Active,7/11/2017
ACC06928,U00471,B002,440995886984,Savings,474334,Active,11/14/2012
ACC06929,U01199,B012,752308337067,Savings,297021,Active,8/2/2024
ACC06930,U00773,B029,856053351112,Savings,49855,Active,12/8/2015
ACC06931,U00810,B005,820529285295,Savings,177998,Active,7/19/2018
ACC06932,U03370,B006,650310457865,Savings,347879,Active,11/16/2012
ACC06933,U02192,B027,830007992167,Savings,205914,Active,12/14/2016
ACC06934,U03791,B014,809768143026,Savings,497125,Active,3/4/2010
ACC06935,U03161,B013,120602182964,Savings,42069,Active,12/19/2017
ACC06936,U03438,B003,187846050028,Savings,255831,Active,3/9/2020
ACC06937,U02252,B008,559878300987,Savings,80431,Active,5/4/2014
ACC06938,U00262,B009,978901331443,Savings,259132,Active,10/15/2015
ACC06939,U03901,B005,313569755634,Current,426384,Active,6/8/2020
ACC06940,U04313,B028,867664251071,Savings,81142,Active,4/27/2014
ACC06941,U02503,B005,660362481958,Savings,442942,Active,7/18/2010
ACC06942,U00652,B029,120377627291,Savings,471869,Active,8/7/2012
ACC06943,U04959,B020,123952629487,Savings,220724,Active,7/17/2016
ACC06944,U03024,B010,936565249456,Savings,407270,Active,5/5/2018
ACC06945,U03543,B002,496899318892,Savings,49669,Active,3/16/2013
ACC06946,U03853,B015,668777587871,Savings,66531,Active,8/31/2019
ACC06947,U04114,B011,263817840117,Savings,341407,Active,9/9/2016
ACC06948,U04404,B011,595329745236,Savings,490028,Active,5/2/2014
ACC06949,U02200,B006,118843377683,Savings,152999,Active,3/22/2023
ACC06950,U02612,B016,810613924422,Savings,4180,Active,3/13/2023
ACC06951,U00363,B019,453650975164,Savings,365555,Active,11/13/2011
ACC06952,U01162,B007,789256653793,Savings,321321,Active,12/4/2021
ACC06953,U03662,B020,292178402901,Savings,113966,Active,6/7/2012
ACC06954,U04461,B009,704248082380,Savings,161445,Active,11/17/2013
ACC06955,U01852,B022,667532176753,Savings,84377,Active,12/5/2014
ACC06956,U02308,B003,873763532766,Savings,287962,Active,2/12/2014
ACC06957,U03997,B024,220472877405,Savings,424498,Active,11/15/2021
ACC06958,U03155,B007,207330075212,Savings,374962,Active,10/29/2010
ACC06959,U02931,B008,258035207957,Current,114702,Active,7/5/2022
ACC06960,U00868,B022,316903990060,Savings,448709,Active,11/11/2017
ACC06961,U01319,B017,835276705096,Savings,245495,Active,12/10/2013
ACC06962,U01921,B004,909678322072,Savings,393367,Active,12/4/2011
ACC06963,U00872,B014,759706550510,Savings,191258,Active,8/5/2021
ACC06964,U02209,B027,161792270611,Savings,481701,Active,10/22/2017
ACC06965,U01434,B007,752421067087,Savings,118997,Active,5/11/2010
ACC06966,U00661,B001,655714223378,Savings,399496,Active,10/20/2019
ACC06967,U00265,B017,394331574343,Savings,401311,Active,1/1/2015
ACC06968,U01810,B011,962013242833,Savings,8446,Active,7/12/2022
ACC06969,U01167,B021,766290418203,Savings,308279,Active,5/16/2013
ACC06970,U01606,B013,377452808688,Savings,337676,Active,5/22/2016
ACC06971,U02171,B001,779550951891,Savings,7836,Active,12/24/2011
ACC06972,U04861,B008,963369476948,Savings,333310,Active,4/9/2024
ACC06973,U02862,B025,286386785631,Savings,129574,Active,1/3/2023
ACC06974,U00450,B024,589398908350,Current,331372,Active,6/29/2012
ACC06975,U03342,B010,395444702818,Savings,47919,Active,3/27/2010
ACC06976,U02171,B024,221877732192,Savings,116302,Active,7/22/2020
ACC06977,U04395,B009,712946162667,Savings,469270,Active,5/22/2013
ACC06978,U04914,B027,816017871486,Savings,474374,Active,7/26/2016
ACC06979,U01657,B025,216188273979,Savings,88684,Active,12/16/2012
ACC06980,U01668,B003,872285825284,Savings,34638,Active,6/23/2018
ACC06981,U01192,B009,274138122494,Savings,33138,Active,1/28/2014
ACC06982,U02023,B002,870085360333,Savings,460529,Active,8/11/2024
ACC06983,U02038,B014,807016051788,Savings,493248,Active,9/3/2023
ACC06984,U04663,B026,344186961095,Savings,437421,Active,9/15/2015
ACC06985,U03740,B024,658195712233,Savings,346360,Active,9/23/2012
ACC06986,U00280,B026,944632670725,Savings,259476,Active,4/27/2018
ACC06987,U00819,B012,443416436130,Savings,207789,Active,1/9/2014
ACC06988,U01100,B017,900769495086,Savings,264241,Active,11/11/2014
ACC06989,U02764,B030,373455537838,Savings,250566,Active,1/23/2019
ACC06990,U01047,B018,795275336883,Savings,162210,Active,1/8/2021
ACC06991,U00235,B002,279702145714,Savings,49941,Active,5/18/2018
ACC06992,U04677,B001,767495551608,Savings,335274,Active,12/15/2017
ACC06993,U04439,B005,271869807974,Savings,490333,Active,7/29/2013
ACC06994,U02954,B012,859259873031,Savings,413243,Active,2/9/2016
ACC06995,U03939,B030,126474614992,Savings,368014,Active,3/15/2013
ACC06996,U02097,B021,223033364416,Savings,163927,Active,3/1/2017
ACC06997,U04553,B002,909614829916,Savings,465843,Active,10/3/2011
ACC06998,U02983,B010,971920926481,Savings,389464,Active,10/5/2014
ACC06999,U04160,B003,154271256954,Savings,381804,Active,8/28/2016
ACC07000,U04480,B029,662408501954,Savings,102049,Active,7/27/2011
