user_id,first_name,last_name,gender,mobile_number,location_id,dob,registration_date,kyc_status
U00001,Aarav,Ali,Male,8291311248,L005,2/26/1984,5/30/2023,Verified
U00002,Salman,Nair,Male,6770738034,L015,7/20/1993,1/7/2019,Verified
U00003,Vivek,Sikdar,Male,8669438064,L018,3/4/1972,4/27/2021,Verified
U00004,Aparna,Syed,Female,7293540393,L039,2/28/2007,10/29/2024,Verified
U00005,Kishore,Reddy,Male,9299729446,L005,1/11/1958,1/21/2021,Verified
U00006,Uma,Pawar,Female,8400817759,L005,5/8/1979,6/25/2023,Verified
U00007,Harini,Khanna,Female,6745538637,L037,9/11/1996,2/11/2024,Verified
U00008,Rudra,Bhatia,Male,8543803486,L008,8/21/2002,6/1/2019,Verified
U00009,Vaishnavi,Gill,Female,9255218568,L013,7/29/1967,1/7/2023,Verified
U00010,Naresh,Pawar,Male,8288160707,L017,2/7/1973,11/9/2024,Verified
U00011,Ramesh,Shinde,Male,8988974496,L005,7/20/2006,9/26/2024,Verified
U00012,Divya,Arora,Female,9119322667,L011,6/24/1997,6/4/2023,Verified
U00013,Hemant,Menon,Male,7677824346,L003,8/3/1983,12/31/2018,Verified
U00014,Aryan,Shaikh,Male,9706824948,L021,6/17/1959,12/6/2018,Verified
U00015,Rakesh,Saha,Male,9246895339,L021,11/6/2001,6/28/2020,Verified
U00016,Ashish,Narang,Male,7490598526,L008,2/16/1984,8/20/2017,Verified
U00017,Sameer,Chatterjee,Male,6275499824,L042,7/31/2006,8/8/2017,Verified
U00018,Tushar,Saxena,Male,6720836874,L016,8/16/1966,6/4/2023,Verified
U00019,Deepak,Syed,Male,8135404160,L047,10/26/1962,5/2/2018,Pending
U00020,Madhuri,Ghosh,Female,7769360808,L030,6/1/1994,6/18/2017,Verified
U00021,Bhavesh,Nigam,Male,8997367705,L015,9/1/2007,8/23/2024,Verified
U00022,Advik,Pinto,Male,6956413932,L047,6/5/1971,5/26/2024,Verified
U00023,Hina,Deshmukh,Female,7400798266,L001,3/22/1993,6/17/2022,Verified
U00024,Jatin,Chopra,Male,8126203045,L010,12/12/2007,12/26/2022,Verified
U00025,Vedant,Gupta,Male,6926079912,L016,8/26/1994,10/2/2025,Verified
U00026,Lavanya,Rawat,Female,8962500906,L009,5/25/2006,1/28/2018,Verified
U00027,Simran,Ansari,Female,8436508228,L007,9/28/1990,11/12/2021,Verified
U00028,Tanvi,Mishra,Female,9339291802,L020,10/1/1991,10/29/2022,Verified
U00029,Kunal,Deshmukh,Male,7278342055,L043,11/22/1977,2/3/2020,Pending
U00030,Renu,Patel,Female,9447189727,L042,8/19/1993,9/13/2020,Verified
U00031,Monika,Roy,Female,8972736225,L029,6/29/2000,6/13/2017,Verified
U00032,Tanya,Ansari,Female,9159483365,L022,7/9/1962,5/12/2023,Verified
U00033,Bhavna,Sikdar,Female,7123261063,L048,8/14/2003,12/5/2021,Verified
U00034,Muskan,Hegde,Female,6297968774,L046,7/16/1972,6/1/2019,Verified
U00035,Rashmi,Joshi,Female,6114915722,L033,7/28/2002,7/5/2022,Verified
U00036,Ishita,Naidu,Female,8669403810,L041,3/12/1963,7/9/2017,Verified
U00037,Ishita,Ali,Female,7420901639,L025,11/13/1966,9/4/2019,Verified
U00038,Swati,Kapoor,Female,6435551218,L014,2/15/2001,2/11/2021,Verified
U00039,Ganesh,Chawla,Male,9664219369,L001,8/3/1998,7/8/2023,Verified
U00040,Vihaan,Ghosh,Male,8446799465,L022,4/1/1998,9/17/2025,Verified
U00041,Anu,Rana,Female,6201293261,L038,12/10/1977,8/28/2018,Verified
U00042,Monika,Yadav,Female,9216970810,L008,2/4/2005,10/18/2022,Verified
U00043,Tanya,Prasad,Female,7403739991,L001,6/27/1979,9/30/2022,Verified
U00044,Trisha,More,Female,9878091107,L009,12/18/1982,11/5/2022,Verified
U00045,Aditya,Pinto,Male,6186092802,L029,8/12/1960,7/24/2018,Verified
U00046,Sheetal,Pinto,Female,6672853116,L011,11/14/1958,10/29/2025,Verified
U00047,Sanjay,Kakkar,Male,7733563964,L014,7/14/1955,5/24/2020,Failed
U00048,Reyansh,Verma,Male,9123361231,L034,7/26/1960,9/14/2018,Verified
U00049,Pranav,Rawat,Male,9796168221,L024,9/9/1966,3/16/2018,Verified
U00050,Lavanya,Sharma,Female,7622181178,L002,2/13/1991,6/26/2021,Verified
U00051,Arjun,Narang,Male,9278900121,L013,1/8/1999,10/25/2025,Verified
U00052,Prachi,Bose,Female,8991606972,L006,12/18/1983,4/29/2025,Verified
U00053,Anjali,Bose,Female,7196500448,L023,12/17/1957,11/19/2023,Verified
U00054,Geeta,Mehta,Female,6550447901,L036,8/30/1980,8/28/2017,Verified
U00055,Uday,Sawant,Male,6135711886,L044,7/8/1999,9/14/2021,Verified
U00056,Sunil,Sengar,Male,8667892691,L004,4/15/1969,9/30/2017,Verified
U00057,Anusha,Sikdar,Female,7324465749,L013,9/1/1982,4/10/2021,Verified
U00058,Harsh,Bedi,Male,6614222060,L020,9/10/1974,1/18/2018,Pending
U00059,Rupal,Mathew,Female,6596164108,L009,11/29/1957,11/16/2022,Verified
U00060,Rehan,D'Souza,Male,6802882621,L028,5/27/1975,5/4/2025,Pending
U00061,Palak,Pillai,Female,9287595453,L041,6/30/1970,8/6/2022,Verified
U00062,Anjali,Rana,Female,9676221202,L048,7/7/1960,8/1/2021,Failed
U00063,Siddharth,Yadav,Male,8612069894,L007,4/7/1966,6/24/2023,Verified
U00064,Anil,Chopra,Male,6509537321,L022,2/12/1994,6/17/2019,Verified
U00065,Tanya,Saxena,Female,8414613775,L004,3/29/1990,4/29/2020,Verified
U00066,Navya,Kulkarni,Female,7134302549,L030,4/16/1968,1/4/2024,Verified
U00067,Alina,Mathew,Female,8216768724,L005,6/30/1961,5/15/2025,Verified
U00068,Rishabh,Nair,Male,7469040292,L040,2/12/1962,7/22/2019,Pending
U00069,Kusum,Mehta,Female,7777490120,L012,11/1/1972,3/14/2023,Verified
U00070,Kishore,Mehta,Male,6195018328,L020,7/15/1981,5/4/2019,Verified
U00071,Vivek,Chopra,Male,8886351293,L046,10/25/1991,11/21/2019,Verified
U00072,Monika,Rao,Female,7672714841,L011,6/13/2003,1/7/2020,Pending
U00073,Aarav,Jain,Male,6302587509,L022,11/17/2005,4/21/2023,Verified
U00074,Pranav,Kapoor,Male,6421809279,L025,11/24/1971,11/24/2020,Verified
U00075,Palak,Dubey,Female,6276787335,L014,8/11/1962,7/7/2020,Verified
U00076,Deepak,Lalwani,Male,9602459518,L037,6/1/2002,2/23/2025,Verified
U00077,Sanjana,Joshi,Female,6293695571,L045,5/24/1956,8/23/2017,Verified
U00078,Meera,Kakkar,Female,7851267763,L011,2/26/1965,12/28/2025,Verified
U00079,Sanjay,Joseph,Male,8784096074,L009,5/31/1994,3/25/2021,Verified
U00080,Sunita,Sidhu,Female,9105648085,L013,2/26/1978,5/15/2017,Verified
U00081,Shruti,Agarwal,Female,6655405813,L030,11/21/1987,6/12/2020,Verified
U00082,Kanchan,Verma,Female,9371457934,L036,1/3/2007,5/19/2025,Verified
U00083,Rudra,Khan,Male,6512301694,L005,11/18/1998,10/17/2021,Verified
U00084,Rishabh,Arora,Male,7462335029,L014,2/17/1959,7/14/2020,Verified
U00085,Geeta,Puri,Female,6638482932,L030,11/7/1964,2/9/2017,Verified
U00086,Sowmya,Nair,Female,7534930547,L041,3/22/1991,6/22/2017,Verified
U00087,Tarun,Nair,Male,6203813622,L043,8/10/1965,12/4/2018,Verified
U00088,Purnima,Dubey,Female,9657876420,L046,2/15/1975,5/17/2021,Verified
U00089,Arnav,Goel,Male,9120650783,L012,4/11/1957,5/21/2022,Verified
U00090,Vivaan,Kakkar,Male,7892304870,L034,7/8/1967,1/7/2019,Verified
U00091,Prachi,Lalwani,Female,9523070842,L042,3/12/1986,3/13/2021,Verified
U00092,Niharika,Ali,Female,7730336548,L024,8/20/1997,9/26/2020,Verified
U00093,Navya,Malhotra,Female,7661527843,L041,4/3/1960,7/30/2021,Verified
U00094,Payal,Lalwani,Female,8553940220,L040,12/25/1985,6/17/2022,Verified
U00095,Alina,Sandhu,Female,9670800419,L030,10/14/1958,10/27/2024,Verified
U00096,Kiara,Rao,Female,8981909651,L009,11/26/1957,5/31/2022,Verified
U00097,Sowmya,Bose,Female,8937396310,L026,12/13/2001,7/11/2024,Verified
U00098,Vivek,Jadhav,Male,8679006941,L003,10/13/1959,4/13/2023,Verified
U00099,Alina,Mukherjee,Female,8282854125,L002,1/21/1984,3/5/2020,Verified
U00100,Aman,Joseph,Male,8317299924,L027,11/25/1984,8/22/2023,Verified
U00101,Vihaan,Saha,Male,6856130624,L048,9/24/1965,3/14/2025,Verified
U00102,Tanvi,Gupta,Female,7423876496,L023,5/8/1982,1/12/2020,Verified
U00103,Bhavesh,Kalita,Male,7617875234,L001,8/21/2001,7/16/2021,Pending
U00104,Aanya,George,Female,8103027367,L003,3/12/2004,6/18/2023,Verified
U00105,Seema,Syed,Female,7528201133,L016,10/18/1966,9/11/2022,Verified
U00106,Nikita,Pawar,Female,9524207713,L007,7/30/1959,3/27/2022,Verified
U00107,Hemant,Pillai,Male,7130189339,L002,9/23/1991,8/9/2018,Verified
U00108,Farah,Baruah,Female,9501460416,L023,4/16/1998,10/12/2020,Verified
U00109,Ashish,Menon,Male,9458660374,L049,9/13/1981,10/23/2024,Verified
U00110,Ajay,Malhotra,Male,8850152859,L014,2/27/1997,11/10/2025,Pending
U00111,Mohit,Joseph,Male,6418858194,L014,12/4/1991,5/8/2021,Verified
U00112,Meera,Mahajan,Female,7118703514,L028,4/28/1956,3/2/2021,Verified
U00113,Aarav,Thakur,Male,9165453750,L017,10/9/1991,3/19/2022,Verified
U00114,Sunita,Thakur,Female,9996460077,L030,1/8/1973,5/30/2017,Verified
U00115,Sunil,Menon,Male,6476162388,L025,11/23/1973,4/24/2021,Verified
U00116,Uma,Lal,Female,6779675581,L004,6/5/1974,12/23/2023,Verified
U00117,Shubham,Rao,Male,6846835347,L028,11/20/1992,12/23/2019,Verified
U00118,Tarun,Rawat,Male,9364683102,L037,5/20/1973,6/5/2024,Verified
U00119,Aditi,Ali,Female,9204984080,L046,6/20/1979,2/9/2020,Verified
U00120,Vinod,Naidu,Male,6149125413,L040,2/4/2005,10/9/2017,Verified
U00121,Vikas,Thakur,Male,8442792703,L003,5/2/1975,6/7/2022,Verified
U00122,Sneha,Malhotra,Female,7702611488,L042,6/5/1968,6/27/2019,Verified
U00123,Ira,George,Female,9275818357,L049,5/16/1968,8/9/2021,Verified
U00124,Ruchi,Chauhan,Female,9654630991,L035,10/16/2007,10/9/2024,Verified
U00125,Amit,Mehta,Male,8349324899,L005,1/25/1986,2/26/2019,Verified
U00126,Renu,Choudhary,Female,8382635516,L043,12/7/1988,7/31/2017,Verified
U00127,Sneha,Bhardwaj,Female,9195483439,L044,2/3/1994,1/24/2020,Verified
U00128,Mayank,Mishra,Male,7167179486,L002,3/6/1993,7/13/2021,Verified
U00129,Vivek,Goel,Male,8864013508,L016,7/3/1958,12/11/2018,Verified
U00130,Kanchan,Bedi,Female,6889012637,L040,7/23/1971,9/25/2022,Verified
U00131,Gaurav,Sengar,Male,7668742597,L047,12/18/1967,1/8/2021,Verified
U00132,Priti,Verma,Female,7377128752,L029,10/28/1977,9/28/2020,Verified
U00133,Nisha,Banerjee,Female,6279217141,L005,4/23/1988,7/4/2017,Pending
U00134,Harsh,Jain,Male,6562443616,L046,10/9/2000,12/11/2024,Verified
U00135,Zaid,Bose,Male,8363193628,L020,7/19/2003,6/27/2020,Failed
U00136,Yash,Thakur,Male,7176609402,L029,8/9/1988,2/6/2018,Verified
U00137,Sheetal,Khanna,Female,6485212865,L008,6/11/1976,6/2/2025,Verified
U00138,Sowmya,Saha,Female,9348243231,L047,12/18/1969,11/10/2022,Verified
U00139,Ravi,Syed,Male,7534828430,L020,6/10/1959,9/16/2022,Verified
U00140,Asif,Kapoor,Male,7459449769,L004,11/22/1988,7/3/2024,Verified
U00141,Palak,Deshmukh,Female,9288535187,L011,11/14/1994,7/16/2018,Verified
U00142,Pradeep,Goel,Male,6286836481,L049,4/23/1976,10/1/2019,Verified
U00143,Mehak,Kapoor,Female,7746504004,L004,9/19/1957,3/15/2025,Verified
U00144,Garima,Ghosh,Female,7403882317,L043,7/30/1970,11/18/2022,Verified
U00145,Pranav,Fernandes,Male,8202199876,L044,3/5/1978,7/6/2021,Verified
U00146,Nikita,Sikdar,Female,7970450510,L040,10/28/1968,1/23/2018,Verified
U00147,Simran,Mukherjee,Female,9777539318,L042,8/17/1987,7/4/2020,Pending
U00148,Kusum,Nigam,Female,6342050839,L016,8/10/2007,3/14/2019,Verified
U00149,Naman,Dubey,Male,7825679878,L022,5/22/2003,11/7/2021,Verified
U00150,Farhan,Kapoor,Male,7138880330,L034,4/7/1990,7/8/2019,Verified
U00151,Keerthi,Narang,Female,7466131757,L019,8/12/1959,8/1/2021,Verified
U00152,Sunita,Sawant,Female,7662180625,L006,11/11/1972,3/19/2018,Verified
U00153,Dhruv,Dubey,Male,9120380092,L047,11/27/1991,4/6/2024,Failed
U00154,Vivaan,Chopra,Male,9900043179,L034,2/1/1970,1/24/2025,Verified
U00155,Ankita,Narang,Female,8357019533,L040,3/28/1979,4/5/2021,Verified
U00156,Naveen,Bora,Male,8359000971,L018,2/1/2002,3/18/2017,Verified
U00157,Sowmya,Kalita,Female,7134084831,L019,7/6/1959,1/22/2020,Verified
U00158,Harsh,George,Male,7956139919,L037,6/21/2001,8/19/2018,Pending
U00159,Sachin,Sethi,Male,6636403750,L014,4/20/2006,1/4/2017,Verified
U00160,Tarun,Malhotra,Male,8262173702,L048,7/6/2004,2/5/2018,Failed
U00161,Vinod,Khan,Male,6598328803,L018,10/8/1997,8/13/2017,Verified
U00162,Raj,Mehta,Male,9900094434,L007,3/11/1967,5/2/2024,Verified
U00163,Asif,Pandey,Male,7972890265,L037,8/1/1979,3/14/2022,Verified
U00164,Naveen,Arora,Male,9135644929,L015,5/7/1961,2/16/2024,Pending
U00165,Rehan,Suri,Male,9247332799,L017,2/17/1963,1/11/2019,Verified
U00166,Jyoti,Reddy,Female,8818230320,L023,12/23/1974,6/23/2019,Verified
U00167,Lavanya,Mehta,Female,7974082677,L039,6/21/2006,12/21/2025,Verified
U00168,Sameer,Sawant,Male,7265840822,L045,1/10/1996,7/28/2023,Verified
U00169,Sandeep,Mathew,Male,9776901998,L044,4/2/1963,1/2/2018,Verified
U00170,Sonia,Srivastava,Female,6466867406,L010,6/18/2000,3/10/2020,Verified
U00171,Gaurav,Baruah,Male,7315321535,L042,3/19/1987,10/19/2024,Verified
U00172,Ananya,Shaikh,Female,8755001731,L009,10/14/1980,9/27/2020,Verified
U00173,Naman,Saxena,Male,7348199713,L035,5/8/1982,2/27/2019,Verified
U00174,Anusha,Goel,Female,6179145616,L034,1/1/1974,4/24/2017,Verified
U00175,Danish,Arora,Male,6166829535,L035,10/13/1996,4/30/2024,Verified
U00176,Charu,Mahajan,Female,8842439741,L020,9/29/1957,2/14/2019,Verified
U00177,Vinod,Jain,Male,7822516996,L036,6/11/1978,8/3/2025,Verified
U00178,Sushma,Bedi,Female,7729621033,L019,6/30/1982,3/3/2024,Verified
U00179,Sanjay,Saikia,Male,7615288729,L037,6/9/1996,12/3/2017,Verified
U00180,Shalini,Pinto,Female,9303825576,L027,5/14/1972,3/3/2019,Verified
U00181,Swati,Patil,Female,8505272166,L004,12/9/1984,4/13/2017,Pending
U00182,Sameer,Kulkarni,Male,6898529585,L020,8/13/1969,11/6/2018,Verified
U00183,Sanjana,Puri,Female,7513148263,L042,8/18/1993,5/25/2018,Verified
U00184,Mukesh,Bhardwaj,Male,7886996713,L024,12/14/1986,7/11/2022,Verified
U00185,Rahul,Saha,Male,9517930140,L007,10/19/1963,11/23/2025,Verified
U00186,Rajesh,Saikia,Male,7351623288,L016,10/7/1991,9/12/2021,Verified
U00187,Vidya,Verma,Female,7864125606,L016,10/21/1994,3/31/2024,Verified
U00188,Aditya,Chopra,Male,6931279965,L029,4/15/1959,8/19/2019,Verified
U00189,Mercan,Chopra,Female,8759352638,L035,1/4/1966,5/19/2018,Verified
U00190,Priya,Ansari,Female,7492242326,L015,2/7/2000,11/21/2017,Verified
U00191,Vijay,Joshi,Male,8270258986,L008,5/23/1968,6/20/2021,Verified
U00192,Komal,More,Female,6855022091,L013,1/19/1963,6/5/2017,Failed
U00193,Sowmya,Mehta,Female,9451238400,L007,12/28/1957,9/8/2018,Verified
U00194,Salman,Pillai,Male,8331674604,L047,11/19/1981,8/17/2022,Verified
U00195,Pankaj,Hegde,Male,8732042487,L033,1/21/1975,3/14/2025,Verified
U00196,Dinesh,Lalwani,Male,7799543952,L007,6/9/1987,1/23/2018,Verified
U00197,Nisha,Patil,Female,7461093880,L043,8/25/1982,8/20/2017,Verified
U00198,Madhuri,Banerjee,Female,9662195062,L005,10/17/1981,3/28/2020,Verified
U00199,Naveen,Pereira,Male,9536826316,L034,2/5/1983,4/22/2022,Verified
U00200,Farah,Thomas,Female,6383567988,L014,4/29/1959,12/27/2025,Verified
U00201,Kanchan,Khanna,Female,8918897431,L035,12/21/1991,10/26/2017,Verified
U00202,Rupal,Iyer,Female,8233237329,L041,8/2/1992,4/16/2022,Verified
U00203,Rekha,Nair,Female,9602074438,L029,11/8/2002,7/3/2025,Verified
U00204,Ganesh,Banerjee,Male,8310463362,L023,5/3/1963,6/12/2022,Verified
U00205,Aditya,Sikdar,Male,8548480092,L004,7/13/1986,6/14/2020,Verified
U00206,Alina,Chatterjee,Female,9968774456,L001,2/1/1955,5/15/2020,Pending
U00207,Kishore,Singh,Male,9715309828,L012,9/15/1989,12/29/2023,Verified
U00208,Rohit,Chopra,Male,9902312888,L005,2/11/2003,1/11/2020,Verified
U00209,Nandini,Qureshi,Female,9313717977,L032,2/6/1958,5/20/2023,Verified
U00210,Zoya,Qureshi,Female,7865162511,L050,3/15/1961,6/14/2025,Verified
U00211,Naman,Kulkarni,Male,8600790312,L033,8/1/1987,4/15/2025,Pending
U00212,Sakshi,Thomas,Female,6825277587,L044,1/6/1966,6/28/2025,Verified
U00213,Siddharth,Verma,Male,6708846074,L028,2/23/1963,4/30/2024,Verified
U00214,Harshit,Arora,Male,7609621418,L013,8/14/1992,8/16/2023,Pending
U00215,Aditi,Shaikh,Female,7614517098,L028,7/29/2004,11/16/2020,Verified
U00216,Bharti,Kohli,Female,6781037109,L031,2/16/1991,6/4/2022,Verified
U00217,Komal,Kulkarni,Female,7803791192,L009,10/9/2004,3/5/2022,Verified
U00218,Ravi,Bora,Male,8445021685,L031,12/23/1977,2/1/2017,Verified
U00219,Kavya,Suri,Female,9501805836,L050,3/2/1990,2/7/2023,Pending
U00220,Komal,Srivastava,Female,8266083691,L034,8/24/1964,1/7/2025,Verified
U00221,Ruchi,Jain,Female,6737894923,L029,10/4/1982,1/5/2025,Verified
U00222,Naveen,Saikia,Male,7502897175,L009,4/21/1967,8/28/2017,Verified
U00223,Geeta,Choudhary,Female,9692203116,L029,4/10/1980,2/12/2017,Failed
U00224,Purnima,Saikia,Female,7268368954,L036,1/17/1957,7/15/2018,Verified
U00225,Niharika,Sikdar,Female,7638569977,L001,11/6/1957,7/9/2022,Verified
U00226,Aarav,Negi,Male,8423363470,L037,8/18/1995,9/1/2017,Verified
U00227,Trisha,Chawla,Female,6660777887,L039,12/28/1977,7/15/2025,Verified
U00228,Ayush,Joshi,Male,7191939595,L045,8/18/1982,8/28/2024,Pending
U00229,Ritvik,Yadav,Male,8181457682,L047,8/8/1969,4/7/2025,Verified
U00230,Sameer,Gill,Male,7757991622,L021,12/27/1979,6/21/2024,Verified
U00231,Raj,Choudhary,Male,7436136406,L004,3/8/1990,11/13/2017,Verified
U00232,Harsh,Jain,Male,8201708020,L009,9/25/1991,7/30/2022,Verified
U00233,Niharika,Patel,Female,9411531503,L005,1/2/1971,3/8/2020,Failed
U00234,Renu,Saxena,Female,6745377880,L017,4/27/1964,5/1/2025,Pending
U00235,Raj,Mishra,Male,9744171735,L042,10/8/1999,5/29/2020,Verified
U00236,Charu,Yadav,Female,8197991097,L040,4/11/1999,11/28/2021,Verified
U00237,Vihaan,Sengar,Male,9913551490,L036,9/25/1980,2/12/2019,Failed
U00238,Radhika,Shaikh,Female,7238411782,L044,8/19/1991,8/3/2020,Verified
U00239,Ankita,Fernandes,Female,6881152363,L030,7/26/1958,2/16/2023,Pending
U00240,Preeti,Ahuja,Female,9814425140,L019,11/6/2005,3/31/2017,Verified
U00241,Dhruv,Chawla,Male,9962893484,L005,7/7/2005,3/7/2023,Verified
U00242,Dinesh,Sethi,Male,9155616137,L027,10/8/1992,11/13/2022,Verified
U00243,Madhu,Sidhu,Female,6991069676,L004,9/19/1990,11/27/2022,Verified
U00244,Komal,Shinde,Female,6195809425,L042,8/16/1965,2/20/2023,Failed
U00245,Uday,Banerjee,Male,9381531379,L030,4/10/2002,12/20/2025,Verified
U00246,Nazia,Nigam,Female,8153012874,L024,3/6/1973,5/25/2017,Verified
U00247,Aisha,Naidu,Female,7113760680,L009,10/22/2004,4/4/2023,Verified
U00248,Nisha,Mehta,Female,9410103702,L021,12/22/1992,9/3/2017,Verified
U00249,Salman,Negi,Male,9303527168,L020,4/25/1973,7/5/2020,Verified
U00250,Muskan,Srivastava,Female,8388453712,L038,8/9/1973,1/31/2021,Pending
U00251,Abhishek,Chopra,Male,7127685807,L002,4/24/1957,10/9/2018,Verified
U00252,Ayaan,Singh,Male,9462560390,L030,9/20/1999,4/15/2023,Verified
U00253,Kanchan,Saha,Female,6196915278,L013,9/6/1956,6/6/2020,Verified
U00254,Sandeep,Kalita,Male,8401975875,L036,5/5/1985,2/19/2022,Verified
U00255,Myra,Prasad,Female,7188574821,L017,2/10/1972,2/13/2024,Verified
U00256,Noor,Lalwani,Female,6108343679,L002,5/30/1956,8/1/2022,Verified
U00257,Vihaan,Suri,Male,7836175485,L030,12/26/1980,12/5/2022,Failed
U00258,Chirag,Bedi,Male,9612262693,L026,7/11/1969,4/3/2022,Pending
U00259,Khushi,Kohli,Female,6197552136,L001,1/24/1994,1/22/2023,Verified
U00260,Garima,Bhatia,Female,9235269208,L047,2/16/1982,1/31/2019,Verified
U00261,Aryan,Mathew,Male,7763885800,L022,12/20/1985,7/26/2017,Verified
U00262,Khushi,Rao,Female,9525062652,L033,11/27/1981,8/23/2025,Verified
U00263,Hina,Prasad,Female,9727985863,L001,6/11/1965,4/25/2020,Verified
U00264,Siya,Sengar,Female,6787678590,L043,4/18/2000,4/15/2017,Verified
U00265,Imran,Negi,Male,6777058281,L030,8/9/1999,11/29/2022,Verified
U00266,Mehak,Pandey,Female,6416465158,L020,8/15/1997,4/18/2017,Verified
U00267,Riya,Syed,Female,7192605232,L033,6/19/1984,7/24/2020,Verified
U00268,Parth,Khan,Male,7607423574,L048,9/4/1995,5/2/2025,Verified
U00269,Sara,Verma,Female,7460834442,L020,2/20/1988,1/31/2020,Verified
U00270,Varun,Chatterjee,Male,7975125349,L032,8/6/1969,11/12/2020,Verified
U00271,Geeta,Soni,Female,7850563625,L041,6/28/2001,6/17/2025,Verified
U00272,Mayank,Saikia,Male,6343169667,L016,9/24/1959,7/21/2020,Pending
U00273,Uday,Qureshi,Male,7938939342,L041,1/14/2001,12/24/2023,Verified
U00274,Ishita,Lalwani,Female,8668664923,L044,1/8/1975,4/2/2024,Verified
U00275,Vidya,Jain,Female,8332270921,L031,7/23/1989,3/14/2021,Verified
U00276,Naveen,Nigam,Male,7896108602,L024,8/13/1997,4/29/2023,Verified
U00277,Ritvik,Ghosh,Male,9801493039,L010,4/2/1995,6/13/2021,Pending
U00278,Abhishek,Khan,Male,6844390573,L049,1/21/1984,4/5/2024,Verified
U00279,Armaan,Saha,Male,6841438098,L010,8/1/1973,4/10/2021,Verified
U00280,Sara,Mehta,Female,8859669970,L048,7/29/1999,1/24/2019,Verified
U00281,Pankaj,Sikdar,Male,8727318107,L025,6/22/1956,2/8/2019,Verified
U00282,Seema,Thomas,Female,7292086272,L037,10/22/1982,11/20/2018,Verified
U00283,Raj,Ghosh,Male,9543796624,L002,5/20/1970,11/28/2025,Verified
U00284,Naveen,Shetty,Male,8129569302,L026,7/28/2002,7/11/2021,Verified
U00285,Tushar,Shetty,Male,6485480468,L018,1/2/1999,2/21/2017,Verified
U00286,Deepika,Baruah,Female,8282544034,L009,7/25/1977,9/29/2024,Verified
U00287,Pranav,Bansal,Male,6435273529,L019,4/30/2000,1/3/2018,Verified
U00288,Fatima,Naidu,Female,7456726412,L010,7/26/1976,1/28/2018,Verified
U00289,Varsha,Shinde,Female,7305568431,L007,9/8/2003,1/5/2017,Verified
U00290,Anil,George,Male,7292888631,L015,11/22/1999,6/23/2023,Verified
U00291,Pooja,Sethi,Female,7875013718,L030,2/28/1998,3/3/2025,Verified
U00292,Sumit,Jain,Male,8833762646,L038,9/20/1963,12/10/2020,Verified
U00293,Radhika,Nigam,Female,9668911912,L032,1/16/1972,1/7/2021,Verified
U00294,Hemant,Gill,Male,8140208231,L042,1/22/1983,8/22/2025,Pending
U00295,Aditya,Naidu,Male,6260711069,L010,9/3/1973,11/24/2018,Verified
U00296,Ayaan,Mehta,Male,6168320713,L030,2/26/1962,1/2/2023,Verified
U00297,Manish,Shetty,Male,9133249279,L039,12/28/1965,8/7/2025,Verified
U00298,Meera,Malhotra,Female,7268920827,L036,4/27/1978,11/11/2019,Verified
U00299,Ashish,Pereira,Male,9143842619,L012,10/27/2005,5/22/2018,Pending
U00300,Rehan,Banerjee,Male,9210157387,L036,7/16/1966,1/1/2024,Failed
U00301,Lavanya,Pinto,Female,6187398088,L020,12/20/2001,1/9/2024,Verified
U00302,Tejas,Thakur,Male,6102964633,L025,2/21/1988,7/26/2017,Verified
U00303,Khushi,Das,Female,8486638686,L045,10/16/2003,4/4/2020,Verified
U00304,Sonia,Menon,Female,9196589329,L008,10/11/1974,11/5/2020,Verified
U00305,Seema,Jadhav,Female,8512528151,L049,7/15/2007,8/3/2017,Verified
U00306,Myra,Baruah,Female,6527990167,L043,9/2/1972,1/15/2019,Verified
U00307,Indu,More,Female,7787157893,L047,6/20/1964,2/1/2025,Verified
U00308,Kiara,Saha,Female,9324507862,L027,9/4/1983,10/18/2025,Verified
U00309,Akash,Gaikwad,Male,9454843349,L003,7/3/1997,8/7/2018,Verified
U00310,Kusum,Goel,Female,6591701522,L022,3/17/1964,9/12/2017,Failed
U00311,Ananya,Chauhan,Female,7829327393,L033,12/10/1990,10/9/2024,Verified
U00312,Fatima,Mehta,Female,7444876762,L043,7/7/1986,8/21/2025,Verified
U00313,Meera,Bose,Female,6655826705,L019,12/3/1990,1/3/2020,Failed
U00314,Deepak,Rawat,Male,6486140612,L043,11/18/1992,12/22/2023,Pending
U00315,Aarav,Kakkar,Male,8485699847,L019,11/22/1999,5/3/2020,Verified
U00316,Vidya,Kulkarni,Female,8907242201,L008,9/12/1967,5/18/2025,Verified
U00317,Kanchan,Singh,Female,9693841657,L020,10/11/1990,6/23/2024,Verified
U00318,Radhika,Sengar,Female,6924206102,L046,2/15/1958,5/28/2023,Verified
U00319,Advik,Negi,Male,6739868152,L026,6/3/1981,8/16/2024,Pending
U00320,Mohit,Bose,Male,9853661884,L019,10/27/1974,12/28/2022,Verified
U00321,Parth,Tripathi,Male,7351820780,L006,10/24/1982,5/6/2020,Verified
U00322,Geeta,Negi,Female,7520716028,L005,4/5/1969,2/4/2018,Verified
U00323,Anjali,Sengar,Female,6194159546,L001,7/23/1976,10/24/2022,Verified
U00324,Sameer,Ansari,Male,7144282729,L014,11/15/1968,5/11/2020,Verified
U00325,Jyoti,Kumar,Female,7836478217,L036,4/30/1969,3/28/2018,Verified
U00326,Ishaan,Iyer,Male,7538984253,L008,11/29/1959,11/11/2023,Verified
U00327,Radhika,Chopra,Female,8842033771,L012,10/14/1965,2/16/2017,Verified
U00328,Prachi,Choudhary,Female,6652081081,L031,10/2/1986,1/15/2020,Verified
U00329,Bharti,Pandey,Female,6367584539,L038,4/27/2004,8/7/2020,Verified
U00330,Kiara,Soni,Female,7514638423,L005,5/4/2003,3/12/2019,Pending
U00331,Sara,Kakkar,Female,7519389141,L043,2/4/1975,11/24/2021,Verified
U00332,Kusum,Gill,Female,9279039863,L001,4/20/1976,3/25/2024,Verified
U00333,Lokesh,Nigam,Male,7638249750,L015,7/15/2003,7/2/2025,Verified
U00334,Uma,Khanna,Female,8460431684,L003,6/30/1960,4/30/2025,Verified
U00335,Keerthi,Das,Female,6856372761,L036,2/1/1955,8/20/2020,Verified
U00336,Manav,Kumar,Male,9525110888,L016,9/5/1957,3/25/2017,Verified
U00337,Dev,Das,Male,6230770790,L040,7/18/1969,12/23/2018,Verified
U00338,Vivaan,Verma,Male,6151707415,L024,12/24/1992,1/2/2022,Verified
U00339,Harshit,Gill,Male,6699263760,L039,6/20/1994,2/26/2021,Verified
U00340,Vivek,Shaikh,Male,9873391063,L022,7/17/2003,5/2/2023,Verified
U00341,Sandeep,Ansari,Male,7602766901,L010,12/31/1964,3/31/2019,Verified
U00342,Bhavesh,Reddy,Male,9949551506,L019,7/14/1971,12/2/2019,Pending
U00343,Charu,Gupta,Female,8229695374,L047,12/3/1974,8/13/2017,Verified
U00344,Shubham,Kohli,Male,8647154738,L023,3/1/2007,1/2/2018,Failed
U00345,Nikhil,Suri,Male,9854729986,L006,5/16/1971,11/29/2022,Verified
U00346,Chhavi,Kakkar,Female,9611520411,L034,12/2/1984,7/24/2017,Verified
U00347,Laksh,Joseph,Male,6219189966,L028,1/25/1985,8/26/2023,Failed
U00348,Ruchi,Tiwari,Female,8858952755,L025,11/25/1989,8/21/2021,Pending
U00349,Jyoti,Lal,Female,6464834517,L049,12/23/2003,4/25/2017,Verified
U00350,Arnav,Pereira,Male,8501081439,L036,5/16/1960,7/27/2018,Verified
U00351,Bharti,Naidu,Female,9916630360,L027,10/26/1968,8/21/2020,Verified
U00352,Pooja,Lal,Female,7263178647,L036,7/11/1956,4/5/2022,Pending
U00353,Kiara,Kumar,Female,9840226773,L004,7/20/1964,10/11/2022,Verified
U00354,Tushar,Iyer,Male,8823642507,L022,9/6/1985,2/12/2021,Verified
U00355,Nandini,Fernandes,Female,6543772844,L014,11/14/2005,9/7/2021,Verified
U00356,Kishore,Tripathi,Male,7600186820,L001,1/11/1984,6/19/2018,Verified
U00357,Renu,Ghosh,Female,9741478148,L045,3/14/1990,7/5/2020,Verified
U00358,Rishabh,Baruah,Male,8779486599,L023,4/18/1992,11/24/2024,Verified
U00359,Yash,Rao,Male,6989073546,L014,1/17/1974,4/8/2023,Verified
U00360,Tanya,D'Souza,Female,9403852079,L036,8/3/1973,5/3/2024,Pending
U00361,Ankita,D'Souza,Female,6750934514,L024,10/23/1986,6/23/2018,Verified
U00362,Shubham,Kumar,Male,8144474129,L043,2/10/2002,9/25/2020,Verified
U00363,Sumit,Syed,Male,9381147809,L027,8/23/1990,9/19/2017,Pending
U00364,Amit,Thakur,Male,9314669799,L001,12/8/1977,3/4/2024,Verified
U00365,Saurabh,Sengar,Male,9678754501,L002,10/21/1977,7/6/2023,Failed
U00366,Navya,Bose,Female,7431358265,L006,12/16/1974,7/31/2022,Pending
U00367,Naveen,Shetty,Male,7378720378,L046,10/28/2004,6/14/2020,Verified
U00368,Ira,Patil,Female,7409151811,L044,11/23/1989,3/21/2020,Verified
U00369,Kanchan,Gaikwad,Female,7445696457,L019,6/24/2004,2/10/2020,Verified
U00370,Vidya,Thakur,Female,9891781370,L041,5/2/1968,8/28/2022,Pending
U00371,Sameer,Tiwari,Male,8393050987,L012,6/5/1956,1/10/2022,Verified
U00372,Darshan,Syed,Male,8898533706,L044,2/12/1959,1/19/2018,Pending
U00373,Kanchan,Fernandes,Female,6285309556,L018,6/25/1994,8/13/2021,Verified
U00374,Payal,Naidu,Female,7834777124,L025,3/2/1977,11/5/2019,Verified
U00375,Garima,Bhardwaj,Female,9950777321,L043,6/21/1978,6/18/2023,Pending
U00376,Mukesh,Goel,Male,8769745623,L012,9/21/1988,1/3/2019,Verified
U00377,Payal,Roy,Female,9320816673,L026,12/2/1978,2/13/2018,Verified
U00378,Ayaan,Bhatia,Male,8693346344,L029,11/16/1977,9/21/2022,Verified
U00379,Saurabh,Kumar,Male,9756610791,L025,11/27/1971,3/7/2024,Verified
U00380,Rashmi,Qureshi,Female,9937009376,L041,7/15/2003,8/23/2024,Verified
U00381,Saurabh,Saxena,Male,8369853709,L029,10/13/1992,6/15/2024,Verified
U00382,Darshan,D'Souza,Male,9202162829,L029,6/30/1967,3/6/2022,Verified
U00383,Anita,Deshmukh,Female,6501122956,L025,6/18/1994,7/5/2019,Verified
U00384,Sneha,Khanna,Female,7769802200,L050,5/1/1985,5/11/2024,Verified
U00385,Arjun,Tripathi,Male,8961710125,L002,11/25/1960,8/30/2018,Verified
U00386,Noor,Malhotra,Female,8595563456,L004,1/22/2003,11/23/2017,Verified
U00387,Manav,Sawant,Male,9277345078,L040,6/9/1982,11/22/2023,Verified
U00388,Trisha,Pandey,Female,6470159181,L010,10/27/1974,7/20/2019,Verified
U00389,Sonia,Suri,Female,9133582756,L034,4/16/1979,9/1/2022,Verified
U00390,Noor,Sengar,Female,9749284217,L006,4/6/1992,4/18/2021,Verified
U00391,Anu,Kamath,Female,7561162058,L008,4/5/1975,3/3/2022,Verified
U00392,Naveen,Mahajan,Male,6651409644,L005,6/5/1968,11/28/2023,Verified
U00393,Prachi,Menon,Female,7199686926,L037,10/1/1974,8/28/2020,Verified
U00394,Jatin,Bedi,Male,7159749118,L025,4/14/1997,7/11/2021,Verified
U00395,Abhishek,Naidu,Male,6631945227,L029,3/12/1960,9/3/2018,Verified
U00396,Aryan,Saikia,Male,7892524493,L038,7/19/2006,3/24/2019,Verified
U00397,Priti,Prasad,Female,9818430648,L008,12/15/1999,7/20/2017,Verified
U00398,Ganesh,Bhardwaj,Male,6718246196,L002,5/28/1978,11/6/2020,Verified
U00399,Vinod,D'Souza,Male,6696301906,L037,4/3/2004,6/26/2019,Verified
U00400,Krishna,Roy,Male,9698982318,L004,9/10/2002,5/12/2024,Verified
U00401,Aryan,Mehta,Male,7441852688,L043,2/13/1984,8/17/2025,Verified
U00402,Dhruv,Thomas,Male,7463854189,L030,6/18/1962,10/24/2023,Verified
U00403,Sunita,Yadav,Female,9501032983,L002,4/12/1961,3/26/2024,Verified
U00404,Rupal,Fernandes,Female,9530779825,L042,12/6/1959,4/2/2019,Verified
U00405,Sonia,Mathew,Female,8171206418,L048,2/17/1987,7/8/2020,Pending
U00406,Anu,Fernandes,Female,7468032490,L021,12/9/1989,6/15/2018,Verified
U00407,Ira,Kapoor,Female,9432488122,L034,3/18/1955,10/9/2019,Verified
U00408,Divya,Sikdar,Female,8932215713,L004,7/26/1967,9/5/2018,Verified
U00409,Anusha,Hegde,Female,8887812792,L050,9/17/2006,2/11/2017,Verified
U00410,Geeta,Thakur,Female,7981771004,L020,8/23/1988,1/11/2020,Verified
U00411,Armaan,Rawat,Male,8330484873,L033,2/23/1971,9/14/2020,Verified
U00412,Ashish,Sengar,Male,7388566661,L044,12/3/1958,11/6/2023,Verified
U00413,Ganesh,Ghosh,Male,9767222481,L012,3/20/1988,8/27/2020,Pending
U00414,Rishabh,Agarwal,Male,7699927173,L002,6/1/1977,9/8/2023,Verified
U00415,Reshma,Negi,Female,7800540191,L010,5/6/1955,7/23/2024,Verified
U00416,Ishaan,Mittal,Male,9890484735,L005,2/2/1960,12/24/2024,Verified
U00417,Dev,Pandey,Male,9303318843,L038,11/4/1963,8/19/2017,Pending
U00418,Navya,Saha,Female,9992613816,L002,7/10/1997,1/27/2024,Verified
U00419,Mercan,D'Souza,Female,7257068503,L028,2/28/2002,6/20/2022,Verified
U00420,Pankaj,Prasad,Male,8427554605,L003,6/24/1958,3/27/2017,Verified
U00421,Mohit,Gill,Male,7676258389,L020,6/21/1980,7/26/2019,Verified
U00422,Shalini,More,Female,6580414839,L045,12/10/1963,11/17/2019,Verified
U00423,Shruti,Syed,Female,6373593712,L029,3/18/1958,5/29/2024,Verified
U00424,Seema,Chawla,Female,7246479263,L010,12/6/2005,7/7/2022,Verified
U00425,Pallavi,Agarwal,Female,8783475083,L008,12/26/1977,7/17/2023,Pending
U00426,Manav,Malhotra,Male,9857838548,L018,12/9/1956,2/22/2022,Verified
U00427,Parth,Prasad,Male,7775551212,L049,6/5/1985,1/5/2021,Verified
U00428,Rakesh,Pandey,Male,6247332057,L048,9/19/1958,10/3/2021,Verified
U00429,Zaid,Saxena,Male,6534817900,L027,8/31/1989,5/15/2020,Verified
U00430,Palak,Deshmukh,Female,8506081402,L041,9/30/1976,8/8/2025,Verified
U00431,Hina,Singh,Female,7848564389,L035,5/9/1994,12/29/2020,Verified
U00432,Salman,Kohli,Male,9601426524,L011,7/4/1957,11/2/2024,Failed
U00433,Lavanya,Iyer,Female,8829473423,L016,4/17/1971,11/24/2018,Pending
U00434,Jatin,Ali,Male,7430989254,L017,2/12/1957,1/30/2017,Verified
U00435,Ishita,Bora,Female,7891890081,L013,3/12/1975,5/12/2019,Verified
U00436,Nikhil,Saxena,Male,9758743449,L002,12/4/1957,7/26/2021,Verified
U00437,Naveen,Ali,Male,9124180950,L014,9/23/1999,8/25/2023,Verified
U00438,Simran,Singh,Female,7814250966,L040,3/17/1975,9/29/2019,Verified
U00439,Gaurav,Bose,Male,9689308532,L035,12/26/2002,11/8/2020,Verified
U00440,Tarun,Syed,Male,7631484591,L042,8/24/1989,7/27/2025,Verified
U00441,Sara,Sharma,Female,9263228044,L033,11/23/1967,10/3/2024,Verified
U00442,Sanjay,Gupta,Male,7888168856,L043,2/24/1972,11/14/2023,Verified
U00443,Ira,George,Female,7382948800,L036,12/21/1959,12/12/2019,Verified
U00444,Harshit,Reddy,Male,7931970704,L032,9/22/1975,12/25/2024,Verified
U00445,Saurabh,Mehta,Male,9693497375,L035,4/12/1997,1/23/2025,Verified
U00446,Sushma,Bedi,Female,6174862964,L029,7/18/1973,3/3/2018,Verified
U00447,Deepak,Kalita,Male,8411864077,L037,9/9/1964,11/19/2024,Verified
U00448,Siya,Baruah,Female,8539166100,L006,1/14/1968,11/12/2019,Verified
U00449,Darshan,Bhardwaj,Male,6648893720,L025,12/19/1972,1/11/2023,Verified
U00450,Harsh,Gill,Male,9968587250,L031,10/6/1994,6/30/2020,Verified
U00451,Mayank,Gaikwad,Male,7489324921,L014,12/2/1986,4/6/2019,Pending
U00452,Salman,Kulkarni,Male,7448062322,L015,7/21/1969,8/14/2023,Verified
U00453,Kiran,Jain,Female,6952465715,L037,3/19/1957,2/26/2025,Verified
U00454,Sonal,Khanna,Female,6375734932,L009,6/16/1976,7/23/2018,Verified
U00455,Shyam,Rawat,Male,6764521573,L040,5/6/1994,10/2/2020,Verified
U00456,Ayush,Yadav,Male,9499769008,L046,4/24/1984,7/5/2017,Verified
U00457,Vidya,Sengar,Female,6410611470,L025,1/1/1988,4/24/2018,Verified
U00458,Prachi,Chawla,Female,8285399878,L015,6/12/1995,11/15/2017,Verified
U00459,Akash,Ghosh,Male,6609587668,L013,3/11/1974,4/20/2022,Pending
U00460,Lokesh,Mehta,Male,7468914048,L011,5/19/1983,10/5/2019,Verified
U00461,Priya,Rana,Female,6812094373,L011,12/18/1990,2/2/2024,Verified
U00462,Sowmya,Mukherjee,Female,6756737166,L042,6/17/1987,3/3/2025,Verified
U00463,Nazia,Mehta,Female,7603786858,L016,10/15/1956,12/31/2025,Verified
U00464,Siya,Sandhu,Female,8349148925,L050,3/15/2006,9/29/2021,Verified
U00465,Nandini,D'Souza,Female,6415391201,L030,11/1/1981,6/7/2021,Verified
U00466,Shaurya,Tiwari,Male,8140487331,L018,5/29/2006,5/19/2024,Verified
U00467,Kishore,Fernandes,Male,8269083797,L003,3/8/1996,9/2/2023,Verified
U00468,Rajesh,Chopra,Male,7450848990,L038,11/2/1993,9/18/2022,Verified
U00469,Anil,Ali,Male,8432047197,L050,5/14/1971,6/16/2017,Verified
U00470,Muskan,Sawant,Female,6969852349,L015,8/11/1963,7/31/2017,Verified
U00471,Nitin,Syed,Male,9852884524,L033,3/28/1986,11/23/2019,Verified
U00472,Priti,Sikdar,Female,9405742593,L004,10/2/1956,2/7/2024,Verified
U00473,Aparna,Kakkar,Female,6587534724,L016,6/6/1955,12/14/2022,Verified
U00474,Rakesh,Naidu,Male,8516924878,L031,9/4/1964,3/24/2019,Verified
U00475,Ankita,Kapoor,Female,6643949068,L042,7/11/1998,12/20/2024,Verified
U00476,Ganesh,Chatterjee,Male,6141416506,L033,1/9/2005,9/26/2017,Verified
U00477,Sanjay,Syed,Male,8574398501,L040,5/20/1960,1/26/2025,Verified
U00478,Naveen,Lal,Male,6855572799,L027,8/8/1978,2/11/2020,Verified
U00479,Ganesh,Thakur,Male,6532678806,L033,9/12/1990,6/16/2017,Verified
U00480,Muskan,Pawar,Female,7100418118,L029,8/28/1998,3/9/2024,Pending
U00481,Divya,Ahuja,Female,8337785370,L018,11/23/1957,10/12/2022,Verified
U00482,Anusha,Mukherjee,Female,8915881992,L015,6/9/1991,8/16/2024,Verified
U00483,Khushi,Chopra,Female,6327624258,L041,7/13/2000,2/16/2018,Pending
U00484,Pranav,Bansal,Male,7194764710,L018,4/13/1961,9/24/2021,Failed
U00485,Amit,Bedi,Male,8163361258,L028,11/21/1972,11/18/2021,Verified
U00486,Rekha,Patel,Female,7274629412,L013,10/31/1958,1/23/2024,Verified
U00487,Mercan,Bose,Female,8226724628,L015,8/28/2003,12/22/2021,Verified
U00488,Komal,Jadhav,Female,7651345074,L036,3/9/2000,10/31/2020,Pending
U00489,Priya,Patel,Female,6948490454,L047,7/11/2000,8/11/2023,Verified
U00490,Ayaan,Pereira,Male,7847060658,L011,1/25/1978,8/5/2024,Verified
U00491,Aarav,Fernandes,Male,8820658045,L020,3/26/1961,1/28/2025,Verified
U00492,Nazia,Thakur,Female,8612277227,L023,12/7/1963,11/25/2024,Pending
U00493,Ritvik,Bhardwaj,Male,9744732753,L033,12/19/2003,4/7/2018,Verified
U00494,Mukesh,Jadhav,Male,9401214720,L018,2/12/1974,7/16/2023,Pending
U00495,Ankit,Ghosh,Male,9863247076,L019,9/3/1962,7/10/2021,Verified
U00496,Tejas,Verma,Male,6305068029,L006,12/31/1999,1/9/2021,Pending
U00497,Radhika,Pinto,Female,9259401656,L032,10/10/1958,12/9/2022,Verified
U00498,Divya,Reddy,Female,7750491159,L022,10/11/1979,7/16/2017,Verified
U00499,Sowmya,Naidu,Female,9875435638,L020,3/9/1998,1/19/2022,Verified
U00500,Sheetal,Pawar,Female,6332269092,L010,3/22/1971,7/5/2025,Verified
U00501,Anil,Mahajan,Male,6802118349,L038,9/28/1966,11/8/2017,Verified
U00502,Arnav,Chauhan,Male,9544991899,L048,9/10/1960,3/11/2019,Verified
U00503,Chhavi,Syed,Female,6169500689,L011,1/19/1996,11/10/2023,Verified
U00504,Kiara,Negi,Female,7889453979,L017,4/28/1992,3/30/2023,Verified
U00505,Shyam,Hegde,Male,8951266905,L008,10/3/1982,9/15/2022,Verified
U00506,Hemant,Bansal,Male,7986303324,L017,7/5/1974,5/30/2022,Verified
U00507,Rehan,Kohli,Male,6243828145,L019,10/14/1991,9/30/2025,Verified
U00508,Sunita,Lal,Female,6542319189,L024,4/29/1970,7/10/2017,Verified
U00509,Kanchan,Mahajan,Female,6450500037,L001,12/23/1980,3/20/2020,Verified
U00510,Naveen,Sethi,Male,9917845182,L038,11/6/1955,12/26/2025,Verified
U00511,Komal,Soni,Female,8886464143,L047,8/8/1976,6/10/2022,Verified
U00512,Sanjay,Verma,Male,9382053140,L025,9/8/1989,3/10/2024,Verified
U00513,Manish,Lal,Male,7246366918,L001,2/7/1962,6/17/2022,Pending
U00514,Sumit,Kalita,Male,8417377581,L046,1/12/1994,3/19/2023,Verified
U00515,Kishore,Goel,Male,9496577693,L010,4/6/1970,12/22/2018,Verified
U00516,Gaurav,Jadhav,Male,8702984371,L037,10/30/1989,10/5/2025,Verified
U00517,Anusha,Arora,Female,8468197917,L012,8/21/1990,11/18/2018,Failed
U00518,Harini,Jain,Female,6718629698,L023,8/13/1965,5/8/2023,Verified
U00519,Trisha,Sidhu,Female,7968484293,L004,6/13/2000,8/22/2023,Verified
U00520,Manish,Suri,Male,9978937484,L042,2/13/2006,2/21/2022,Verified
U00521,Diya,Dubey,Female,7214715995,L019,8/25/1963,6/20/2022,Pending
U00522,Kusum,Shetty,Female,8854426532,L002,2/2/1999,1/26/2021,Verified
U00523,Tanvi,Pinto,Female,9556619366,L001,5/18/1986,6/6/2023,Verified
U00524,Sushma,Tiwari,Female,9989861814,L019,2/8/2004,4/9/2017,Verified
U00525,Nandini,Saha,Female,6401278075,L017,11/29/1983,6/3/2023,Pending
U00526,Rudra,Tiwari,Male,7542231127,L025,9/14/1959,12/5/2022,Verified
U00527,Kartik,Tripathi,Male,6153838191,L036,8/28/1959,8/12/2024,Failed
U00528,Siya,Kamath,Female,7901002221,L022,10/24/2006,2/29/2020,Verified
U00529,Palak,Kohli,Female,7942084278,L040,8/21/1980,1/24/2022,Verified
U00530,Aanya,Syed,Female,8277445268,L045,10/15/1973,10/13/2025,Verified
U00531,Rajesh,Khan,Male,9701033460,L035,4/30/1999,12/4/2018,Verified
U00532,Aditi,Choudhary,Female,9472530904,L047,4/15/1972,10/9/2019,Pending
U00533,Rehan,Rana,Male,8249877850,L008,1/29/1962,4/16/2022,Verified
U00534,Saurabh,Kumar,Male,8743776775,L032,10/11/1960,5/4/2023,Verified
U00535,Naresh,Chawla,Male,8975219854,L049,10/26/1966,12/21/2024,Verified
U00536,Pankaj,Goel,Male,7358971880,L019,2/11/2004,8/8/2025,Verified
U00537,Shyam,Srivastava,Male,8986014047,L031,2/22/1994,2/20/2025,Verified
U00538,Keerthi,Banerjee,Female,8860125755,L021,6/14/1987,8/19/2017,Failed
U00539,Ayaan,Bhardwaj,Male,9921658433,L036,8/20/1992,12/2/2018,Verified
U00540,Anjali,Qureshi,Female,9593437433,L017,2/14/1993,11/8/2019,Verified
U00541,Anusha,Das,Female,8377330593,L042,3/3/1998,7/18/2021,Verified
U00542,Tanya,D'Souza,Female,7139065542,L021,12/3/1992,2/5/2022,Verified
U00543,Priti,More,Female,6993932306,L003,11/4/1965,7/24/2017,Pending
U00544,Saurabh,Patil,Male,6432875287,L026,3/4/1960,8/8/2018,Verified
U00545,Aman,Deshmukh,Male,9171037377,L028,7/14/1996,3/12/2017,Verified
U00546,Akash,Kapoor,Male,9371025320,L003,8/3/1986,3/29/2023,Verified
U00547,Kartik,George,Male,7365677848,L028,7/14/1959,5/29/2021,Verified
U00548,Naman,Dubey,Male,6388109863,L036,4/14/1957,11/7/2025,Verified
U00549,Sowmya,Ali,Female,8637585243,L036,6/7/1962,3/6/2020,Verified
U00550,Salman,Mittal,Male,9454776852,L001,2/16/1982,2/24/2017,Failed
U00551,Aarav,Prasad,Male,8522639229,L024,10/14/2001,3/27/2021,Verified
U00552,Bhavna,Arora,Female,8107806665,L022,6/15/1991,6/22/2023,Verified
U00553,Raj,Joshi,Male,7114509088,L048,8/6/1967,1/4/2018,Verified
U00554,Tanya,Lal,Female,9705092039,L004,5/7/2003,9/13/2019,Pending
U00555,Faizan,Sikdar,Male,8172853711,L026,9/8/2002,8/18/2022,Verified
U00556,Ishita,Kohli,Female,7487316647,L010,6/28/1981,8/5/2025,Verified
U00557,Kartik,Mathew,Male,8357772292,L019,8/16/1997,7/3/2024,Verified
U00558,Pooja,Das,Female,8879627216,L002,1/24/1985,4/24/2017,Verified
U00559,Shalini,Thakur,Female,6653068511,L031,5/24/1972,1/18/2020,Verified
U00560,Harini,Khan,Female,7890052970,L008,9/5/1958,3/19/2021,Verified
U00561,Deepika,Lal,Female,9777961124,L016,9/15/1977,9/1/2019,Verified
U00562,Deepika,Gaikwad,Female,8859592866,L042,6/15/1994,8/2/2020,Verified
U00563,Salman,Mehta,Male,7760933276,L046,7/21/1991,1/20/2021,Verified
U00564,Kiara,Qureshi,Female,6226981512,L005,4/15/1958,4/30/2017,Pending
U00565,Ira,Nigam,Female,9661423187,L032,2/12/1961,11/22/2018,Verified
U00566,Tarun,Pillai,Male,8775975422,L011,11/11/2007,4/6/2022,Verified
U00567,Ashish,Jain,Male,7154493559,L043,6/18/1983,5/12/2020,Verified
U00568,Rehan,Kohli,Male,7257395119,L050,11/18/1988,5/19/2025,Verified
U00569,Ishaan,Ali,Male,7896433934,L009,10/2/1981,8/17/2019,Failed
U00570,Dev,Malhotra,Male,8547694364,L038,7/28/1962,10/8/2024,Verified
U00571,Siddharth,Shinde,Male,8405866106,L006,3/23/1958,8/20/2025,Verified
U00572,Sameer,Patil,Male,8175278312,L029,9/11/1984,12/26/2024,Verified
U00573,Rekha,Qureshi,Female,8419949845,L048,1/30/1978,11/1/2023,Verified
U00574,Naman,Agarwal,Male,8521653971,L013,4/2/1995,6/18/2024,Verified
U00575,Preeti,Sharma,Female,6162051371,L034,4/12/1961,4/14/2020,Pending
U00576,Shalini,Mahajan,Female,6588316611,L016,9/29/1955,5/20/2020,Verified
U00577,Nitin,Jadhav,Male,8720136509,L007,8/31/1984,5/22/2019,Verified
U00578,Vidya,Naidu,Female,8424174113,L019,7/17/1962,10/25/2021,Verified
U00579,Priya,George,Female,7603286739,L030,3/2/2000,5/3/2021,Failed
U00580,Tanya,Khanna,Female,9770425704,L008,7/18/1958,6/30/2019,Verified
U00581,Ajay,Mishra,Male,8771133677,L036,7/31/1996,8/23/2017,Pending
U00582,Priti,Ghosh,Female,9856989435,L017,8/16/1955,6/12/2019,Failed
U00583,Sunita,Srivastava,Female,6185034371,L037,8/3/1979,5/31/2021,Verified
U00584,Kiran,Pinto,Female,9689771384,L022,7/10/1983,8/26/2021,Verified
U00585,Arnav,Chawla,Male,9353274471,L014,1/10/1974,5/21/2023,Pending
U00586,Vijay,Iyer,Male,8457247653,L011,6/21/1993,3/11/2022,Verified
U00587,Reshma,Yadav,Female,7354104118,L025,12/19/1978,4/12/2025,Verified
U00588,Sonal,Yadav,Female,8254362408,L044,11/26/1966,2/13/2019,Verified
U00589,Vihaan,Tiwari,Male,6974446140,L007,12/15/1968,2/21/2022,Verified
U00590,Aryan,Mukherjee,Male,9543562005,L004,9/7/1978,3/9/2020,Verified
U00591,Pradeep,Chawla,Male,8654340724,L034,2/9/2007,3/23/2021,Verified
U00592,Diya,Ansari,Female,9370355035,L006,11/20/1974,6/2/2023,Verified
U00593,Rakesh,Agarwal,Male,9115441239,L010,5/17/2005,9/26/2025,Verified
U00594,Tushar,Kamath,Male,8665079608,L002,10/8/2005,1/23/2020,Verified
U00595,Ankita,Pawar,Female,9725669955,L028,2/17/2005,12/1/2022,Verified
U00596,Imran,Sengar,Male,6689163444,L046,3/16/2001,5/2/2022,Verified
U00597,Sneha,Goel,Female,9935369811,L026,4/4/1986,10/12/2024,Verified
U00598,Sanjana,Joshi,Female,7857191530,L043,10/18/1980,8/26/2017,Verified
U00599,Rohan,Joshi,Male,8549321309,L007,1/4/1974,7/8/2017,Verified
U00600,Rajat,Dutta,Male,7322200570,L019,9/17/1968,3/9/2022,Verified
U00601,Rakesh,Das,Male,7618059673,L019,2/3/1999,1/15/2017,Verified
U00602,Aditya,George,Male,8956895433,L031,6/1/1957,10/19/2019,Verified
U00603,Sakshi,Kalita,Female,7335507876,L004,12/29/1963,6/7/2018,Verified
U00604,Uday,Baruah,Male,9690131060,L001,9/14/1956,6/16/2018,Verified
U00605,Reyansh,Mahajan,Male,6161897554,L042,6/3/1967,1/2/2017,Pending
U00606,Vidya,Khanna,Female,7639261957,L008,1/3/1994,10/4/2023,Verified
U00607,Ayush,Gill,Male,9502214501,L017,10/7/2002,10/25/2022,Verified
U00608,Reyansh,Sawant,Male,6173870681,L006,2/17/1956,5/15/2021,Verified
U00609,Bhavesh,Malhotra,Male,7410452270,L003,5/13/2007,6/14/2017,Verified
U00610,Palak,Sawant,Female,9740685168,L032,7/28/1970,9/11/2024,Verified
U00611,Vidya,Pandey,Female,7678240616,L044,2/18/1969,4/13/2022,Verified
U00612,Tushar,Singh,Male,7784033582,L014,1/30/1980,9/6/2023,Verified
U00613,Shruti,Lalwani,Female,6485233997,L007,1/25/1955,10/8/2017,Verified
U00614,Aditi,Saikia,Female,8364967118,L021,12/23/1991,6/6/2021,Failed
U00615,Garima,Tripathi,Female,7840815907,L010,11/8/1970,10/24/2022,Verified
U00616,Sakshi,Khanna,Female,6779183036,L035,7/9/1985,11/5/2019,Verified
U00617,Lata,Agarwal,Female,6408831926,L043,6/14/1997,8/1/2022,Verified
U00618,Mercan,Gill,Female,8539186789,L041,4/3/1977,9/25/2017,Verified
U00619,Radhika,Kapoor,Female,9676951234,L014,10/10/1955,9/24/2023,Verified
U00620,Saurabh,Mukherjee,Male,6272840756,L045,1/21/1981,9/19/2022,Pending
U00621,Uday,Deshmukh,Male,9809724388,L028,3/13/1958,3/4/2020,Verified
U00622,Komal,Deshmukh,Female,6246709484,L005,3/18/2001,2/9/2023,Verified
U00623,Priya,Kapoor,Female,9198378460,L047,12/24/1990,5/22/2020,Verified
U00624,Darshan,Nigam,Male,6388210801,L037,9/20/2003,2/19/2021,Verified
U00625,Anjali,Menon,Female,8524457870,L005,10/31/1969,3/26/2019,Verified
U00626,Kavya,Gill,Female,7276874584,L050,6/17/1965,12/7/2024,Failed
U00627,Divya,Saikia,Female,7988564175,L014,9/22/1991,1/23/2017,Verified
U00628,Renu,Mukherjee,Female,6446995325,L025,5/8/1973,5/13/2018,Verified
U00629,Vihaan,Sidhu,Male,9493496148,L025,10/3/1966,7/14/2021,Pending
U00630,Ileana,Kumar,Female,6410940570,L040,1/17/1990,11/27/2021,Pending
U00631,Parth,Suri,Male,8726466527,L043,1/12/2005,12/12/2024,Verified
U00632,Priti,Kamath,Female,9343341119,L016,5/16/1989,7/15/2022,Verified
U00633,Mukesh,Bansal,Male,7386434913,L047,6/20/1981,2/22/2024,Failed
U00634,Hemant,Saikia,Male,7817403869,L021,10/29/1993,1/14/2020,Verified
U00635,Manav,Qureshi,Male,6380167501,L018,7/4/1990,3/26/2022,Verified
U00636,Neha,Suri,Female,8669706586,L022,5/12/1958,5/6/2017,Verified
U00637,Jatin,Ghosh,Male,8328897752,L044,10/22/1994,11/6/2022,Pending
U00638,Tarun,Roy,Male,8788373783,L044,8/31/1979,12/13/2020,Pending
U00639,Indu,Naidu,Female,6278187429,L050,3/22/1989,8/31/2018,Verified
U00640,Shreya,Mittal,Female,8312766728,L028,4/11/1976,4/18/2019,Verified
U00641,Kunal,Kalita,Male,6828780994,L023,1/23/1962,6/18/2021,Failed
U00642,Pranav,Kalita,Male,8196903923,L023,5/27/1984,7/27/2024,Pending
U00643,Vinod,Arora,Male,7936044720,L030,5/18/1959,12/26/2017,Verified
U00644,Aanya,Reddy,Female,9775610733,L015,12/25/1972,9/15/2019,Verified
U00645,Sanjana,Sharma,Female,6655458638,L008,6/27/1972,7/16/2020,Verified
U00646,Charu,Lal,Female,7977489893,L020,9/4/1960,3/28/2018,Verified
U00647,Madhuri,Kumar,Female,7612304190,L044,1/15/1979,10/10/2019,Verified
U00648,Seema,Yadav,Female,9665672634,L008,1/17/1979,4/17/2017,Verified
U00649,Kanchan,Shetty,Female,6652918519,L018,5/14/1963,5/30/2019,Verified
U00650,Harshit,George,Male,8291004099,L020,10/30/1974,12/17/2018,Verified
U00651,Mercan,Puri,Female,8539955900,L004,2/20/1989,5/30/2018,Verified
U00652,Anita,Joshi,Female,9498195109,L038,7/21/1974,9/14/2022,Verified
U00653,Rajesh,Patil,Male,9317496482,L001,4/4/1981,5/16/2024,Verified
U00654,Hina,Joseph,Female,8704015291,L018,11/16/1981,3/12/2022,Verified
U00655,Vijay,Yadav,Male,7662056159,L037,12/31/1998,9/15/2025,Verified
U00656,Rashmi,Yadav,Female,6633395272,L025,12/20/1960,2/22/2021,Verified
U00657,Aisha,Shinde,Female,9779591839,L050,2/27/1963,5/13/2019,Verified
U00658,Myra,Lal,Female,9457663930,L018,4/5/1974,2/5/2023,Verified
U00659,Hemant,Syed,Male,8781035362,L048,4/26/1977,6/29/2022,Verified
U00660,Shreya,Joseph,Female,6386915193,L018,1/15/1975,7/23/2018,Verified
U00661,Uday,Deshmukh,Male,7212977424,L013,8/14/1967,8/24/2021,Verified
U00662,Ira,Bhatia,Female,6529922395,L014,5/18/1965,3/12/2025,Verified
U00663,Shreya,Menon,Female,9437727940,L023,9/10/1995,3/29/2017,Verified
U00664,Arjun,Kalita,Male,7733762197,L025,11/18/2006,2/18/2022,Verified
U00665,Jyoti,Kumar,Female,9258139427,L019,4/11/1973,7/29/2020,Verified
U00666,Gaurav,Soni,Male,7905665929,L006,8/15/1972,4/1/2017,Verified
U00667,Pranav,Chatterjee,Male,8140041606,L011,6/18/1975,2/3/2017,Verified
U00668,Keerthi,Goel,Female,6803653260,L025,2/24/1955,5/4/2018,Pending
U00669,Anita,Negi,Female,9562561033,L027,4/30/2005,12/2/2023,Pending
U00670,Jatin,Lal,Male,7835038118,L020,9/16/2001,3/3/2021,Pending
U00671,Kavya,Gupta,Female,7350257296,L034,10/21/1983,11/22/2023,Verified
U00672,Ritvik,Prasad,Male,7980919868,L027,3/20/1988,6/5/2017,Pending
U00673,Dhruv,Kohli,Male,6257869358,L008,5/26/1985,9/9/2025,Verified
U00674,Kiran,Sawant,Female,8998471003,L001,2/27/1980,7/31/2018,Verified
U00675,Bhavesh,Dubey,Male,8738681423,L018,7/31/1961,6/26/2025,Verified
U00676,Om,Soni,Male,7741922624,L036,2/13/1975,6/3/2017,Verified
U00677,Uday,Saha,Male,6846788342,L028,5/6/1976,10/18/2025,Verified
U00678,Asif,Kalita,Male,6199738272,L050,7/15/1987,8/27/2023,Verified
U00679,Kiara,Bora,Female,7925836848,L011,4/13/1955,5/11/2020,Verified
U00680,Divya,Tripathi,Female,9336451126,L039,11/22/1965,2/11/2025,Verified
U00681,Renu,Chatterjee,Female,9420574650,L011,5/20/1960,8/17/2025,Verified
U00682,Rahul,Soni,Male,6894682543,L030,8/5/1997,7/1/2019,Verified
U00683,Meera,Chauhan,Female,7303802075,L027,8/12/1971,9/20/2023,Verified
U00684,Tejas,Joseph,Male,8950581118,L039,12/12/1984,7/12/2020,Verified
U00685,Salman,Hegde,Male,8173893285,L030,5/6/1995,5/11/2021,Verified
U00686,Amit,Iyer,Male,8465980928,L030,8/31/1987,2/1/2022,Verified
U00687,Ajay,Bhatia,Male,9912106038,L015,4/26/1971,6/18/2019,Verified
U00688,Danish,Thakur,Male,9125113632,L044,11/15/2005,7/30/2021,Verified
U00689,Chhavi,Khanna,Female,6670334795,L029,7/24/1987,8/24/2017,Verified
U00690,Sonia,Nair,Female,8280640128,L005,1/11/1981,7/23/2023,Verified
U00691,Nisha,Yadav,Female,6653679103,L002,7/9/1964,1/5/2019,Verified
U00692,Naveen,Chopra,Male,8603822459,L020,6/17/1973,6/21/2021,Failed
U00693,Navya,Mahajan,Female,6694218080,L012,8/4/2002,5/3/2017,Failed
U00694,Akash,Chopra,Male,8841016081,L016,1/26/1993,7/31/2017,Pending
U00695,Tejas,Joshi,Male,7674917217,L025,8/3/1974,5/27/2025,Pending
U00696,Ramesh,Saxena,Male,6886624363,L031,6/21/1987,2/21/2020,Verified
U00697,Hina,Srivastava,Female,9473637888,L015,5/30/1995,8/29/2023,Verified
U00698,Vikas,Agarwal,Male,8702388826,L019,10/2/2000,11/7/2020,Verified
U00699,Kiara,Yadav,Female,9651604558,L050,8/6/2000,5/14/2019,Failed
U00700,Vikas,Deshmukh,Male,9244775734,L044,10/2/1996,1/14/2024,Verified
U00701,Danish,Nigam,Male,7171383162,L032,5/21/1970,12/22/2021,Verified
U00702,Sonal,Jadhav,Female,8204736143,L050,12/2/1986,10/13/2018,Verified
U00703,Sonia,Soni,Female,7305997685,L036,10/7/1973,4/18/2022,Verified
U00704,Sandeep,Shetty,Male,9580204790,L041,8/14/1993,7/20/2020,Failed
U00705,Priya,Dutta,Female,7715443235,L048,3/28/2000,4/29/2017,Verified
U00706,Sneha,Kulkarni,Female,8153775929,L003,4/13/1976,11/13/2025,Verified
U00707,Shaurya,Goel,Male,6729839756,L012,7/25/1981,11/28/2022,Verified
U00708,Sandeep,Tiwari,Male,9271727817,L047,4/25/1969,4/4/2021,Verified
U00709,Rajat,Rawat,Male,6333936921,L032,12/10/1955,7/2/2021,Verified
U00710,Seema,Saxena,Female,6600287910,L028,6/26/1959,12/11/2025,Verified
U00711,Abhishek,Kalita,Male,8408749675,L031,6/21/1995,2/9/2023,Verified
U00712,Rudra,George,Male,7512107156,L048,5/27/1963,9/28/2022,Verified
U00713,Anjali,Kakkar,Female,7812205913,L004,9/5/1989,6/18/2021,Failed
U00714,Ravi,Lalwani,Male,9427400226,L014,7/12/1970,7/9/2019,Verified
U00715,Mukesh,Mittal,Male,8147575794,L033,7/7/1978,9/9/2021,Verified
U00716,Nikita,Thakur,Female,8949628341,L014,7/15/1982,6/10/2017,Verified
U00717,Kiara,Ansari,Female,6788474788,L041,5/5/1973,7/3/2021,Verified
U00718,Lokesh,Pinto,Male,8377568486,L005,10/3/1962,1/28/2024,Verified
U00719,Aman,Iyer,Male,6178348005,L005,10/29/1993,3/8/2017,Verified
U00720,Laksh,Reddy,Male,8231483556,L022,2/1/1972,8/17/2018,Pending
U00721,Nikita,Srivastava,Female,6630267705,L008,4/27/1993,2/22/2023,Verified
U00722,Arjun,Syed,Male,8136485229,L007,4/7/1956,2/28/2017,Verified
U00723,Neha,Bedi,Female,6327258508,L045,2/11/1966,4/30/2025,Verified
U00724,Sameer,Lalwani,Male,8508916071,L043,10/27/1977,7/31/2019,Verified
U00725,Nikita,Kakkar,Female,8370429135,L020,9/13/1968,11/13/2022,Verified
U00726,Salman,Mahajan,Male,9778977135,L022,8/7/1980,5/15/2025,Verified
U00727,Shreya,Mahajan,Female,8716780127,L027,2/6/2006,10/19/2020,Verified
U00728,Rajesh,Ansari,Male,7787108618,L026,3/5/1972,6/18/2025,Verified
U00729,Preeti,Kohli,Female,7892691337,L030,5/7/1985,7/12/2019,Verified
U00730,Dev,Dutta,Male,7705983204,L024,11/3/1966,10/9/2023,Verified
U00731,Geeta,Ghosh,Female,9439936229,L029,11/26/1993,12/18/2024,Verified
U00732,Ankita,Sandhu,Female,6452302482,L046,4/18/2004,5/15/2017,Verified
U00733,Arjun,Saikia,Male,6586458767,L024,5/16/1965,5/27/2020,Verified
U00734,Farah,Das,Female,7285948508,L049,8/10/1959,1/7/2023,Verified
U00735,Zaid,D'Souza,Male,7142104361,L026,2/28/1996,8/30/2021,Pending
U00736,Vivek,Menon,Male,7259005878,L023,9/11/1955,6/5/2022,Verified
U00737,Harsh,Dutta,Male,7448183685,L040,4/1/1975,12/17/2024,Verified
U00738,Pankaj,Bhardwaj,Male,9485235984,L029,11/13/1966,3/16/2018,Verified
U00739,Vihaan,Saxena,Male,6465746052,L004,8/13/1991,3/19/2017,Pending
U00740,Komal,Qureshi,Female,6831857133,L030,5/10/1956,3/5/2022,Failed
U00741,Om,Kakkar,Male,8691555064,L029,10/26/1964,5/21/2024,Verified
U00742,Vivek,Menon,Male,6672885187,L028,4/23/1956,3/6/2017,Verified
U00743,Ayaan,Mishra,Male,7168081530,L003,8/9/1961,12/20/2022,Failed
U00744,Monika,Roy,Female,6521817182,L029,12/25/1991,11/19/2022,Verified
U00745,Zoya,Lalwani,Female,8281404701,L032,7/19/1969,5/9/2025,Verified
U00746,Sanjay,Tiwari,Male,7338737098,L003,4/19/2001,1/16/2017,Verified
U00747,Mehak,Choudhary,Female,8524067668,L023,8/5/1983,8/29/2018,Verified
U00748,Aisha,Kumar,Female,8819195864,L032,11/29/1970,11/3/2019,Verified
U00749,Kiran,Gill,Female,9212306803,L003,6/29/1970,4/13/2021,Verified
U00750,Vaishnavi,Suri,Female,6797534590,L043,10/23/1979,7/2/2023,Verified
U00751,Bhavna,Soni,Female,9972760992,L009,7/8/1988,2/9/2017,Verified
U00752,Asif,Joshi,Male,7971104926,L020,10/29/2004,10/26/2022,Verified
U00753,Anusha,Tripathi,Female,8130229071,L022,7/5/2000,1/5/2025,Verified
U00754,Simran,Mehta,Female,8596124256,L032,4/15/1955,5/10/2025,Verified
U00755,Farah,Jain,Female,9897607018,L049,2/6/1988,10/15/2017,Verified
U00756,Vihaan,Gupta,Male,8778273552,L050,1/4/1993,4/29/2019,Pending
U00757,Sameer,Saha,Male,7672316612,L046,1/27/1977,12/6/2023,Verified
U00758,Naveen,Gaikwad,Male,6444075156,L036,6/11/2004,5/27/2019,Verified
U00759,Parth,Malhotra,Male,7191238867,L028,9/3/1977,3/21/2023,Verified
U00760,Chhavi,Bose,Female,6774458289,L022,3/20/1955,11/27/2022,Verified
U00761,Kishore,Rana,Male,8574637549,L035,5/22/1987,9/26/2024,Verified
U00762,Vikas,Kohli,Male,9509902443,L014,1/8/1985,12/19/2025,Verified
U00763,Sonia,Bansal,Female,8756485000,L028,11/6/1996,10/21/2023,Verified
U00764,Vijay,Tiwari,Male,7873061014,L037,1/21/2005,7/20/2018,Verified
U00765,Anil,Malhotra,Male,6516967839,L048,6/25/1977,12/7/2022,Verified
U00766,Aparna,Naidu,Female,7229361791,L041,12/9/1982,9/26/2024,Pending
U00767,Amit,Sethi,Male,8820437143,L023,4/18/1971,12/12/2023,Pending
U00768,Niharika,George,Female,9765809231,L033,9/9/1975,10/10/2023,Verified
U00769,Rakesh,D'Souza,Male,9267632699,L048,7/26/1976,6/11/2019,Failed
U00770,Rohan,Gaikwad,Male,6628956537,L010,5/29/1999,1/14/2021,Verified
U00771,Deepika,Saha,Female,9200331655,L025,12/10/1970,7/7/2017,Verified
U00772,Nazia,Mittal,Female,6549726497,L031,3/15/1980,12/27/2024,Verified
U00773,Harshit,Malhotra,Male,9305348204,L019,8/21/2006,3/27/2020,Verified
U00774,Geeta,Naidu,Female,7771359375,L043,9/4/1999,4/8/2019,Verified
U00775,Vidya,Verma,Female,8859017912,L005,12/17/1970,4/4/2022,Failed
U00776,Charu,Das,Female,9623114387,L009,2/13/1969,10/5/2025,Verified
U00777,Alina,Sharma,Female,6553659042,L005,10/30/1987,8/5/2019,Verified
U00778,Imran,Tripathi,Male,8441103950,L014,2/16/1990,6/14/2023,Verified
U00779,Vedant,Chawla,Male,7713111925,L037,9/30/2001,1/10/2022,Verified
U00780,Arjun,Bansal,Male,6807072238,L004,8/11/1995,12/19/2020,Verified
U00781,Mukesh,Kalita,Male,7167143801,L003,3/14/1998,2/18/2017,Failed
U00782,Ishita,Lal,Female,6576778819,L023,11/23/1974,7/9/2024,Verified
U00783,Purnima,Ansari,Female,9176221472,L046,10/1/1992,5/23/2018,Verified
U00784,Vinod,Khanna,Male,8373493528,L021,3/10/1990,8/23/2018,Verified
U00785,Mayank,Khanna,Male,9565681571,L031,7/27/1963,4/6/2023,Verified
U00786,Parth,Fernandes,Male,8663745138,L023,4/14/2003,11/3/2022,Verified
U00787,Dhruv,Sethi,Male,9131914640,L037,12/22/1977,2/2/2025,Verified
U00788,Shalini,Joshi,Female,8717986049,L022,4/11/1991,12/10/2024,Pending
U00789,Sowmya,Khanna,Female,6952587019,L030,3/6/1995,3/21/2022,Verified
U00790,Dev,Banerjee,Male,6862986885,L018,6/18/2006,6/11/2017,Verified
U00791,Atharv,Mukherjee,Male,6593751490,L045,6/29/1993,12/5/2019,Verified
U00792,Vaishnavi,Tripathi,Female,7748003398,L028,10/25/2005,5/1/2017,Verified
U00793,Priti,Sawant,Female,6723329973,L007,3/25/1969,5/10/2021,Verified
U00794,Ileana,Soni,Female,9782230007,L044,12/25/1970,8/23/2022,Verified
U00795,Sunil,Sharma,Male,7903993682,L021,10/1/2006,3/5/2019,Verified
U00796,Nandini,Yadav,Female,9954776354,L043,10/28/1979,2/27/2025,Verified
U00797,Abhishek,More,Male,9372442621,L038,7/16/1988,4/11/2024,Verified
U00798,Shalini,Soni,Female,6390056127,L044,3/9/2000,2/12/2020,Verified
U00799,Pradeep,Shetty,Male,7784406544,L008,8/10/1991,6/30/2017,Verified
U00800,Ira,Patel,Female,8825790401,L041,9/4/1994,4/9/2022,Verified
U00801,Manish,Ghosh,Male,7706162642,L029,12/17/1972,7/6/2023,Pending
U00802,Ankita,Gaikwad,Female,6994092474,L019,6/5/1974,11/5/2018,Verified
U00803,Deepak,Nair,Male,6736881203,L003,6/29/1980,3/31/2025,Verified
U00804,Arjun,Malhotra,Male,6363314459,L002,10/29/1964,5/22/2022,Pending
U00805,Darshan,Syed,Male,7319132468,L039,2/8/1987,2/3/2021,Verified
U00806,Ashish,Lalwani,Male,6360606712,L007,3/1/1976,2/15/2023,Verified
U00807,Sunil,Dutta,Male,7766331412,L039,1/17/1992,12/2/2019,Verified
U00808,Aparna,George,Female,9265387116,L035,3/18/1993,10/10/2021,Failed
U00809,Salman,Baruah,Male,7676276835,L044,6/25/1981,3/3/2023,Verified
U00810,Radhika,Mittal,Female,6209872884,L011,2/4/1960,8/28/2021,Verified
U00811,Muskan,Shaikh,Female,7790406619,L001,12/22/1976,3/25/2021,Verified
U00812,Siddharth,Srivastava,Male,9947012334,L034,4/23/1976,8/1/2025,Verified
U00813,Radhika,Pinto,Female,8590119825,L025,1/31/1995,7/9/2025,Verified
U00814,Nandini,More,Female,6618097531,L013,1/2/1975,7/5/2022,Verified
U00815,Reshma,Deshmukh,Female,9574697335,L028,8/15/1956,1/7/2019,Verified
U00816,Anu,Joseph,Female,6372044439,L031,3/21/1962,1/17/2019,Verified
U00817,Trisha,Gaikwad,Female,7823417755,L046,2/12/1979,5/15/2022,Verified
U00818,Niharika,Gupta,Female,6525207596,L022,7/27/1992,8/14/2017,Verified
U00819,Aarav,Banerjee,Male,6482396956,L031,12/12/1986,8/14/2017,Verified
U00820,Harsh,Sawant,Male,6521409150,L016,9/1/2001,1/10/2021,Verified
U00821,Advik,Shinde,Male,6468142779,L013,2/19/1955,10/31/2024,Verified
U00822,Vidya,Mehta,Female,8926109663,L030,4/27/1991,3/26/2025,Verified
U00823,Charu,Nair,Female,8935748996,L022,11/14/1977,7/29/2019,Verified
U00824,Anusha,Nair,Female,8430214792,L049,4/4/1966,6/26/2017,Verified
U00825,Anjali,Reddy,Female,9483695842,L008,1/30/1999,1/12/2022,Verified
U00826,Amit,Nigam,Male,6331313591,L031,6/12/2003,11/20/2023,Verified
U00827,Ritvik,Kumar,Male,6968947898,L025,3/29/1983,11/16/2019,Verified
U00828,Tejas,Shaikh,Male,8926644258,L030,6/2/1970,4/10/2022,Verified
U00829,Bhavesh,Thomas,Male,7519662161,L017,10/18/1995,11/11/2017,Pending
U00830,Naresh,Fernandes,Male,7774167075,L050,5/3/2001,3/9/2018,Verified
U00831,Khushi,Lalwani,Female,7895230422,L048,1/25/1995,7/1/2025,Verified
U00832,Darshan,Srivastava,Male,8895192051,L040,5/5/1976,10/16/2022,Failed
U00833,Dev,Khanna,Male,9752156112,L030,4/17/1962,1/17/2019,Verified
U00834,Amit,Lalwani,Male,9421936061,L038,8/13/1982,7/3/2025,Verified
U00835,Aditya,Banerjee,Male,8919344364,L041,10/30/1992,10/27/2020,Pending
U00836,Ishita,Thakur,Female,7483085846,L025,3/10/1969,4/15/2020,Verified
U00837,Mayank,Ghosh,Male,6403740503,L050,9/27/1965,4/2/2019,Pending
U00838,Dev,Puri,Male,6220666349,L037,3/6/2006,1/30/2024,Verified
U00839,Jyoti,Hegde,Female,7362034476,L046,1/21/1995,3/31/2023,Verified
U00840,Parth,Deshmukh,Male,9181716986,L040,6/30/2000,1/31/2025,Verified
U00841,Sonal,Das,Female,9658186089,L028,9/18/1993,3/28/2022,Verified
U00842,Aman,Dutta,Male,9862154192,L019,4/9/1967,2/1/2020,Pending
U00843,Tushar,Khan,Male,8836966127,L042,8/26/2005,10/4/2023,Verified
U00844,Raj,Fernandes,Male,7671335100,L002,11/5/1991,12/27/2023,Verified
U00845,Darshan,Malhotra,Male,9859411417,L024,2/27/1998,3/17/2025,Verified
U00846,Manav,Arora,Male,9654033334,L045,10/8/1966,9/1/2024,Verified
U00847,Saurabh,Gaikwad,Male,6874556320,L004,10/17/1957,3/10/2019,Verified
U00848,Charu,Sawant,Female,9198825911,L039,12/9/1974,3/25/2024,Verified
U00849,Vidya,Saxena,Female,9364812596,L032,5/30/1983,1/7/2020,Verified
U00850,Deepak,Rao,Male,9569325706,L019,3/28/1973,4/6/2025,Verified
U00851,Karan,Ghosh,Male,9697673158,L038,1/10/1973,11/3/2017,Verified
U00852,Trisha,Malhotra,Female,7290713571,L032,2/22/1966,9/28/2022,Failed
U00853,Deepak,Chawla,Male,7907364942,L016,11/1/1973,7/30/2020,Verified
U00854,Rehan,Khan,Male,6492809325,L049,6/13/1998,7/27/2021,Verified
U00855,Abhishek,Ansari,Male,7841460306,L006,9/3/1982,5/5/2022,Verified
U00856,Mercan,Pinto,Female,7143993900,L026,10/24/1985,9/2/2022,Verified
U00857,Navya,Rana,Female,7329442125,L006,12/24/1975,1/1/2022,Verified
U00858,Ishaan,Saikia,Male,6405807634,L017,2/27/1984,9/18/2020,Verified
U00859,Khushi,Ghosh,Female,8375197481,L045,5/4/1974,11/30/2023,Verified
U00860,Radhika,Menon,Female,6898214787,L035,7/26/1978,5/13/2017,Verified
U00861,Mukesh,Mittal,Male,7605512656,L043,3/11/1975,11/22/2025,Pending
U00862,Akash,Gupta,Male,8600164269,L005,2/11/1984,2/12/2018,Verified
U00863,Alina,Nair,Female,8313775351,L046,12/5/1992,3/19/2021,Verified
U00864,Khushi,Rawat,Female,6321682349,L041,1/19/1990,7/29/2023,Verified
U00865,Pranav,Rawat,Male,7667227234,L028,5/16/1992,11/11/2021,Verified
U00866,Saurabh,Ghosh,Male,6836390205,L043,7/18/1986,11/21/2024,Verified
U00867,Kanchan,Pandey,Female,8770770272,L011,4/26/1959,4/3/2017,Verified
U00868,Aanya,Patil,Female,8740161760,L004,7/27/1965,12/13/2020,Verified
U00869,Komal,Ansari,Female,6210924187,L044,7/10/1974,9/24/2018,Verified
U00870,Kiran,Gupta,Female,7722244744,L036,6/2/1970,12/4/2024,Verified
U00871,Tejas,Shetty,Male,6666977391,L021,11/2/1988,12/7/2021,Verified
U00872,Pooja,Sikdar,Female,9246353489,L005,8/18/1999,7/23/2024,Verified
U00873,Kanchan,Bansal,Female,7384174481,L004,1/14/1990,7/10/2017,Verified
U00874,Vihaan,Saikia,Male,6178742689,L038,11/13/1963,1/3/2020,Verified
U00875,Ravi,Pillai,Male,9367518646,L029,9/9/2001,11/3/2022,Verified
U00876,Karan,Pinto,Male,6862060593,L010,9/28/1986,8/12/2025,Verified
U00877,Akash,George,Male,6806255551,L039,11/2/1956,9/5/2017,Verified
U00878,Nikita,Reddy,Female,8121644166,L040,4/20/1964,1/21/2017,Verified
U00879,Ishita,Negi,Female,7933554926,L044,11/9/1991,4/24/2017,Verified
U00880,Muskan,Khan,Female,6606029008,L022,4/17/1973,2/2/2020,Verified
U00881,Ravi,Arora,Male,7523562616,L028,2/17/1970,11/7/2018,Pending
U00882,Saurabh,Sikdar,Male,7183316503,L035,2/19/1968,8/13/2024,Verified
U00883,Sunita,Reddy,Female,6216314755,L027,8/29/1997,3/27/2019,Verified
U00884,Aman,Ahuja,Male,9593064354,L031,10/1/1957,9/18/2024,Verified
U00885,Rakesh,Patel,Male,9687980068,L016,7/8/1956,2/5/2021,Pending
U00886,Deepika,Shaikh,Female,7691206646,L008,4/14/1971,2/22/2022,Verified
U00887,Purnima,Puri,Female,6923511277,L050,12/1/1992,10/3/2020,Verified
U00888,Deepak,Puri,Male,8917168978,L019,12/16/1956,3/7/2020,Pending
U00889,Trisha,Soni,Female,9248883502,L014,2/14/1965,9/12/2018,Verified
U00890,Amit,Sawant,Male,7763431793,L023,9/15/1987,6/12/2018,Verified
U00891,Madhuri,Sawant,Female,7855439217,L033,6/29/1986,6/12/2022,Verified
U00892,Deepak,Chauhan,Male,7300460065,L011,1/30/2000,4/19/2025,Verified
U00893,Mayank,Malhotra,Male,8413626201,L034,4/26/1960,12/11/2023,Failed
U00894,Sneha,Ghosh,Female,7638164502,L040,8/15/1958,10/29/2019,Verified
U00895,Pradeep,Puri,Male,8546357278,L050,10/9/1978,11/4/2024,Verified
U00896,Vikas,Banerjee,Male,7681312907,L008,7/9/1960,6/12/2023,Verified
U00897,Darshan,Joshi,Male,8316001365,L019,12/26/1997,4/12/2024,Pending
U00898,Advik,Patil,Male,6947131612,L046,11/28/1971,10/28/2022,Pending
U00899,Aparna,Chauhan,Female,8964323877,L015,9/30/1977,8/5/2025,Verified
U00900,Reyansh,Hegde,Male,6370511372,L004,8/13/1971,6/3/2023,Pending
U00901,Kiran,Khan,Female,9876945028,L049,2/15/1987,5/17/2025,Verified
U00902,Tejas,George,Male,9945012705,L029,2/8/2000,2/27/2023,Verified
U00903,Tanvi,Mukherjee,Female,8671153199,L002,2/25/1971,8/5/2021,Verified
U00904,Imran,Shaikh,Male,8895616900,L032,8/28/1986,1/20/2019,Verified
U00905,Raj,Pereira,Male,6667095402,L024,9/1/1974,9/2/2021,Verified
U00906,Saurabh,Naidu,Male,9103215202,L023,7/30/1958,3/26/2019,Verified
U00907,Nandini,Ghosh,Female,7277961091,L009,4/21/1971,6/1/2018,Verified
U00908,Uma,Kumar,Female,7408423813,L012,11/22/1996,1/30/2021,Verified
U00909,Sachin,Lalwani,Male,6552586196,L035,7/31/1988,10/30/2018,Pending
U00910,Ritika,Srivastava,Female,6265520187,L004,5/3/1971,7/7/2019,Verified
U00911,Nandini,Bose,Female,8252094593,L021,9/24/1994,10/21/2017,Verified
U00912,Deepika,Suri,Female,9371618490,L025,1/7/1982,4/4/2020,Verified
U00913,Kanchan,Saha,Female,7921897058,L024,12/7/1964,4/1/2025,Verified
U00914,Divya,Pereira,Female,9690830851,L024,6/28/1999,2/4/2025,Verified
U00915,Krishna,Hegde,Male,6789131295,L024,2/23/1976,3/21/2018,Verified
U00916,Trisha,Ali,Female,8508437258,L027,12/1/1970,12/22/2023,Failed
U00917,Tejas,Jadhav,Male,9622174547,L048,8/18/1972,6/30/2021,Verified
U00918,Geeta,Lalwani,Female,7802100826,L015,8/15/2005,3/8/2025,Verified
U00919,Anu,Joseph,Female,9752313638,L021,1/16/1955,6/26/2017,Verified
U00920,Nisha,Roy,Female,6743311846,L037,12/31/2004,10/24/2023,Verified
U00921,Navya,Bhatia,Female,8376363819,L015,7/25/1989,5/8/2023,Verified
U00922,Harsh,Sawant,Male,6582978624,L031,7/30/1999,8/17/2019,Pending
U00923,Vedant,Chauhan,Male,8466064519,L030,1/27/1961,11/11/2024,Pending
U00924,Lokesh,Pinto,Male,9915803902,L048,8/1/2002,2/16/2020,Verified
U00925,Deepak,Nair,Male,8523426790,L046,3/15/1994,5/6/2021,Verified
U00926,Deepak,Dutta,Male,6376436452,L046,7/26/1972,10/11/2017,Verified
U00927,Aditi,Patel,Female,6994829632,L008,1/23/1967,6/18/2025,Verified
U00928,Prachi,Kumar,Female,9420518013,L018,10/30/2003,10/6/2020,Verified
U00929,Ritvik,Rao,Male,6697444002,L049,7/13/2007,12/28/2023,Verified
U00930,Rajat,Roy,Male,9635430027,L039,7/29/1956,1/31/2020,Verified
U00931,Chhavi,Banerjee,Female,8327599398,L006,10/10/1971,12/19/2025,Verified
U00932,Aanya,Puri,Female,9664488157,L040,9/23/1978,1/26/2022,Pending
U00933,Monika,Reddy,Female,8628973972,L048,1/29/1963,5/16/2018,Verified
U00934,Radhika,Srivastava,Female,8589346178,L043,3/16/1998,10/27/2021,Verified
U00935,Sachin,Kamath,Male,9835726389,L023,7/14/1992,1/9/2019,Verified
U00936,Palak,Chauhan,Female,6270828000,L049,3/27/1993,1/19/2021,Verified
U00937,Lata,Bhatia,Female,7691069580,L030,3/10/1963,1/14/2025,Verified
U00938,Zoya,Chopra,Female,9182844324,L020,5/13/1989,8/10/2017,Verified
U00939,Ankit,Lal,Male,6923319539,L025,7/3/1969,7/15/2024,Verified
U00940,Ankita,Rao,Female,9306992749,L012,7/21/1997,5/31/2023,Verified
U00941,Sheetal,Pillai,Female,8925036045,L033,12/30/1997,3/8/2019,Pending
U00942,Anjali,Mishra,Female,8291566933,L034,12/23/1995,8/1/2022,Pending
U00943,Nikhil,Sidhu,Male,8318179900,L025,5/7/1978,5/22/2023,Verified
U00944,Vihaan,Sengar,Male,6848785943,L042,5/1/2007,12/16/2019,Verified
U00945,Ruchi,Mehta,Female,7207914134,L023,8/2/1982,6/25/2018,Verified
U00946,Anjali,Bora,Female,8486695040,L014,4/23/2006,8/21/2022,Pending
U00947,Sachin,Kumar,Male,6787852040,L015,6/6/1994,7/19/2018,Verified
U00948,Navya,Shetty,Female,8561255249,L015,4/5/1991,12/18/2020,Verified
U00949,Rekha,Chopra,Female,9487492060,L023,5/17/1984,1/21/2019,Verified
U00950,Ashish,Khan,Male,8249262347,L044,3/3/1976,3/10/2020,Pending
U00951,Amit,Naidu,Male,7319500082,L046,5/7/1995,12/8/2022,Verified
U00952,Madhuri,Yadav,Female,6141426657,L029,2/11/1985,6/24/2018,Pending
U00953,Faizan,Ali,Male,9987658569,L034,9/8/1991,11/4/2022,Verified
U00954,Sandeep,Nair,Male,6821713965,L025,10/17/1980,4/8/2025,Verified
U00955,Shaurya,Chawla,Male,8994480653,L003,10/29/1998,4/17/2025,Verified
U00956,Ishaan,Sethi,Male,7696137919,L050,7/30/1964,6/2/2023,Pending
U00957,Ileana,Negi,Female,6946238440,L025,8/22/1991,1/29/2025,Verified
U00958,Payal,Ahuja,Female,7227333783,L020,8/31/1993,12/28/2025,Verified
U00959,Aditi,Ansari,Female,9549345059,L026,11/29/1986,11/27/2025,Verified
U00960,Harini,Syed,Female,9367508551,L018,7/19/1972,10/9/2019,Verified
U00961,Rudra,Baruah,Male,8726736952,L012,2/7/1987,4/10/2022,Verified
U00962,Sushma,Khanna,Female,7264191064,L029,6/30/1984,8/29/2017,Verified
U00963,Imran,Mahajan,Male,6787437620,L002,7/31/1958,10/4/2019,Verified
U00964,Farhan,Ali,Male,7170739230,L040,2/15/1970,7/23/2025,Verified
U00965,Aman,Jain,Male,8851285628,L038,5/2/1960,11/15/2023,Verified
U00966,Sanjay,Ahuja,Male,8262045097,L029,9/8/1993,8/10/2017,Verified
U00967,Radhika,Gupta,Female,7534913953,L001,9/11/1987,9/5/2025,Verified
U00968,Raj,Pereira,Male,7220668051,L018,2/28/1978,8/22/2018,Verified
U00969,Anu,Kakkar,Female,9402607920,L046,5/6/1988,11/4/2020,Verified
U00970,Aman,Yadav,Male,9485741089,L023,5/17/1980,10/23/2023,Verified
U00971,Pooja,Syed,Female,9755645202,L013,7/22/1977,2/10/2022,Verified
U00972,Seema,Jadhav,Female,9177649930,L027,11/12/1967,11/12/2024,Verified
U00973,Mohit,Roy,Male,8493403315,L028,7/5/1998,11/25/2018,Verified
U00974,Aditya,Singh,Male,6351590462,L023,8/4/1971,10/15/2018,Verified
U00975,Vikas,Qureshi,Male,8383932990,L028,5/27/1955,3/13/2024,Verified
U00976,Manish,Das,Male,8106241929,L015,1/8/1981,11/17/2020,Verified
U00977,Radhika,Chauhan,Female,7898682109,L001,3/9/1977,12/1/2020,Verified
U00978,Deepika,More,Female,7499563531,L046,8/11/1966,11/7/2022,Verified
U00979,Shreya,Roy,Female,8914751742,L037,7/11/2000,9/24/2017,Verified
U00980,Naman,Chatterjee,Male,7947811673,L012,4/20/1955,12/31/2017,Verified
U00981,Sanjay,Soni,Male,6807857205,L018,5/13/1960,7/5/2021,Verified
U00982,Pallavi,Fernandes,Female,9350622749,L016,3/11/1960,9/21/2018,Verified
U00983,Mayank,Prasad,Male,7836514397,L017,12/7/1973,6/29/2019,Failed
U00984,Rajesh,Roy,Male,6148833389,L016,10/31/2002,2/18/2019,Verified
U00985,Anusha,Pinto,Female,8242852049,L007,1/1/1991,2/6/2019,Verified
U00986,Monika,Kulkarni,Female,7436160082,L048,1/26/1994,7/31/2023,Verified
U00987,Vihaan,Rana,Male,7899765627,L023,1/26/1996,11/30/2022,Verified
U00988,Vidya,Mathew,Female,9708212534,L043,5/6/1973,4/17/2023,Verified
U00989,Naveen,Pawar,Male,9163264661,L034,12/19/1961,2/18/2025,Verified
U00990,Shruti,Dubey,Female,7695256793,L004,4/4/1960,9/6/2025,Verified
U00991,Garima,Khanna,Female,8954509784,L001,3/8/1966,1/2/2020,Pending
U00992,Nitin,Banerjee,Male,7228641703,L031,8/21/1955,2/22/2022,Verified
U00993,Ira,Malhotra,Female,7975959619,L013,6/23/1981,8/28/2024,Verified
U00994,Aryan,Rana,Male,8940911335,L043,1/4/1987,1/24/2017,Verified
U00995,Atharv,Thakur,Male,7677036775,L001,11/21/1963,6/29/2017,Verified
U00996,Ankita,Bora,Female,8499658917,L049,10/21/2003,3/14/2017,Verified
U00997,Rashmi,Dutta,Female,7441680934,L024,7/28/1971,12/21/2025,Verified
U00998,Dinesh,Sandhu,Male,6430876047,L039,7/1/1968,12/5/2022,Verified
U00999,Varun,Malhotra,Male,7510707218,L020,10/23/1961,6/23/2019,Verified
U01000,Garima,Saikia,Female,7372211245,L022,1/19/1983,6/17/2020,Pending
U01001,Kartik,Roy,Male,9835156661,L049,10/21/1997,7/23/2020,Pending
U01002,Aanya,Shetty,Female,9336434578,L003,9/1/1969,1/28/2018,Verified
U01003,Nitin,Bhatia,Male,7435723505,L005,11/4/1978,8/30/2021,Verified
U01004,Fatima,Baruah,Female,6844340905,L024,11/18/1983,4/15/2021,Verified
U01005,Karan,Saxena,Male,7419267693,L021,2/15/1988,4/17/2023,Pending
U01006,Myra,Saha,Female,9747439729,L042,9/9/1986,7/26/2025,Verified
U01007,Kusum,Goel,Female,6265273305,L002,5/22/1995,12/18/2024,Verified
U01008,Sanjana,Saha,Female,7937650134,L028,7/29/1957,12/17/2017,Verified
U01009,Kabir,Sharma,Male,6126049144,L036,4/20/1999,5/13/2025,Verified
U01010,Pooja,Suri,Female,9862532929,L050,3/22/1995,11/28/2019,Verified
U01011,Dev,Lal,Male,7951581598,L049,2/11/2007,11/25/2025,Verified
U01012,Trisha,Mathew,Female,6771722449,L050,9/27/1991,3/19/2020,Verified
U01013,Navya,D'Souza,Female,6706062913,L026,9/18/1955,5/12/2023,Verified
U01014,Zoya,Goel,Female,7951208036,L006,9/6/1955,4/10/2020,Verified
U01015,Ayush,Fernandes,Male,9514461863,L016,6/10/1959,2/7/2022,Verified
U01016,Akash,Saikia,Male,6824594072,L011,6/19/1973,5/1/2022,Verified
U01017,Ankita,Mehta,Female,7529951956,L048,2/5/1968,4/17/2025,Verified
U01018,Priti,Bedi,Female,8220910388,L009,6/14/1964,11/24/2021,Verified
U01019,Kavya,Dutta,Female,8982306466,L005,12/31/1987,12/8/2023,Verified
U01020,Naresh,Pandey,Male,6381010986,L014,5/30/1970,7/30/2025,Verified
U01021,Siddharth,Kulkarni,Male,6631368704,L024,5/2/1996,6/15/2018,Verified
U01022,Tanya,Yadav,Female,9432692458,L040,12/20/1988,12/22/2024,Verified
U01023,Hemant,Pandey,Male,7970752295,L043,7/27/2006,11/25/2021,Failed
U01024,Asif,Patel,Male,7363900185,L044,10/2/2006,3/24/2023,Verified
U01025,Radhika,Reddy,Female,7465226477,L002,11/7/1991,4/3/2023,Verified
U01026,Noor,Nigam,Female,7812966038,L015,11/2/1998,12/23/2021,Verified
U01027,Yash,Gaikwad,Male,9179641823,L010,6/16/1958,1/11/2018,Verified
U01028,Geeta,Chawla,Female,6472821402,L017,7/29/1974,2/24/2020,Verified
U01029,Nitin,Saha,Male,7774229227,L013,11/23/1989,4/25/2024,Verified
U01030,Tanya,Shaikh,Female,7899568790,L018,3/19/1985,10/28/2018,Verified
U01031,Danish,Syed,Male,8280635374,L016,4/23/1981,9/17/2018,Verified
U01032,Siddharth,Nigam,Male,9111520182,L037,1/26/1998,8/19/2018,Verified
U01033,Vihaan,Mahajan,Male,6922898468,L044,10/5/1971,7/20/2019,Verified
U01034,Geeta,Khanna,Female,9489774671,L039,6/26/1981,6/2/2024,Pending
U01035,Varun,Sikdar,Male,6824798174,L015,12/3/1986,10/18/2017,Verified
U01036,Asif,Singh,Male,8114357437,L008,1/8/1961,7/9/2020,Verified
U01037,Parth,Shinde,Male,7630773140,L018,5/10/1994,9/7/2025,Verified
U01038,Shalini,Pillai,Female,6978859478,L028,1/6/1994,5/19/2025,Pending
U01039,Rishabh,Dubey,Male,8890863896,L024,12/22/1980,2/9/2021,Verified
U01040,Ananya,Mathew,Female,6718878477,L002,7/2/1981,6/11/2019,Verified
U01041,Ayaan,Lalwani,Male,8114576278,L050,6/20/1984,1/8/2021,Verified
U01042,Tarun,Dubey,Male,6336743616,L032,1/15/1981,10/21/2017,Pending
U01043,Rishabh,Baruah,Male,7439594295,L044,7/17/1986,11/25/2023,Verified
U01044,Nazia,Saxena,Female,7401232442,L039,11/3/1958,1/28/2022,Verified
U01045,Ashish,Agarwal,Male,6265727316,L042,10/11/1966,8/5/2019,Verified
U01046,Mercan,Singh,Female,9339453499,L014,7/6/1958,5/22/2020,Verified
U01047,Mansi,Nigam,Female,7112597620,L039,12/13/1961,10/21/2022,Verified
U01048,Anusha,Kamath,Female,6154807284,L035,8/22/1972,1/11/2021,Verified
U01049,Rohit,Thakur,Male,9299358111,L033,2/25/1963,2/4/2021,Verified
U01050,Sara,Das,Female,8816387126,L013,10/10/2006,9/12/2021,Verified
U01051,Divya,Kalita,Female,6209101754,L004,8/21/1992,9/18/2025,Verified
U01052,Divya,Bora,Female,8148941558,L001,5/11/1979,5/23/2017,Verified
U01053,Khushi,Shaikh,Female,8317387809,L008,11/26/2001,5/29/2024,Verified
U01054,Aryan,Dubey,Male,6524691537,L038,9/11/1979,9/26/2023,Verified
U01055,Mehak,Bhardwaj,Female,8913925584,L011,4/6/1985,1/7/2024,Verified
U01056,Bhavna,Tripathi,Female,8968227941,L033,6/14/1998,5/9/2022,Verified
U01057,Mercan,Negi,Female,7482038361,L032,5/11/1970,6/17/2018,Verified
U01058,Vidya,Ghosh,Female,6724815307,L022,3/26/1992,6/10/2025,Verified
U01059,Kiara,Saikia,Female,6569783361,L019,9/23/2007,11/5/2017,Pending
U01060,Krishna,Menon,Male,8301278164,L007,3/18/1966,11/9/2017,Verified
U01061,Ruchi,Rana,Female,9348213885,L050,12/10/1993,11/2/2023,Verified
U01062,Madhuri,Sawant,Female,8418476884,L011,6/19/1995,8/5/2020,Failed
U01063,Kavya,Kulkarni,Female,7780504008,L031,4/14/1966,10/31/2025,Verified
U01064,Kiara,Pinto,Female,8781321168,L045,7/26/1958,12/3/2020,Verified
U01065,Ankit,Qureshi,Male,7392431297,L044,7/16/1971,9/24/2022,Verified
U01066,Geeta,Reddy,Female,7113862762,L026,10/1/1957,3/26/2018,Verified
U01067,Rakesh,Mehta,Male,8780030053,L037,2/26/1985,7/2/2022,Verified
U01068,Aman,Yadav,Male,9688916514,L034,9/26/1976,6/5/2020,Verified
U01069,Tarun,Kamath,Male,8466837156,L038,9/19/1986,3/2/2020,Verified
U01070,Nikhil,Goel,Male,6837494791,L005,9/20/1961,6/10/2018,Verified
U01071,Salman,Menon,Male,9638306211,L004,6/9/1975,11/3/2021,Verified
U01072,Arjun,Banerjee,Male,9218283048,L011,11/5/1989,11/15/2018,Verified
U01073,Priya,Negi,Female,6959322275,L012,1/9/1983,8/11/2017,Verified
U01074,Harini,Kohli,Female,6479668224,L033,10/6/1973,12/23/2023,Verified
U01075,Fatima,Sandhu,Female,6672200320,L039,8/14/2004,3/10/2021,Verified
U01076,Ishita,Chatterjee,Female,7981061676,L016,1/30/1989,3/26/2019,Verified
U01077,Aryan,Shetty,Male,9236516979,L007,4/6/1980,11/22/2021,Verified
U01078,Naveen,Mathew,Male,6855802114,L043,4/5/1963,6/22/2022,Verified
U01079,Vijay,Nair,Male,7685977066,L023,6/23/1985,11/28/2022,Verified
U01080,Akash,Arora,Male,7540988763,L007,4/12/1994,4/25/2018,Failed
U01081,Diya,Patil,Female,6440872796,L018,9/27/2005,5/9/2017,Verified
U01082,Kiara,Lal,Female,9875543368,L012,12/15/1968,10/4/2018,Verified
U01083,Diya,Saikia,Female,8535123065,L043,1/19/1992,9/25/2020,Verified
U01084,Sara,More,Female,8807825960,L014,6/18/1996,6/27/2018,Verified
U01085,Pranav,Sandhu,Male,9628910919,L030,5/9/1958,12/23/2017,Pending
U01086,Sushma,Tripathi,Female,8881113790,L034,3/13/2001,9/3/2019,Verified
U01087,Sneha,Ansari,Female,6983546364,L037,8/5/2002,1/8/2018,Verified
U01088,Bhavesh,Mahajan,Male,6643292132,L032,6/17/2004,11/13/2025,Verified
U01089,Sonia,Joshi,Female,7143969084,L005,2/27/1998,5/3/2022,Verified
U01090,Ayush,Gaikwad,Male,9417665644,L029,8/31/1966,12/23/2024,Verified
U01091,Uday,Thakur,Male,6625159700,L045,12/8/1987,4/25/2022,Verified
U01092,Alina,Joshi,Female,7486255651,L011,1/16/1967,11/14/2024,Verified
U01093,Kishore,Sawant,Male,9142528382,L048,12/26/2001,12/29/2018,Verified
U01094,Varun,Kohli,Male,6301299076,L012,3/2/2003,11/2/2017,Verified
U01095,Ira,Gaikwad,Female,8533834798,L031,2/10/1979,1/20/2024,Verified
U01096,Pranav,Khanna,Male,7163610150,L014,8/9/1999,2/25/2017,Verified
U01097,Hemant,Kohli,Male,8304867288,L023,7/2/1959,2/21/2018,Verified
U01098,Mansi,Narang,Female,9905106126,L016,9/25/2003,9/22/2020,Verified
U01099,Sara,Bedi,Female,7943567607,L032,3/15/1961,2/25/2017,Verified
U01100,Tejas,Saikia,Male,6799838591,L011,5/31/1987,2/1/2025,Verified
U01101,Yash,Ghosh,Male,9316475911,L027,7/13/2000,7/22/2019,Verified
U01102,Pranav,Shaikh,Male,7175637277,L004,5/31/2000,1/27/2025,Verified
U01103,Ritvik,Pillai,Male,6572260338,L031,2/21/1965,2/20/2025,Verified
U01104,Sanjay,Gill,Male,8872558442,L044,2/10/1980,8/13/2019,Verified
U01105,Arjun,Mathew,Male,7661645612,L032,4/9/2003,10/18/2019,Verified
U01106,Ashish,Srivastava,Male,7891724221,L042,10/28/1987,9/27/2017,Verified
U01107,Tushar,Thomas,Male,8393985921,L013,12/2/1970,8/8/2021,Verified
U01108,Rajat,Dubey,Male,9170340996,L029,1/15/2005,3/23/2020,Verified
U01109,Madhu,Puri,Female,9535089138,L040,8/5/1957,2/19/2025,Verified
U01110,Ananya,Chatterjee,Female,6688334327,L050,10/14/1970,12/19/2018,Pending
U01111,Ramesh,Fernandes,Male,9651908530,L010,2/27/1961,11/15/2025,Verified
U01112,Rajesh,Shetty,Male,6409669097,L044,12/1/1989,6/25/2017,Verified
U01113,Fatima,Bhardwaj,Female,9249494072,L043,5/8/1994,12/12/2025,Verified
U01114,Farah,Suri,Female,7852525325,L035,10/20/1960,10/25/2020,Verified
U01115,Ramesh,Goel,Male,8737560958,L049,4/10/1976,6/11/2021,Verified
U01116,Hemant,Lalwani,Male,9251341080,L020,12/16/1980,9/28/2020,Pending
U01117,Vikas,Singh,Male,8162278667,L005,1/30/1970,5/13/2020,Verified
U01118,Divya,Patel,Female,6500388311,L041,4/24/1984,6/4/2018,Verified
U01119,Sheetal,Khanna,Female,9877170424,L037,12/15/1996,1/13/2017,Pending
U01120,Ishita,Sandhu,Female,8640002720,L050,10/23/1997,4/24/2017,Verified
U01121,Madhuri,Hegde,Female,9763486880,L013,5/8/1983,1/4/2020,Pending
U01122,Niharika,Bhardwaj,Female,8428683777,L047,4/3/1959,12/17/2021,Verified
U01123,Nitin,Shinde,Male,6538743796,L047,9/15/1958,7/15/2022,Verified
U01124,Aarav,Shaikh,Male,8899832622,L050,9/16/1956,2/15/2020,Verified
U01125,Abhishek,Lal,Male,8837325181,L028,8/28/1960,9/25/2022,Verified
U01126,Rudra,D'Souza,Male,9259433271,L027,12/22/1975,1/21/2018,Pending
U01127,Kanchan,Menon,Female,9738120059,L048,4/29/1988,7/10/2022,Verified
U01128,Zoya,Bora,Female,9232531339,L049,1/26/1975,4/4/2019,Verified
U01129,Sandeep,Bora,Male,7529983568,L047,4/21/1960,8/25/2018,Verified
U01130,Nikita,Naidu,Female,8209385941,L007,4/11/1976,1/28/2021,Verified
U01131,Lata,Pillai,Female,7882860598,L003,1/22/1966,7/11/2021,Verified
U01132,Nikhil,Patel,Male,9612379003,L015,5/22/1967,4/11/2020,Verified
U01133,Aparna,Kamath,Female,8639516783,L034,7/18/1988,5/19/2018,Verified
U01134,Ayush,Saxena,Male,8766415552,L021,4/24/2004,4/16/2017,Verified
U01135,Bhavna,Shinde,Female,9828074741,L002,2/4/1994,11/1/2019,Verified
U01136,Madhu,Jadhav,Female,8296836599,L005,9/10/1991,7/18/2017,Verified
U01137,Sneha,Sawant,Female,6470355736,L034,8/2/1979,11/28/2023,Verified
U01138,Aman,Chawla,Male,6816083999,L036,5/21/1975,6/4/2022,Verified
U01139,Diya,Mukherjee,Female,7145573595,L033,12/29/1961,2/27/2025,Verified
U01140,Nikhil,Syed,Male,7432438884,L050,6/8/1962,12/5/2019,Verified
U01141,Rohit,Puri,Male,7172003058,L040,11/25/2002,8/26/2019,Verified
U01142,Shreya,Joseph,Female,9873934894,L019,8/18/1986,7/28/2024,Verified
U01143,Trisha,Saha,Female,8924074923,L010,10/17/2005,10/3/2023,Verified
U01144,Naresh,Bora,Male,9545959536,L047,3/13/1977,5/14/2023,Verified
U01145,Yash,Roy,Male,7748722956,L028,11/29/1981,5/22/2023,Verified
U01146,Sonal,Fernandes,Female,7815979570,L001,2/28/1981,11/22/2023,Pending
U01147,Darshan,Soni,Male,7224097665,L037,9/22/1967,2/13/2020,Verified
U01148,Faizan,Saha,Male,8156429801,L017,9/5/1983,7/1/2018,Verified
U01149,Renu,Kumar,Female,9121390952,L042,2/26/1991,8/31/2017,Verified
U01150,Sachin,Thomas,Male,6486572105,L022,12/2/1967,2/6/2019,Verified
U01151,Ishita,Bose,Female,9234118651,L001,12/27/1967,10/13/2025,Verified
U01152,Abhishek,Dubey,Male,7564829708,L007,7/4/2003,4/17/2021,Verified
U01153,Reyansh,Agarwal,Male,6304785018,L022,1/14/1957,2/16/2017,Verified
U01154,Naman,Rao,Male,9444414637,L009,10/19/1983,2/15/2024,Failed
U01155,Nazia,Bansal,Female,6420106081,L050,8/12/1993,4/8/2024,Verified
U01156,Ira,Bhardwaj,Female,7503455140,L020,7/25/1991,1/3/2019,Verified
U01157,Mansi,Kulkarni,Female,9196847153,L006,7/25/1994,3/4/2023,Verified
U01158,Ishaan,Iyer,Male,6300046649,L033,5/26/2003,12/25/2019,Verified
U01159,Bhavesh,Pereira,Male,8643264848,L019,11/29/2005,3/13/2023,Verified
U01160,Rishabh,Sawant,Male,7962696565,L049,6/4/1974,3/7/2023,Verified
U01161,Tanya,Ahuja,Female,8509611316,L007,6/22/1960,8/29/2019,Verified
U01162,Salman,Mukherjee,Male,7586101637,L013,4/9/1976,3/22/2023,Verified
U01163,Deepika,Sharma,Female,7718941741,L034,7/24/1962,10/20/2018,Verified
U01164,Siya,Prasad,Female,6546548808,L038,5/30/1973,5/2/2021,Verified
U01165,Rupal,Mahajan,Female,6629700387,L013,1/23/1980,5/27/2021,Verified
U01166,Alina,Ghosh,Female,6722398580,L040,12/3/1984,7/26/2022,Verified
U01167,Reyansh,Sengar,Male,8426098171,L003,7/21/2001,5/8/2017,Pending
U01168,Arnav,Prasad,Male,7200817446,L008,6/20/1984,4/28/2025,Verified
U01169,Komal,Iyer,Female,6579920332,L012,4/9/1980,3/4/2023,Verified
U01170,Kanchan,Nigam,Female,9507261996,L041,4/2/1975,6/14/2023,Verified
U01171,Shaurya,Bose,Male,6809180569,L009,7/31/1965,4/13/2023,Verified
U01172,Rehan,Baruah,Male,7850406423,L049,9/21/1982,5/17/2024,Verified
U01173,Sandeep,Fernandes,Male,9666123224,L020,12/30/1966,12/3/2023,Verified
U01174,Bhavna,Prasad,Female,9287918699,L037,8/15/1978,1/27/2018,Verified
U01175,Neha,Choudhary,Female,9205081507,L034,3/8/1984,2/19/2024,Pending
U01176,Sowmya,Joseph,Female,8430254315,L029,12/11/1973,5/21/2025,Verified
U01177,Rohan,Chawla,Male,6215847033,L024,6/22/1984,10/30/2021,Verified
U01178,Akash,Thomas,Male,9195105287,L017,5/19/1958,6/21/2018,Verified
U01179,Ajay,Pandey,Male,6690310804,L041,4/17/1975,9/6/2021,Failed
U01180,Mohit,Shaikh,Male,6377297029,L002,6/22/1986,9/18/2017,Verified
U01181,Kishore,Joshi,Male,6759257758,L045,1/10/2000,3/14/2021,Pending
U01182,Kiran,Saxena,Female,8647886346,L021,11/29/1983,5/10/2017,Verified
U01183,Nitin,Rana,Male,6984196944,L027,12/5/1973,7/2/2018,Verified
U01184,Lavanya,Lalwani,Female,6880157346,L033,6/30/1977,11/15/2017,Verified
U01185,Ishaan,Pandey,Male,8790100704,L030,5/10/2004,10/24/2019,Verified
U01186,Madhu,Mehta,Female,6877579737,L022,10/18/2007,9/4/2025,Verified
U01187,Anu,Sidhu,Female,9926372400,L035,4/1/1986,10/19/2017,Verified
U01188,Vikas,Kumar,Male,8896322989,L019,8/26/1987,11/3/2020,Verified
U01189,Sushma,Baruah,Female,7358941358,L003,9/21/1996,8/29/2017,Verified
U01190,Charu,Negi,Female,9605691215,L044,8/3/1987,5/27/2020,Verified
U01191,Lokesh,Chopra,Male,9666970985,L026,12/22/1963,3/6/2019,Verified
U01192,Sonia,Khanna,Female,7441990540,L009,7/7/1964,7/4/2021,Verified
U01193,Ira,Ghosh,Female,6226623513,L015,11/8/2002,6/29/2018,Pending
U01194,Vedant,Jain,Male,7804557696,L025,4/30/1995,8/9/2023,Pending
U01195,Gaurav,George,Male,6730108827,L021,6/14/1961,5/10/2022,Pending
U01196,Diya,Sandhu,Female,6717078041,L024,10/20/1974,9/5/2020,Pending
U01197,Kiara,Pillai,Female,7781623110,L028,8/17/1985,8/11/2023,Verified
U01198,Rahul,Qureshi,Male,8331183001,L040,9/23/1992,3/26/2019,Verified
U01199,Geeta,Mehta,Female,7458909351,L028,1/25/1996,9/27/2024,Verified
U01200,Priti,Thakur,Female,9181741257,L015,9/16/1980,10/11/2018,Verified
U01201,Tejas,Khanna,Male,6438676897,L014,6/9/1969,12/18/2020,Verified
U01202,Rudra,Syed,Male,6639161078,L008,7/16/1999,2/23/2019,Verified
U01203,Danish,Sengar,Male,9990625989,L029,2/5/1969,5/6/2019,Verified
U01204,Divya,Pinto,Female,6395929427,L046,11/27/1972,9/24/2017,Pending
U01205,Riya,Jain,Female,6115901037,L032,8/23/1984,9/2/2018,Verified
U01206,Palak,Dubey,Female,6916522107,L050,9/11/1993,4/29/2024,Verified
U01207,Sumit,Khan,Male,6149601374,L032,11/12/1958,3/3/2024,Verified
U01208,Komal,Pandey,Female,9629153991,L014,5/21/1999,9/8/2022,Pending
U01209,Darshan,Suri,Male,7165348445,L050,6/26/1974,3/5/2023,Verified
U01210,Dinesh,Baruah,Male,7306929119,L041,10/30/1996,11/15/2020,Verified
U01211,Sameer,Ansari,Male,8925573054,L036,9/18/1987,10/3/2024,Verified
U01212,Tejas,Rawat,Male,6367813937,L031,10/20/1981,2/6/2024,Verified
U01213,Rajat,Iyer,Male,8252287702,L030,7/11/2006,11/5/2024,Verified
U01214,Abhishek,Patel,Male,6507034739,L047,7/3/1984,7/9/2025,Verified
U01215,Anjali,Patil,Female,8583936573,L047,12/14/1985,4/17/2020,Verified
U01216,Kusum,Arora,Female,9178656162,L014,4/6/2004,4/22/2022,Verified
U01217,Kabir,Dutta,Male,6935420347,L039,5/8/1975,2/14/2021,Verified
U01218,Rohan,Mathew,Male,8820671099,L036,6/9/1955,6/22/2017,Verified
U01219,Ishita,Narang,Female,9992177864,L013,1/17/1988,12/7/2023,Failed
U01220,Sneha,Ghosh,Female,8893057692,L014,6/20/1961,4/1/2019,Verified
U01221,Abhishek,Lalwani,Male,9234243071,L014,1/23/1996,9/27/2017,Verified
U01222,Vaishnavi,Agarwal,Female,9539144874,L042,12/29/1984,8/17/2019,Verified
U01223,Sachin,Agarwal,Male,9583244485,L045,9/15/1990,10/5/2021,Verified
U01224,Nazia,Saha,Female,9560723019,L030,1/8/1989,2/21/2022,Failed
U01225,Rahul,Agarwal,Male,7393116676,L019,10/27/1962,5/29/2019,Verified
U01226,Sonia,George,Female,7593397542,L008,12/10/1995,12/28/2017,Verified
U01227,Rupal,Sengar,Female,7507334308,L035,5/31/2006,4/25/2021,Verified
U01228,Ramesh,Bose,Male,6412814924,L031,7/23/1960,4/30/2018,Verified
U01229,Khushi,Banerjee,Female,8522756686,L011,12/21/1970,10/3/2018,Verified
U01230,Lata,Dubey,Female,6829525578,L048,10/25/1959,8/23/2019,Verified
U01231,Mehak,Bansal,Female,6470202230,L033,1/21/1960,3/26/2020,Verified
U01232,Aditi,Chawla,Female,9770443916,L037,9/20/1960,8/27/2021,Verified
U01233,Nisha,Verma,Female,8835026217,L033,6/22/2003,6/5/2022,Verified
U01234,Rekha,Gill,Female,7834020665,L024,11/29/1964,2/2/2017,Verified
U01235,Laksh,Pandey,Male,7897637288,L022,1/10/1970,2/1/2020,Verified
U01236,Salman,Baruah,Male,9817817456,L025,7/3/1957,9/3/2019,Verified
U01237,Rashmi,Bansal,Female,7934223674,L045,5/26/1965,10/23/2019,Verified
U01238,Pranav,Prasad,Male,9449984226,L025,11/14/1967,3/16/2018,Pending
U01239,Radhika,Goel,Female,9518879998,L005,1/1/1993,3/17/2017,Verified
U01240,Meera,Naidu,Female,7287148557,L029,8/2/2006,8/29/2021,Verified
U01241,Kartik,Bansal,Male,7904031049,L008,9/28/1986,12/8/2017,Verified
U01242,Om,Chatterjee,Male,7764596865,L023,12/13/1989,4/13/2017,Verified
U01243,Priya,Puri,Female,6811896821,L025,5/6/1960,6/30/2017,Verified
U01244,Asif,Rana,Male,7585178857,L021,9/17/1966,7/10/2020,Verified
U01245,Kunal,Reddy,Male,8788384880,L030,11/5/2000,7/3/2018,Verified
U01246,Tarun,Khanna,Male,7630786014,L002,1/7/1966,4/7/2023,Verified
U01247,Radhika,Thakur,Female,9446708477,L029,7/19/1989,10/17/2023,Verified
U01248,Lata,Pereira,Female,7750077783,L004,9/24/1966,11/21/2025,Verified
U01249,Rajesh,Ansari,Male,8520388273,L016,7/12/1983,12/3/2020,Verified
U01250,Salman,Nigam,Male,9554786384,L020,4/8/1995,8/19/2017,Verified
U01251,Sheetal,Jain,Female,8754859777,L048,1/8/1985,7/10/2025,Verified
U01252,Mukesh,Naidu,Male,9302997616,L002,10/3/2004,10/10/2021,Verified
U01253,Mansi,Rao,Female,7690643841,L005,10/8/1971,4/25/2022,Verified
U01254,Anil,Fernandes,Male,7182550426,L046,9/13/1968,12/11/2025,Verified
U01255,Myra,Menon,Female,6593622070,L031,3/29/1973,11/14/2020,Verified
U01256,Anita,Malhotra,Female,7554001499,L047,6/23/2003,5/5/2018,Failed
U01257,Aditya,Kohli,Male,8967428196,L032,5/10/1980,4/20/2017,Verified
U01258,Neha,Ghosh,Female,8216779557,L003,11/17/2005,11/30/2022,Failed
U01259,Aditya,Kohli,Male,8172818300,L026,1/26/1991,1/18/2021,Verified
U01260,Tejas,Gaikwad,Male,7273162289,L048,10/20/1961,9/11/2022,Verified
U01261,Kabir,Deshmukh,Male,8996412297,L018,6/19/1993,10/6/2023,Verified
U01262,Pradeep,Rao,Male,7622189892,L024,4/6/1972,9/10/2023,Verified
U01263,Sanjana,Pawar,Female,8454809517,L050,9/17/1960,11/1/2017,Verified
U01264,Radhika,Jadhav,Female,9268775091,L004,12/20/2002,8/4/2021,Verified
U01265,Mansi,Chatterjee,Female,7584202357,L035,4/9/1978,3/17/2023,Verified
U01266,Kabir,Saikia,Male,7163820194,L007,3/20/1993,9/10/2019,Verified
U01267,Dev,Pandey,Male,7425767339,L014,4/27/1974,9/14/2023,Verified
U01268,Tejas,Ansari,Male,6508002186,L020,8/29/1962,11/24/2024,Verified
U01269,Kanchan,Kohli,Female,9921865050,L001,3/12/1957,3/13/2020,Verified
U01270,Danish,Joshi,Male,6707487379,L011,3/6/1985,5/29/2019,Verified
U01271,Keerthi,Naidu,Female,7433285830,L018,7/25/1994,1/13/2020,Verified
U01272,Sanjay,Gaikwad,Male,9135726620,L022,11/11/1965,8/16/2024,Failed
U01273,Nikhil,Bose,Male,9196676060,L038,11/1/2004,2/16/2025,Verified
U01274,Ishaan,Jadhav,Male,8763937974,L035,2/4/1973,4/5/2024,Verified
U01275,Hemant,Kulkarni,Male,6900720387,L029,6/24/1999,10/30/2025,Verified
U01276,Salman,D'Souza,Male,6983694758,L023,2/13/2000,11/19/2025,Verified
U01277,Tanvi,Agarwal,Female,8386356478,L013,9/1/1992,10/21/2023,Failed
U01278,Muskan,Saikia,Female,8682079382,L045,6/8/1974,3/31/2024,Verified
U01279,Preeti,Nair,Female,9714020346,L043,10/12/1955,9/4/2023,Verified
U01280,Naveen,Kohli,Male,8435001858,L018,7/19/2004,12/6/2024,Pending
U01281,Aditi,Gill,Female,6872949016,L050,7/22/1963,11/15/2022,Verified
U01282,Shaurya,Nigam,Male,9597349561,L004,9/29/1999,10/28/2019,Verified
U01283,Sumit,Fernandes,Male,8813874559,L039,12/15/1979,11/19/2022,Verified
U01284,Shaurya,Pawar,Male,9571045661,L023,10/13/1997,5/29/2023,Verified
U01285,Ankit,Sengar,Male,6221123454,L012,12/24/2004,6/1/2017,Verified
U01286,Ishaan,Qureshi,Male,9764494122,L049,7/23/1970,12/2/2020,Pending
U01287,Ruchi,Jadhav,Female,7186717447,L046,3/2/1998,8/16/2025,Verified
U01288,Zoya,Menon,Female,9374424355,L024,3/16/2001,8/13/2020,Verified
U01289,Nikita,Ghosh,Female,7301266666,L032,7/20/2003,12/20/2025,Verified
U01290,Bhavna,Suri,Female,9773556393,L042,2/7/1989,5/23/2024,Verified
U01291,Sneha,Deshmukh,Female,6941137421,L016,7/25/1969,3/9/2022,Verified
U01292,Zoya,Saha,Female,6973744382,L016,12/25/2005,1/12/2025,Verified
U01293,Kabir,Rana,Male,7184268083,L021,8/1/1990,1/30/2025,Verified
U01294,Payal,Jadhav,Female,7705428270,L044,1/3/1982,5/1/2022,Verified
U01295,Laksh,Kohli,Male,8531482291,L031,3/21/1996,3/27/2019,Verified
U01296,Vaishnavi,Sengar,Female,6723477022,L047,9/10/1979,11/3/2020,Verified
U01297,Kavya,Malhotra,Female,7851700960,L033,10/21/1963,3/10/2020,Verified
U01298,Aarav,Jain,Male,9127565261,L008,3/25/1959,4/23/2020,Verified
U01299,Madhuri,Sikdar,Female,8143926243,L011,4/22/1993,12/4/2022,Verified
U01300,Divya,Roy,Female,7678334860,L041,6/30/1960,1/7/2018,Verified
U01301,Karan,Khan,Male,9197507351,L012,8/21/1969,6/11/2018,Verified
U01302,Ritvik,Joshi,Male,7378479945,L004,2/17/2002,11/25/2024,Verified
U01303,Ishita,Ansari,Female,7287118420,L036,7/27/1971,1/17/2023,Verified
U01304,Arjun,Sethi,Male,7345451532,L014,12/18/1970,12/31/2024,Verified
U01305,Ajay,Saha,Male,9266991741,L010,12/1/1995,7/14/2019,Verified
U01306,Priti,Mahajan,Female,7774720034,L036,2/21/1964,7/27/2019,Verified
U01307,Kartik,Sharma,Male,9871505557,L033,6/17/1977,3/15/2023,Verified
U01308,Uday,Sikdar,Male,8675278038,L015,5/14/1966,4/6/2019,Verified
U01309,Karan,Patel,Male,9912374165,L035,12/30/2004,4/12/2017,Verified
U01310,Karan,Kalita,Male,9219481055,L024,6/19/1992,2/7/2024,Verified
U01311,Sanjana,Mishra,Female,8944578016,L007,9/4/1963,11/30/2020,Verified
U01312,Sumit,Yadav,Male,7779529534,L033,10/15/1999,5/26/2018,Verified
U01313,Niharika,Kakkar,Female,7894893219,L040,12/25/1960,2/8/2022,Verified
U01314,Pankaj,Fernandes,Male,9521468963,L003,10/13/2004,6/3/2025,Verified
U01315,Rishabh,Kumar,Male,7553986001,L021,3/5/1969,1/12/2022,Verified
U01316,Niharika,Pereira,Female,9859416157,L015,5/30/1970,10/10/2018,Verified
U01317,Jatin,Baruah,Male,9276993591,L034,7/17/1978,5/2/2025,Verified
U01318,Ritika,Tripathi,Female,9843097998,L009,10/14/1964,2/9/2025,Verified
U01319,Varsha,Khanna,Female,9270569765,L002,9/8/1978,4/17/2018,Verified
U01320,Arnav,Mishra,Male,6843174583,L011,10/14/1998,3/24/2021,Verified
U01321,Priti,Pandey,Female,7956394633,L009,11/14/1973,2/14/2020,Verified
U01322,Yash,Sandhu,Male,9102008988,L030,4/17/1963,1/1/2021,Verified
U01323,Sameer,Goel,Male,7185954218,L044,4/19/2006,4/1/2022,Pending
U01324,Manav,Qureshi,Male,7898951131,L011,3/30/1990,10/20/2018,Verified
U01325,Sanjay,Sandhu,Male,9792126681,L049,5/30/1976,10/30/2018,Verified
U01326,Deepak,Choudhary,Male,7627899370,L040,7/6/1982,10/30/2021,Verified
U01327,Manav,Mittal,Male,7106581959,L009,11/30/2000,3/3/2017,Verified
U01328,Mukesh,Rawat,Male,9184212623,L035,12/14/1964,9/24/2021,Verified
U01329,Zoya,Bhardwaj,Female,7445563476,L036,6/26/1996,11/15/2017,Verified
U01330,Lokesh,Khanna,Male,7495798117,L015,4/8/1962,7/19/2017,Verified
U01331,Sandeep,Ansari,Male,9856025643,L017,6/12/1985,5/22/2019,Verified
U01332,Neha,Lalwani,Female,8909850815,L040,7/10/1990,12/13/2018,Verified
U01333,Shalini,Sikdar,Female,7951401339,L016,4/20/1983,4/4/2023,Verified
U01334,Naveen,Tiwari,Male,8177335645,L023,7/3/1997,1/19/2020,Verified
U01335,Sakshi,Naidu,Female,7687341638,L014,7/9/1961,7/30/2023,Verified
U01336,Shubham,Pawar,Male,6907370538,L025,12/5/1977,3/15/2017,Verified
U01337,Sunita,Kulkarni,Female,7993951379,L048,5/9/1971,11/16/2017,Failed
U01338,Navya,Patil,Female,8306522607,L005,5/14/1963,8/12/2017,Verified
U01339,Keerthi,Thomas,Female,7990079558,L012,8/3/1992,9/13/2023,Verified
U01340,Naveen,Shetty,Male,9220297638,L016,7/12/1975,12/10/2018,Verified
U01341,Faizan,Choudhary,Male,9637730245,L041,8/21/1957,11/14/2019,Verified
U01342,Parth,Gill,Male,8126032892,L007,5/12/1993,10/10/2023,Verified
U01343,Laksh,Banerjee,Male,9779682243,L043,7/13/1996,3/20/2022,Pending
U01344,Parth,Agarwal,Male,6607408950,L039,10/27/1980,10/27/2017,Verified
U01345,Madhu,Soni,Female,6364447205,L005,10/20/1979,9/3/2017,Verified
U01346,Tarun,Goel,Male,8397130486,L003,4/6/2002,3/27/2022,Verified
U01347,Sheetal,Bedi,Female,7462806270,L043,4/25/2002,12/16/2025,Verified
U01348,Vaishnavi,Shinde,Female,6618401314,L022,8/17/1973,10/16/2021,Verified
U01349,Nandini,Goel,Female,7226773070,L024,11/24/1970,5/25/2019,Verified
U01350,Kiara,Menon,Female,7531948196,L040,5/23/1988,3/14/2019,Pending
U01351,Fatima,Chopra,Female,8473892701,L025,6/11/1998,4/26/2025,Verified
U01352,Priti,Sikdar,Female,8255966385,L025,7/25/2001,1/19/2025,Verified
U01353,Imran,Sawant,Male,7124166513,L026,8/29/2005,8/8/2020,Verified
U01354,Ritvik,Roy,Male,8970088268,L008,12/13/1979,9/20/2022,Verified
U01355,Aman,Thomas,Male,6339706498,L004,6/14/1958,9/26/2022,Verified
U01356,Bhavna,Das,Female,6285685303,L029,3/11/1989,8/28/2019,Verified
U01357,Varsha,Syed,Female,8345855148,L008,12/14/1964,12/4/2025,Verified
U01358,Fatima,Ahuja,Female,7338395892,L027,8/23/1956,6/14/2025,Pending
U01359,Priya,Nair,Female,9439370430,L045,9/8/1985,7/29/2017,Verified
U01360,Mohit,Syed,Male,9224221179,L007,1/11/1965,11/18/2020,Pending
U01361,Kiara,Rao,Female,7752664944,L010,11/28/1956,9/6/2021,Verified
U01362,Shubham,Shinde,Male,7162472078,L020,5/3/2001,11/15/2020,Pending
U01363,Shalini,Pandey,Female,8808095558,L006,6/8/1961,5/6/2023,Verified
U01364,Karan,Chatterjee,Male,6493347020,L042,1/5/1978,10/3/2025,Pending
U01365,Laksh,Mishra,Male,9928045405,L028,10/15/2002,12/5/2020,Verified
U01366,Vivaan,Sidhu,Male,8344003568,L020,10/19/1971,5/21/2023,Verified
U01367,Shruti,Syed,Female,6497449842,L034,10/24/1962,2/25/2019,Verified
U01368,Myra,Sengar,Female,9434957391,L004,2/24/1970,1/6/2023,Verified
U01369,Payal,Chawla,Female,9832212993,L030,3/22/1981,2/23/2020,Verified
U01370,Aarav,Kumar,Male,9328544648,L011,7/22/1999,6/8/2022,Verified
U01371,Rakesh,Kohli,Male,9983657871,L018,12/10/1989,11/24/2022,Pending
U01372,Harsh,Das,Male,8227749253,L046,10/13/1993,12/4/2020,Verified
U01373,Hina,Lal,Female,8161933901,L003,9/6/1963,10/30/2020,Pending
U01374,Ruchi,Naidu,Female,7588987169,L045,1/24/1990,1/2/2022,Pending
U01375,Aditya,Jadhav,Male,6464216202,L041,10/30/1958,11/14/2024,Pending
U01376,Lata,Pillai,Female,9767339031,L032,11/4/1970,12/21/2024,Verified
U01377,Arjun,Joseph,Male,6724031616,L027,3/27/1970,7/22/2021,Verified
U01378,Manish,Pinto,Male,7595123250,L014,6/20/2005,7/7/2025,Verified
U01379,Ira,Soni,Female,7924112046,L033,2/28/2005,4/6/2021,Pending
U01380,Ritvik,Kulkarni,Male,6861910148,L015,6/15/1970,8/10/2024,Pending
U01381,Purnima,Yadav,Female,6223349429,L027,10/17/1959,10/5/2023,Verified
U01382,Kishore,Bedi,Male,9819231868,L017,12/15/1958,5/28/2017,Verified
U01383,Anu,Agarwal,Female,7787372995,L042,11/7/1991,9/22/2021,Failed
U01384,Preeti,Negi,Female,6154603563,L020,8/16/1989,3/24/2020,Verified
U01385,Neha,Menon,Female,8230568128,L003,8/19/1993,1/27/2017,Verified
U01386,Kunal,Saha,Male,7182655070,L008,4/15/2001,8/4/2021,Verified
U01387,Vihaan,Pereira,Male,9807845659,L003,3/15/2001,4/8/2023,Verified
U01388,Vihaan,Mathew,Male,7240255873,L033,3/16/2002,1/25/2018,Verified
U01389,Ravi,Hegde,Male,6333829365,L008,2/11/1956,4/26/2020,Verified
U01390,Madhu,Joseph,Female,6406101206,L023,2/15/1968,10/14/2021,Verified
U01391,Fatima,Chatterjee,Female,7572040572,L034,9/14/1982,5/21/2018,Verified
U01392,Noor,Thakur,Female,7168706392,L034,5/27/1974,11/11/2019,Verified
U01393,Shubham,Soni,Male,8894868166,L031,8/18/1964,9/23/2017,Verified
U01394,Kiran,Ahuja,Female,6392193224,L017,8/18/1996,6/27/2023,Verified
U01395,Lokesh,Saha,Male,7160617899,L043,11/2/1963,5/20/2019,Verified
U01396,Rajat,Bansal,Male,6354214268,L001,4/21/1977,5/20/2019,Verified
U01397,Neha,Dutta,Female,9750235887,L040,9/28/1987,9/29/2023,Verified
U01398,Vedant,Pereira,Male,8356001784,L034,9/6/1979,1/23/2018,Verified
U01399,Nikita,George,Female,6898077546,L048,5/5/1963,4/28/2023,Verified
U01400,Tarun,Pillai,Male,9172325366,L045,8/17/1978,9/8/2020,Verified
U01401,Ira,Rana,Female,7177803879,L019,5/14/1984,3/20/2020,Verified
U01402,Rudra,Saha,Male,6199338547,L030,5/18/1970,7/6/2021,Verified
U01403,Nandini,Chauhan,Female,6689938437,L045,5/23/1979,2/24/2025,Verified
U01404,Karan,Pawar,Male,7463889420,L035,3/28/1964,3/14/2023,Verified
U01405,Priya,Pereira,Female,9784179194,L048,12/15/1981,7/22/2019,Verified
U01406,Vihaan,Agarwal,Male,7240233265,L011,1/26/1965,5/10/2018,Verified
U01407,Swati,Menon,Female,6648376070,L042,7/19/2006,8/24/2021,Failed
U01408,Gaurav,Yadav,Male,6510320385,L049,4/25/1968,4/9/2025,Verified
U01409,Manish,Chawla,Male,8273190263,L009,4/26/1993,3/12/2021,Verified
U01410,Pradeep,Saxena,Male,8836832169,L011,9/12/2002,2/24/2017,Verified
U01411,Tarun,Negi,Male,9457924715,L036,5/4/1996,11/23/2024,Verified
U01412,Aisha,Kumar,Female,8736642859,L041,9/16/1992,7/1/2024,Verified
U01413,Bhavesh,Bansal,Male,7152285677,L008,9/2/1960,10/19/2019,Failed
U01414,Anu,Syed,Female,7555685219,L035,12/20/1969,6/20/2017,Verified
U01415,Ishaan,Ahuja,Male,9670742615,L043,6/16/1957,9/11/2023,Verified
U01416,Faizan,Mathew,Male,9473602609,L008,8/1/1967,11/30/2023,Verified
U01417,Om,Mishra,Male,8823958152,L023,6/2/1999,1/27/2024,Verified
U01418,Sumit,Fernandes,Male,8590890938,L048,1/6/2004,8/19/2020,Verified
U01419,Krishna,Joshi,Male,8199441067,L007,2/8/1981,8/13/2024,Verified
U01420,Ritvik,Ghosh,Male,8600576502,L048,3/27/2003,5/23/2025,Verified
U01421,Meera,Kalita,Female,8971678443,L044,7/10/1976,9/21/2025,Failed
U01422,Advik,Sandhu,Male,7346645670,L014,8/22/2005,8/7/2023,Verified
U01423,Abhishek,Reddy,Male,8195992099,L040,9/4/1973,4/12/2020,Verified
U01424,Manish,Chawla,Male,9214885119,L035,7/7/1958,3/6/2024,Verified
U01425,Nikhil,Bora,Male,9448282447,L022,2/15/1957,4/9/2022,Pending
U01426,Mercan,Saikia,Female,7491325391,L023,6/24/2003,10/23/2023,Pending
U01427,Shyam,Dubey,Male,9476018394,L037,1/23/1970,6/6/2024,Pending
U01428,Ruchi,Yadav,Female,7589816393,L044,2/27/1998,10/30/2019,Failed
U01429,Geeta,Bedi,Female,6446612397,L043,8/8/1999,2/4/2023,Verified
U01430,Sandeep,Sawant,Male,9308696400,L020,9/12/1988,12/15/2020,Verified
U01431,Naman,Puri,Male,6225659172,L042,7/14/1977,7/23/2017,Verified
U01432,Sumit,Khan,Male,9930878108,L022,11/8/2006,8/31/2018,Verified
U01433,Laksh,Jain,Male,9593168642,L025,8/15/2005,1/2/2025,Verified
U01434,Kartik,Deshmukh,Male,9860355161,L028,8/18/1981,3/23/2021,Verified
U01435,Shruti,Mishra,Female,6460660556,L019,4/23/2006,4/12/2022,Verified
U01436,Anu,Kumar,Female,8334509310,L017,12/16/1976,7/2/2019,Verified
U01437,Ankita,Thakur,Female,6117655082,L046,9/23/1999,5/20/2025,Verified
U01438,Faizan,Roy,Male,9849795401,L005,1/10/1967,5/14/2017,Verified
U01439,Jyoti,Mishra,Female,8360493624,L018,8/17/1993,7/28/2025,Verified
U01440,Renu,Kumar,Female,7307474361,L009,5/18/1964,2/4/2019,Verified
U01441,Nikita,Narang,Female,9147212178,L019,1/29/1995,9/25/2018,Verified
U01442,Rehan,Puri,Male,6447313233,L047,2/9/1999,10/21/2018,Verified
U01443,Tarun,Pandey,Male,7215776418,L021,12/15/1990,2/10/2018,Verified
U01444,Reyansh,Arora,Male,8238231341,L044,11/17/2005,12/4/2024,Verified
U01445,Rohan,Sandhu,Male,9640855400,L034,4/1/1993,8/21/2020,Pending
U01446,Sameer,Arora,Male,8949425785,L031,7/27/1975,8/16/2017,Verified
U01447,Nikita,Kapoor,Female,9474612925,L037,7/25/1983,11/22/2021,Pending
U01448,Yash,Banerjee,Male,7156810674,L017,2/24/1991,11/19/2019,Verified
U01449,Farah,More,Female,9681838431,L017,9/21/1978,6/17/2020,Verified
U01450,Harshit,Ghosh,Male,7470145908,L008,2/8/1977,3/12/2023,Verified
U01451,Prachi,Shetty,Female,9676002757,L048,8/10/1964,5/5/2022,Verified
U01452,Laksh,Mahajan,Male,9539455488,L039,8/3/1959,4/24/2017,Verified
U01453,Lavanya,Bedi,Female,9869913029,L024,4/26/1990,11/6/2017,Verified
U01454,Saurabh,Bedi,Male,9197869531,L039,4/14/1977,3/22/2024,Verified
U01455,Vikas,Goel,Male,6707067483,L030,11/25/1989,3/12/2022,Verified
U01456,Naresh,Sikdar,Male,9668665652,L039,12/1/1976,2/28/2020,Verified
U01457,Aisha,Ali,Female,8462863832,L046,5/2/1976,10/12/2022,Verified
U01458,Chhavi,Mukherjee,Female,9100658573,L016,8/2/2001,3/30/2017,Verified
U01459,Danish,Khanna,Male,7276662486,L019,1/19/1998,7/18/2017,Pending
U01460,Mansi,Pinto,Female,6821831670,L010,4/18/1960,9/6/2024,Verified
U01461,Advik,Deshmukh,Male,6880872617,L025,7/11/1990,11/9/2018,Pending
U01462,Fatima,Suri,Female,8308668314,L030,7/8/2002,2/28/2024,Verified
U01463,Reyansh,Goel,Male,8670934232,L043,9/7/1982,7/6/2022,Failed
U01464,Anusha,Negi,Female,6427418645,L039,6/5/1957,3/28/2017,Verified
U01465,Aditi,Kulkarni,Female,9726772368,L014,9/25/1977,7/14/2017,Verified
U01466,Garima,Narang,Female,9980484932,L025,11/25/1999,11/18/2018,Verified
U01467,Atharv,Ali,Male,8939772642,L038,10/15/1996,9/29/2019,Verified
U01468,Tanya,Saha,Female,7597913251,L012,11/8/1967,1/5/2019,Verified
U01469,Anusha,Sengar,Female,8751352443,L026,10/23/1995,8/28/2017,Failed
U01470,Anu,Bora,Female,9750048456,L033,5/8/1986,6/27/2024,Verified
U01471,Advik,Negi,Male,9374824985,L041,7/17/1977,1/14/2025,Verified
U01472,Ritika,Gupta,Female,8308259426,L006,2/13/1979,4/7/2023,Pending
U01473,Anita,Ali,Female,7440811151,L021,11/27/1959,1/30/2018,Verified
U01474,Anita,Mukherjee,Female,6145630080,L040,10/5/1983,6/19/2018,Verified
U01475,Rupal,Ansari,Female,6361370653,L045,4/24/1978,11/3/2021,Verified
U01476,Hina,Chauhan,Female,9137667060,L045,9/9/1983,12/20/2018,Verified
U01477,Madhuri,Pinto,Female,9851151522,L021,6/13/1976,11/27/2021,Verified
U01478,Chhavi,Verma,Female,6917614331,L034,4/5/1959,12/19/2020,Verified
U01479,Zaid,Mishra,Male,8781347587,L034,5/8/1987,10/18/2019,Verified
U01480,Rupal,Goel,Female,8659480026,L009,6/1/2004,8/2/2017,Verified
U01481,Danish,Tiwari,Male,8654437588,L021,1/11/1977,3/18/2024,Verified
U01482,Kavya,Verma,Female,9524688823,L020,10/31/1960,5/17/2019,Verified
U01483,Rajat,Srivastava,Male,9427097549,L016,10/22/1974,10/6/2020,Verified
U01484,Preeti,Sandhu,Female,7344252198,L001,4/12/1972,9/26/2023,Pending
U01485,Naveen,Negi,Male,6284547471,L032,2/26/1973,9/7/2022,Verified
U01486,Jatin,Verma,Male,9140225880,L048,7/25/1986,12/10/2018,Verified
U01487,Ganesh,Prasad,Male,8515488906,L005,6/28/1972,10/2/2022,Verified
U01488,Rudra,Kapoor,Male,8579184121,L041,5/4/1957,4/18/2024,Verified
U01489,Ramesh,Singh,Male,6960396027,L034,6/24/1997,8/7/2018,Verified
U01490,Ashish,Roy,Male,7883788165,L014,11/20/1972,5/12/2024,Verified
U01491,Rashmi,Reddy,Female,7142328774,L014,1/20/2007,11/6/2021,Verified
U01492,Arjun,George,Male,8971194828,L020,11/17/1973,7/3/2022,Verified
U01493,Payal,Syed,Female,8361905339,L044,4/26/1987,7/31/2024,Verified
U01494,Lokesh,Rao,Male,9896767805,L047,4/15/1979,10/27/2024,Verified
U01495,Tanvi,Yadav,Female,8588121235,L023,3/22/1963,3/10/2017,Verified
U01496,Arjun,Lalwani,Male,7680959699,L004,8/13/1963,7/29/2023,Verified
U01497,Pallavi,Kapoor,Female,7782789055,L041,6/16/1982,3/6/2024,Verified
U01498,Ganesh,Reddy,Male,6152731027,L031,6/2/1963,7/4/2019,Pending
U01499,Muskan,Rawat,Female,9202630089,L006,5/15/1972,12/3/2017,Verified
U01500,Mukesh,George,Male,6254581678,L049,6/9/1988,2/28/2021,Verified
U01501,Pradeep,Chopra,Male,8584016795,L028,8/8/1979,1/7/2023,Verified
U01502,Laksh,D'Souza,Male,9237908210,L008,10/9/2007,8/5/2024,Verified
U01503,Rajesh,Sawant,Male,7107747679,L021,5/2/1989,11/28/2024,Verified
U01504,Mayank,Dutta,Male,9619905190,L027,10/26/1960,1/12/2025,Verified
U01505,Preeti,Bhatia,Female,7205282797,L049,5/11/1973,6/25/2025,Verified
U01506,Charu,Banerjee,Female,7487798779,L014,10/16/1980,11/13/2017,Pending
U01507,Nazia,Prasad,Female,8828599604,L011,3/23/1964,6/9/2018,Verified
U01508,Rohit,Thomas,Male,6196569494,L012,7/13/1968,10/12/2023,Verified
U01509,Tanya,Pinto,Female,8319948527,L049,5/4/1960,3/26/2020,Verified
U01510,Hemant,Srivastava,Male,9989076737,L017,6/23/1995,1/3/2025,Verified
U01511,Rohan,Chawla,Male,7833251604,L005,9/29/1967,7/21/2020,Verified
U01512,Tarun,Bhatia,Male,9387850140,L017,6/11/1995,11/8/2024,Verified
U01513,Kishore,Banerjee,Male,7326648933,L033,5/24/1996,6/14/2020,Verified
U01514,Danish,Nigam,Male,7396881183,L041,2/10/1985,6/16/2019,Verified
U01515,Noor,Chatterjee,Female,6210258022,L007,5/2/1975,4/21/2025,Pending
U01516,Shruti,Khanna,Female,8224756677,L010,1/27/1961,1/30/2024,Verified
U01517,Pankaj,Sikdar,Male,6376396281,L004,8/16/1992,9/12/2019,Verified
U01518,Sanjana,Menon,Female,6330362585,L026,8/9/1970,5/27/2025,Verified
U01519,Ishaan,Srivastava,Male,8955004980,L040,7/20/1975,8/5/2017,Verified
U01520,Arjun,Kohli,Male,7889847564,L035,3/20/1982,8/5/2022,Verified
U01521,Imran,Mathew,Male,6410514922,L027,7/28/1970,1/27/2024,Pending
U01522,Reyansh,Fernandes,Male,6326288920,L012,7/27/1980,9/6/2023,Verified
U01523,Ayush,Sengar,Male,6240393418,L022,5/27/1963,9/15/2021,Pending
U01524,Manish,Joshi,Male,9514421685,L006,10/9/1974,2/26/2020,Verified
U01525,Tanya,Nair,Female,9479285997,L018,3/23/1997,2/19/2024,Verified
U01526,Karan,Kumar,Male,6822754250,L005,7/8/1982,1/13/2018,Verified
U01527,Priya,Rao,Female,9307319301,L024,10/7/1969,5/18/2017,Verified
U01528,Ira,Prasad,Female,9562146711,L023,7/9/2007,4/9/2024,Verified
U01529,Sheetal,Agarwal,Female,6695911690,L013,12/16/1988,8/17/2017,Verified
U01530,Varsha,Sethi,Female,6528553055,L048,5/22/1964,1/26/2023,Failed
U01531,Ganesh,Singh,Male,6699364034,L025,11/7/1972,7/11/2025,Verified
U01532,Bhavna,Shinde,Female,7707339174,L007,8/1/1961,8/30/2019,Verified
U01533,Lavanya,Hegde,Female,7460325534,L004,7/17/1969,10/23/2022,Verified
U01534,Sameer,Deshmukh,Male,8703635339,L011,12/22/1965,8/20/2018,Verified
U01535,Sachin,Menon,Male,8686067313,L029,7/17/1998,4/4/2018,Verified
U01536,Shalini,Goel,Female,9983687882,L026,12/15/1994,4/17/2024,Pending
U01537,Renu,Mahajan,Female,6951034762,L048,10/13/1970,12/19/2023,Verified
U01538,Darshan,Dubey,Male,8429303325,L006,12/21/1987,8/31/2025,Verified
U01539,Ishaan,More,Male,7963901545,L044,6/2/1958,8/2/2018,Verified
U01540,Varun,Hegde,Male,7822511890,L035,11/12/1978,4/22/2021,Verified
U01541,Ananya,Mishra,Female,7131853085,L020,3/2/2002,1/8/2022,Verified
U01542,Rekha,Srivastava,Female,7349967336,L040,10/18/1976,7/31/2021,Verified
U01543,Akash,Dubey,Male,6455691325,L022,3/7/1996,11/9/2021,Verified
U01544,Vivaan,Baruah,Male,7333285952,L044,10/6/1993,12/16/2020,Verified
U01545,Aryan,Ghosh,Male,7422928654,L012,7/25/1955,11/5/2021,Pending
U01546,Chhavi,Agarwal,Female,9619042029,L005,6/22/1964,1/11/2018,Verified
U01547,Sandeep,Puri,Male,9348386383,L003,10/18/1961,11/16/2021,Verified
U01548,Rajesh,Rao,Male,7828476107,L044,1/23/1983,1/2/2025,Verified
U01549,Anjali,Mehta,Female,8242072477,L012,4/27/1981,5/27/2021,Verified
U01550,Vijay,Hegde,Male,9804249975,L025,7/3/1991,11/25/2018,Verified
U01551,Prachi,Kumar,Female,7727862735,L040,1/31/1976,1/23/2018,Verified
U01552,Mohit,Choudhary,Male,7415924495,L024,12/17/2007,9/9/2025,Verified
U01553,Rajat,Sandhu,Male,7850582842,L033,7/12/1970,11/1/2025,Verified
U01554,Bhavesh,Tiwari,Male,9307685256,L015,1/20/1967,5/31/2017,Verified
U01555,Salman,More,Male,9325771190,L032,5/4/1974,1/8/2022,Verified
U01556,Tarun,Mehta,Male,8915688432,L050,2/2/1973,2/18/2020,Verified
U01557,Ankita,Mathew,Female,7781005263,L021,3/12/1961,5/22/2024,Verified
U01558,Muskan,Pinto,Female,7847259433,L029,7/15/1988,8/19/2025,Verified
U01559,Bharti,Sharma,Female,9575663873,L045,8/8/1981,12/29/2017,Verified
U01560,Kanchan,Deshmukh,Female,9827403900,L028,12/18/2001,4/25/2021,Verified
U01561,Raj,Ansari,Male,6744069756,L008,12/11/1995,3/24/2024,Verified
U01562,Kabir,Gaikwad,Male,6589301324,L047,7/18/1969,11/24/2017,Failed
U01563,Kavya,Choudhary,Female,8209396494,L010,11/25/1963,5/15/2023,Verified
U01564,Kiran,Shinde,Female,8151387121,L024,11/19/1989,5/17/2021,Verified
U01565,Danish,Singh,Male,9626180311,L015,9/10/1966,9/29/2022,Verified
U01566,Ashish,Chatterjee,Male,7433602197,L014,5/3/1995,6/10/2023,Verified
U01567,Kiran,Mukherjee,Female,7808410452,L041,1/4/1981,1/22/2024,Verified
U01568,Rudra,Khanna,Male,9614261934,L028,9/14/1979,7/17/2025,Pending
U01569,Ganesh,D'Souza,Male,9827395022,L003,3/17/2000,1/10/2023,Verified
U01570,Kusum,Jadhav,Female,7610195656,L010,2/3/1955,3/22/2017,Pending
U01571,Ankita,Gupta,Female,8907459518,L035,1/25/1966,9/15/2024,Verified
U01572,Bhavesh,Rao,Male,9971963682,L020,5/6/1970,1/31/2024,Verified
U01573,Imran,Das,Male,7818784860,L011,7/19/2007,6/24/2022,Verified
U01574,Seema,Ghosh,Female,6373516464,L047,3/2/1975,12/25/2023,Verified
U01575,Bhavna,Sandhu,Female,7831475513,L020,8/3/1996,7/11/2024,Verified
U01576,Lokesh,Narang,Male,7436709312,L037,8/15/1975,4/1/2020,Verified
U01577,Anjali,Srivastava,Female,7607240675,L041,12/17/1958,7/24/2020,Verified
U01578,Kiran,Bose,Female,6127456905,L042,7/13/1964,1/19/2020,Pending
U01579,Anusha,Mishra,Female,7902076774,L034,3/20/2004,2/14/2020,Failed
U01580,Vinod,Bedi,Male,9986613192,L019,1/5/2001,12/10/2024,Pending
U01581,Bhavesh,Bansal,Male,8364000234,L037,9/6/1971,5/22/2018,Verified
U01582,Aparna,Tripathi,Female,6365164774,L016,9/21/2003,11/26/2023,Verified
U01583,Shyam,Arora,Male,9963995514,L041,1/1/1987,12/13/2020,Verified
U01584,Uma,Saha,Female,6237690820,L014,12/2/1984,5/13/2024,Verified
U01585,Ajay,Deshmukh,Male,8913690179,L003,4/21/1995,11/27/2021,Verified
U01586,Kiran,Baruah,Female,9204593943,L043,5/29/1964,1/12/2022,Verified
U01587,Deepika,Kakkar,Female,6155892677,L031,8/1/1997,1/17/2019,Verified
U01588,Bhavesh,Qureshi,Male,8894723534,L041,2/18/1992,8/9/2019,Verified
U01589,Ananya,Mathew,Female,9807275030,L030,1/1/1966,12/24/2025,Verified
U01590,Priti,Shinde,Female,6565815213,L024,12/24/1986,2/25/2017,Verified
U01591,Farah,Banerjee,Female,6926623777,L035,4/30/1960,1/1/2021,Verified
U01592,Ankita,Pandey,Female,8833546627,L008,10/20/1962,1/7/2023,Pending
U01593,Sonia,Bose,Female,6218509612,L005,2/5/2003,5/20/2019,Verified
U01594,Shreya,Narang,Female,6651593942,L024,8/12/1997,12/29/2017,Pending
U01595,Ashish,Dutta,Male,9640648896,L021,5/28/1962,10/12/2022,Verified
U01596,Vijay,Pinto,Male,7454154639,L028,1/10/1992,7/23/2020,Verified
U01597,Noor,Syed,Female,7712953952,L042,1/26/1991,12/22/2024,Verified
U01598,Zoya,Chopra,Female,8910839596,L006,7/29/1992,8/7/2017,Verified
U01599,Trisha,Saikia,Female,6412705563,L041,5/16/1993,5/19/2017,Verified
U01600,Shreya,Kohli,Female,8188963218,L044,9/16/2006,5/6/2017,Verified
U01601,Sonal,Kapoor,Female,7883225835,L002,10/29/1976,8/3/2019,Verified
U01602,Sonia,Srivastava,Female,7250558671,L010,10/16/1985,9/16/2023,Pending
U01603,Myra,Lal,Female,6806750722,L022,1/21/1990,6/7/2021,Verified
U01604,Monika,Rao,Female,7616838695,L036,6/27/1979,11/18/2022,Verified
U01605,Fatima,Sawant,Female,9507709719,L038,5/31/1976,11/5/2023,Verified
U01606,Sumit,Deshmukh,Male,8511095785,L041,6/2/1955,11/30/2020,Verified
U01607,Salman,Ali,Male,9676121238,L048,9/20/1967,8/31/2018,Pending
U01608,Aryan,Banerjee,Male,9804076435,L023,7/25/1961,1/11/2017,Verified
U01609,Nandini,Saha,Female,7788536061,L006,12/31/1999,5/30/2024,Verified
U01610,Reyansh,Malhotra,Male,9546878485,L029,8/3/2003,2/17/2018,Verified
U01611,Madhu,Sengar,Female,8785687569,L015,3/24/1987,6/5/2022,Verified
U01612,Ruchi,Gill,Female,8564293540,L004,5/26/1957,6/1/2018,Pending
U01613,Parth,Mehta,Male,6216883307,L043,7/26/1997,3/8/2020,Verified
U01614,Rudra,Puri,Male,7787593903,L012,12/20/1964,9/16/2022,Pending
U01615,Garima,Khan,Female,8492879104,L047,4/29/1960,1/14/2020,Verified
U01616,Ayaan,Sethi,Male,7140946379,L032,6/9/1970,1/20/2022,Verified
U01617,Seema,Banerjee,Female,8946878752,L048,7/27/1960,6/11/2025,Verified
U01618,Danish,Prasad,Male,6784911496,L025,11/20/1970,11/20/2021,Pending
U01619,Pankaj,Puri,Male,8416072014,L001,3/8/1984,11/27/2017,Verified
U01620,Sunita,Pinto,Female,9270398243,L046,6/19/1990,8/25/2017,Verified
U01621,Sunil,Prasad,Male,7314778352,L028,11/4/1999,10/27/2020,Verified
U01622,Jatin,Reddy,Male,7401309760,L015,9/7/1960,2/20/2025,Verified
U01623,Vihaan,Iyer,Male,7371064615,L032,4/10/1971,2/12/2024,Verified
U01624,Bhavna,Choudhary,Female,8307817619,L024,7/2/1960,1/10/2023,Verified
U01625,Deepika,Ali,Female,7121657795,L006,10/25/1956,1/15/2020,Verified
U01626,Nikhil,Tiwari,Male,7210222221,L032,9/20/1978,9/7/2022,Verified
U01627,Bhavna,Kalita,Female,6981065766,L018,9/12/1966,10/18/2021,Verified
U01628,Ganesh,Kulkarni,Male,7660852298,L028,9/15/2005,9/18/2019,Verified
U01629,Aarav,Nair,Male,6347002222,L005,10/11/2006,7/28/2018,Verified
U01630,Shaurya,Pereira,Male,8520344495,L035,3/21/1961,12/9/2017,Failed
U01631,Navya,Qureshi,Female,9658947930,L015,3/25/2001,12/5/2018,Failed
U01632,Shruti,Pereira,Female,6661403346,L050,12/18/1959,5/2/2024,Verified
U01633,Ganesh,Roy,Male,6109079781,L049,6/4/2000,2/28/2025,Verified
U01634,Tanya,Yadav,Female,6895496726,L011,12/13/1975,4/10/2021,Verified
U01635,Geeta,Pandey,Female,7584376862,L020,8/20/1994,4/21/2025,Verified
U01636,Jatin,Joseph,Male,8386125011,L015,12/14/1991,8/5/2025,Pending
U01637,Sonia,Prasad,Female,6636402816,L034,12/27/1971,6/21/2019,Verified
U01638,Nisha,Bhatia,Female,6790755258,L026,9/23/1978,8/30/2020,Pending
U01639,Sonia,Bansal,Female,8610472365,L007,5/15/1962,11/20/2022,Verified
U01640,Naresh,Gaikwad,Male,9316508235,L048,3/16/1997,1/31/2019,Verified
U01641,Sumit,Chopra,Male,9248515607,L009,6/23/1996,3/12/2025,Verified
U01642,Aditya,Narang,Male,8289365266,L011,6/12/1986,4/26/2022,Failed
U01643,Rehan,Goel,Male,8599087055,L004,11/16/1999,2/19/2017,Verified
U01644,Anusha,Gill,Female,8221821727,L001,10/6/1994,2/10/2019,Failed
U01645,Dinesh,Saxena,Male,7846378818,L021,2/22/1965,6/14/2017,Verified
U01646,Siya,More,Female,8459384625,L021,4/11/1975,5/28/2019,Verified
U01647,Aisha,Menon,Female,9391297499,L035,7/28/1987,9/27/2025,Verified
U01648,Rashmi,Mishra,Female,9791196895,L001,4/16/2003,4/16/2023,Failed
U01649,Om,Sethi,Male,9150311698,L010,3/14/1960,2/7/2021,Verified
U01650,Rekha,Mathew,Female,6996966448,L006,4/26/1980,3/25/2024,Verified
U01651,Tarun,Chatterjee,Male,6955988026,L031,8/20/1973,8/11/2020,Verified
U01652,Rupal,Ali,Female,8618551016,L034,11/28/2000,11/3/2024,Verified
U01653,Bharti,Deshmukh,Female,8382683656,L015,12/5/1975,3/23/2022,Verified
U01654,Ritika,Ansari,Female,8170737734,L050,4/9/1996,6/16/2019,Verified
U01655,Anu,Kulkarni,Female,8143936430,L015,2/25/1972,1/23/2024,Verified
U01656,Armaan,Rawat,Male,9161122823,L013,2/28/1963,4/7/2024,Verified
U01657,Kanchan,Rao,Female,6276694900,L034,10/30/1972,3/29/2020,Pending
U01658,Danish,Chatterjee,Male,6173000251,L023,11/9/1981,11/18/2025,Verified
U01659,Nitin,Patel,Male,9932227758,L048,11/23/1993,8/12/2021,Verified
U01660,Armaan,Jain,Male,7434946347,L042,1/3/1985,7/17/2020,Verified
U01661,Pooja,Nigam,Female,7430146523,L033,9/10/1987,4/29/2023,Verified
U01662,Keerthi,Iyer,Female,6400558990,L011,4/25/1995,8/29/2021,Pending
U01663,Sachin,Ghosh,Male,6322298737,L036,2/8/1962,4/11/2017,Verified
U01664,Geeta,Gupta,Female,8145801869,L025,8/21/1984,8/1/2017,Verified
U01665,Garima,Kumar,Female,6676486599,L028,10/20/1995,4/8/2022,Verified
U01666,Ishita,Ali,Female,6329026116,L015,3/13/1973,11/14/2025,Verified
U01667,Dev,Joshi,Male,9939794999,L011,9/20/1966,3/22/2025,Verified
U01668,Sneha,Khan,Female,7964214942,L021,8/29/1991,2/13/2019,Verified
U01669,Ganesh,Baruah,Male,7553132720,L002,2/27/2005,9/14/2024,Verified
U01670,Mansi,Shetty,Female,6452775462,L014,7/29/1957,10/25/2022,Verified
U01671,Zoya,Deshmukh,Female,9912613698,L047,11/25/1992,5/7/2019,Verified
U01672,Rajesh,Pawar,Male,7199256431,L030,6/13/1968,1/4/2020,Verified
U01673,Nikita,Saxena,Female,8873623583,L004,12/10/2000,6/1/2024,Verified
U01674,Ramesh,Sharma,Male,6168375885,L010,10/9/1959,7/29/2019,Verified
U01675,Harshit,Lal,Male,8341068566,L022,8/2/1986,3/1/2022,Verified
U01676,Rakesh,Thakur,Male,7519151040,L028,1/13/1972,8/3/2018,Verified
U01677,Amit,Bose,Male,6207583972,L047,1/31/1976,11/7/2025,Verified
U01678,Navya,Kohli,Female,9318957661,L028,5/29/2003,11/7/2020,Verified
U01679,Palak,Rao,Female,8704255388,L033,2/27/1990,7/24/2018,Verified
U01680,Keerthi,Sikdar,Female,6973359736,L007,2/15/1962,12/7/2025,Verified
U01681,Shyam,Sandhu,Male,8388174706,L011,5/20/2003,5/17/2017,Verified
U01682,Ileana,Naidu,Female,8498561701,L008,5/27/1975,11/6/2017,Verified
U01683,Sandeep,Mukherjee,Male,6886172456,L028,9/14/1992,12/26/2020,Pending
U01684,Jatin,Lal,Male,8570454231,L034,6/15/1972,1/26/2020,Verified
U01685,Pooja,Sengar,Female,7191615099,L025,7/7/1994,11/20/2024,Verified
U01686,Zaid,D'Souza,Male,8770722097,L038,8/24/1994,5/27/2017,Verified
U01687,Prachi,Pawar,Female,9745868641,L016,3/10/1965,5/3/2021,Failed
U01688,Tushar,More,Male,7563390270,L027,9/21/1991,4/23/2019,Pending
U01689,Rehan,More,Male,7140500405,L022,12/1/1965,9/11/2017,Verified
U01690,Hina,Baruah,Female,9197933810,L021,12/7/1992,2/5/2024,Verified
U01691,Rohit,Choudhary,Male,7240683511,L011,1/1/1969,9/11/2024,Verified
U01692,Aisha,Nigam,Female,9898386028,L017,7/1/1955,3/29/2020,Verified
U01693,Asif,Saikia,Male,9406762834,L010,12/25/1968,4/11/2023,Pending
U01694,Muskan,Jadhav,Female,9239239045,L033,8/4/1999,1/11/2017,Verified
U01695,Hina,Verma,Female,7873025903,L025,10/6/1971,6/24/2023,Verified
U01696,Armaan,Sethi,Male,8883080050,L011,1/19/1997,10/5/2024,Pending
U01697,Sneha,Naidu,Female,7248362626,L047,3/19/1994,11/10/2020,Verified
U01698,Yash,Bhardwaj,Male,6391928431,L031,6/26/2006,5/8/2024,Verified
U01699,Pranav,Saha,Male,8204158214,L001,12/11/1993,4/2/2025,Verified
U01700,Kishore,Arora,Male,7416277707,L023,8/8/2000,4/29/2024,Verified
U01701,Aparna,Mehta,Female,6285917801,L035,2/21/1969,11/6/2021,Verified
U01702,Chhavi,Arora,Female,9766952807,L036,5/20/1992,5/15/2024,Verified
U01703,Parth,Kalita,Male,8257239130,L011,2/5/1964,9/30/2025,Verified
U01704,Rohan,Chopra,Male,9770357045,L026,10/15/1980,12/6/2022,Verified
U01705,Shruti,Thakur,Female,7388895559,L041,3/4/2003,1/22/2018,Verified
U01706,Advik,Joseph,Male,6137236736,L003,7/17/1991,11/8/2020,Verified
U01707,Mansi,Sharma,Female,8893037181,L009,2/1/1963,3/13/2023,Verified
U01708,Madhuri,Nair,Female,8476902612,L004,10/2/1979,6/14/2022,Failed
U01709,Khushi,Fernandes,Female,8793800963,L038,6/8/1985,2/22/2020,Verified
U01710,Tejas,Mukherjee,Male,9926540639,L038,4/8/1998,3/19/2020,Verified
U01711,Rajat,Hegde,Male,7811714411,L038,1/21/1970,8/19/2021,Verified
U01712,Riya,Kapoor,Female,6977260421,L025,4/18/1974,1/13/2021,Verified
U01713,Shruti,Rana,Female,6648353956,L004,12/9/1962,7/11/2021,Verified
U01714,Chirag,Rao,Male,8710828107,L026,3/4/2005,8/14/2022,Verified
U01715,Vaishnavi,Mittal,Female,9417539975,L032,10/22/2006,1/31/2021,Verified
U01716,Naresh,Syed,Male,7811669148,L001,3/28/1982,7/11/2025,Verified
U01717,Raj,Sharma,Male,7314439975,L010,6/18/1989,1/24/2020,Verified
U01718,Tejas,Chawla,Male,7555795491,L013,9/20/1985,7/6/2018,Verified
U01719,Ramesh,Bhardwaj,Male,7848918373,L046,6/22/1961,7/28/2025,Verified
U01720,Sanjana,Rawat,Female,9464287042,L004,4/28/1984,8/5/2017,Failed
U01721,Pankaj,Kakkar,Male,7545874754,L002,5/30/1999,12/1/2025,Verified
U01722,Sumit,Naidu,Male,7321015842,L029,4/11/1995,9/22/2019,Verified
U01723,Sowmya,Deshmukh,Female,6272292847,L046,12/20/1991,7/22/2018,Verified
U01724,Sonia,Rawat,Female,6551928338,L024,4/5/1974,7/25/2017,Verified
U01725,Vikas,Reddy,Male,6811935009,L048,7/13/1959,11/22/2025,Verified
U01726,Prachi,Soni,Female,6915005534,L046,7/17/1960,5/14/2018,Verified
U01727,Divya,Mathew,Female,8228228962,L013,5/8/2004,8/14/2017,Verified
U01728,Shaurya,Mukherjee,Male,8804574574,L036,4/3/1995,5/19/2022,Pending
U01729,Gaurav,Negi,Male,6178908364,L019,7/26/1990,1/14/2019,Verified
U01730,Indu,Syed,Female,6268364313,L044,3/24/1956,12/10/2020,Verified
U01731,Madhuri,Sandhu,Female,9459937717,L006,4/26/1955,12/28/2017,Verified
U01732,Chirag,Nigam,Male,7701618177,L006,3/23/1980,2/5/2019,Verified
U01733,Rishabh,Khan,Male,7768971132,L037,5/10/2004,12/6/2025,Verified
U01734,Shaurya,Choudhary,Male,9160518977,L030,6/19/1963,8/1/2019,Verified
U01735,Priya,Jadhav,Female,7894286049,L006,3/2/2003,11/5/2019,Verified
U01736,Kanchan,Rana,Female,7490729223,L050,2/25/1969,11/5/2017,Verified
U01737,Vivaan,Mittal,Male,9208324921,L027,5/24/1957,1/19/2020,Verified
U01738,Manav,Bansal,Male,6344109379,L022,11/30/2003,9/27/2022,Pending
U01739,Riya,Rao,Female,7709853962,L001,1/27/1963,12/21/2020,Verified
U01740,Ruchi,Banerjee,Female,9206635200,L032,7/22/1957,1/11/2018,Verified
U01741,Riya,Kulkarni,Female,7467172572,L029,7/9/1979,9/27/2025,Verified
U01742,Zoya,Shetty,Female,7937610339,L040,12/5/2000,2/14/2021,Verified
U01743,Khushi,Sawant,Female,7272039570,L036,1/27/1956,3/29/2021,Verified
U01744,Ankit,Thakur,Male,6576718330,L018,1/16/1971,7/20/2020,Pending
U01745,Shreya,Kumar,Female,7707858828,L033,6/16/1989,1/10/2023,Verified
U01746,Raj,Chauhan,Male,6625006327,L001,7/18/1986,1/21/2023,Verified
U01747,Bharti,Bora,Female,7885324571,L010,10/24/1981,10/5/2018,Verified
U01748,Pradeep,Pandey,Male,6572843525,L035,12/9/1965,4/14/2019,Verified
U01749,Rajat,Naidu,Male,9274242662,L042,5/21/1966,10/31/2025,Pending
U01750,Kiara,Saikia,Female,8925426872,L030,4/28/1981,9/5/2022,Verified
U01751,Ravi,Bansal,Male,7440135973,L048,4/28/1958,4/23/2019,Verified
U01752,Danish,Patel,Male,7352765170,L015,9/12/2002,3/26/2018,Verified
U01753,Harini,Saxena,Female,6387981622,L049,7/22/1965,9/27/2019,Verified
U01754,Sara,Roy,Female,6651968749,L016,2/22/1997,7/4/2021,Verified
U01755,Ramesh,Sandhu,Male,8171553475,L041,7/11/1985,5/25/2021,Verified
U01756,Rakesh,Banerjee,Male,8976198398,L046,4/26/1987,8/10/2021,Verified
U01757,Sonia,Kapoor,Female,8780159360,L049,10/7/1993,2/29/2024,Verified
U01758,Ishita,Gill,Female,8490351953,L018,11/18/1976,8/23/2020,Verified
U01759,Pranav,Kapoor,Male,7540553905,L016,5/6/2006,10/23/2022,Verified
U01760,Atharv,Patil,Male,6529050874,L027,7/1/2004,1/15/2025,Failed
U01761,Kartik,Naidu,Male,9597519636,L031,7/9/1975,9/15/2019,Verified
U01762,Navya,Srivastava,Female,8896688928,L039,2/20/1970,1/1/2023,Verified
U01763,Ankit,Shetty,Male,9329289370,L033,4/7/2006,4/21/2020,Verified
U01764,Aanya,Bora,Female,9624463643,L011,2/23/1965,6/24/2021,Verified
U01765,Rishabh,Reddy,Male,9443117224,L003,7/15/1964,8/2/2024,Failed
U01766,Hina,Rana,Female,6280209108,L031,8/31/1999,1/17/2022,Verified
U01767,Neha,Syed,Female,9157718834,L009,9/23/1976,3/22/2020,Verified
U01768,Sonia,Iyer,Female,9395581276,L012,1/25/2001,12/11/2022,Verified
U01769,Vaishnavi,Ahuja,Female,9650066366,L020,8/16/1979,4/19/2022,Verified
U01770,Rudra,Bedi,Male,9324876191,L005,4/3/1960,8/5/2019,Verified
U01771,Rohan,Pereira,Male,6749920526,L044,7/5/1980,11/3/2023,Pending
U01772,Sandeep,Chatterjee,Male,9445029267,L026,11/18/2006,11/3/2023,Failed
U01773,Sachin,Singh,Male,7353451679,L018,6/8/1961,9/2/2017,Verified
U01774,Swati,Tiwari,Female,7424308302,L032,9/5/1970,12/5/2021,Verified
U01775,Sneha,Thakur,Female,8273846176,L011,4/19/1993,10/4/2023,Verified
U01776,Vivaan,Iyer,Male,7613305915,L004,4/29/1958,7/11/2017,Verified
U01777,Nisha,Malhotra,Female,9531256876,L007,2/7/1995,11/15/2020,Verified
U01778,Rehan,Bhardwaj,Male,6740896008,L038,12/6/1966,7/2/2021,Verified
U01779,Vijay,George,Male,6187417918,L006,1/23/1957,1/26/2022,Verified
U01780,Darshan,Ghosh,Male,8756108175,L003,5/14/1980,12/31/2025,Verified
U01781,Aditi,Mathew,Female,8745087600,L009,12/13/1997,6/3/2019,Verified
U01782,Reshma,Reddy,Female,8767140227,L003,12/2/1996,3/9/2024,Verified
U01783,Rohan,Chawla,Male,8393785300,L033,9/27/1963,8/28/2018,Verified
U01784,Geeta,More,Female,6195581116,L016,8/9/1955,3/8/2025,Verified
U01785,Ishita,Sidhu,Female,6526667912,L046,9/16/1975,7/23/2017,Verified
U01786,Ramesh,Sidhu,Male,9989428494,L048,8/5/1995,8/9/2022,Verified
U01787,Manish,Sidhu,Male,8329312274,L040,8/1/1981,4/5/2025,Verified
U01788,Reyansh,Saxena,Male,6552079250,L004,6/9/1966,1/4/2017,Verified
U01789,Atharv,Kamath,Male,7878878069,L024,7/29/1996,3/30/2019,Verified
U01790,Pankaj,Kumar,Male,9868014019,L043,1/31/1959,6/8/2017,Verified
U01791,Rudra,Prasad,Male,7177900865,L037,2/3/2000,1/6/2023,Verified
U01792,Ayush,Mahajan,Male,9178347860,L025,2/12/1964,4/10/2021,Verified
U01793,Krishna,Baruah,Male,8193830061,L042,8/25/1959,12/4/2021,Verified
U01794,Madhu,Banerjee,Female,9269068992,L018,5/20/1982,4/22/2021,Verified
U01795,Akash,Kumar,Male,8984110148,L023,10/27/2006,3/10/2018,Verified
U01796,Mayank,Qureshi,Male,9904359813,L027,11/12/1964,5/3/2025,Failed
U01797,Rekha,Syed,Female,6970254919,L040,2/2/1966,10/21/2024,Verified
U01798,Kunal,Pereira,Male,8627412990,L043,7/6/1988,5/28/2022,Verified
U01799,Ishaan,Bhardwaj,Male,8856489173,L040,3/12/2005,1/2/2019,Verified
U01800,Lavanya,Choudhary,Female,9392238435,L050,12/24/1967,1/15/2021,Failed
U01801,Anil,Bhardwaj,Male,6472827788,L007,7/13/2005,8/8/2021,Verified
U01802,Myra,Shaikh,Female,7502816727,L010,7/30/1959,11/12/2021,Verified
U01803,Rudra,Ghosh,Male,7572082897,L015,5/17/1960,2/17/2019,Verified
U01804,Rashmi,Pereira,Female,6786381121,L042,3/14/2004,1/9/2018,Verified
U01805,Varun,Sengar,Male,6992344075,L043,7/31/1992,10/18/2024,Verified
U01806,Purnima,Kalita,Female,8433964217,L027,1/15/2003,10/4/2022,Verified
U01807,Lokesh,Iyer,Male,8499923048,L005,8/23/1965,2/21/2024,Verified
U01808,Deepak,Saikia,Male,9674122997,L028,10/25/1967,11/4/2021,Verified
U01809,Ritika,Tripathi,Female,8223258731,L034,11/23/1972,5/21/2020,Verified
U01810,Deepak,Sikdar,Male,9592485073,L023,5/21/1973,5/15/2025,Verified
U01811,Rashmi,Khanna,Female,9736729848,L023,7/10/1968,8/18/2021,Verified
U01812,Priti,Dutta,Female,6954880099,L045,3/8/1980,12/27/2024,Verified
U01813,Mehak,Bose,Female,9197722057,L013,3/7/1964,8/18/2018,Verified
U01814,Ankita,D'Souza,Female,7467123698,L042,6/28/2006,9/10/2024,Verified
U01815,Tanya,Pinto,Female,7823509410,L032,10/28/1966,9/4/2019,Verified
U01816,Simran,Kumar,Female,7726349215,L013,1/8/1988,6/28/2018,Verified
U01817,Rahul,Ali,Male,9878219969,L041,9/24/1996,11/4/2021,Verified
U01818,Naresh,Negi,Male,7172146260,L010,3/31/1993,6/7/2022,Verified
U01819,Garima,Hegde,Female,7157415104,L022,1/7/2000,3/30/2025,Pending
U01820,Mercan,Nair,Female,8283698796,L032,4/20/1997,11/13/2017,Pending
U01821,Myra,Pereira,Female,9847230094,L023,5/12/1971,3/16/2025,Verified
U01822,Naman,Prasad,Male,6490461125,L020,6/19/1968,5/21/2021,Pending
U01823,Advik,Iyer,Male,7338173307,L007,2/24/1969,2/1/2017,Verified
U01824,Rishabh,Thomas,Male,9230303999,L026,4/16/1997,10/21/2019,Pending
U01825,Kunal,Gill,Male,6303709683,L022,9/28/1979,12/31/2022,Verified
U01826,Hemant,Bhardwaj,Male,8652227839,L020,10/20/1958,7/20/2024,Pending
U01827,Vinod,Kumar,Male,8576184006,L006,2/22/2007,1/21/2020,Verified
U01828,Nisha,Srivastava,Female,9231048594,L014,10/25/1961,11/16/2017,Verified
U01829,Deepak,Srivastava,Male,8929574579,L003,6/14/1973,7/3/2020,Verified
U01830,Farhan,Jain,Male,8208953998,L037,5/30/1976,2/8/2025,Verified
U01831,Harini,Mehta,Female,9708833530,L001,6/14/1993,6/9/2021,Verified
U01832,Zoya,Ghosh,Female,9454930253,L046,7/5/1971,2/13/2024,Verified
U01833,Sonia,More,Female,6875913528,L019,7/31/1962,9/13/2022,Verified
U01834,Purnima,Gill,Female,7154434158,L050,5/15/1995,7/20/2019,Verified
U01835,Faizan,Nair,Male,8654541313,L003,2/10/1998,2/2/2020,Failed
U01836,Bhavesh,Shinde,Male,7355683674,L018,3/27/1979,11/6/2022,Verified
U01837,Purnima,Narang,Female,8434095656,L013,4/23/1985,1/31/2020,Verified
U01838,Uday,More,Male,8384191517,L009,8/9/1999,7/10/2019,Pending
U01839,Salman,Kohli,Male,6881605164,L002,2/19/1962,12/11/2022,Verified
U01840,Diya,Shinde,Female,6874067535,L035,11/20/1967,5/24/2018,Verified
U01841,Ayush,Banerjee,Male,9910059810,L010,8/5/2001,4/28/2024,Verified
U01842,Rudra,Tiwari,Male,9332664834,L018,2/27/2000,3/27/2018,Pending
U01843,Priya,Pillai,Female,6415192430,L040,5/29/1970,6/14/2023,Verified
U01844,Ramesh,Sengar,Male,8515558593,L001,8/11/2006,12/20/2018,Verified
U01845,Monika,Mukherjee,Female,7169058300,L037,3/2/1987,2/18/2017,Verified
U01846,Reshma,Suri,Female,7537825465,L027,10/30/1960,1/29/2025,Verified
U01847,Mayank,Dutta,Male,8345501132,L007,12/5/1981,7/11/2024,Verified
U01848,Khushi,Ghosh,Female,7486533523,L003,11/15/1971,4/16/2023,Verified
U01849,Hemant,Bora,Male,8215766950,L013,5/21/1955,5/26/2018,Failed
U01850,Sanjay,Ali,Male,7760732241,L050,5/24/1986,3/10/2022,Verified
U01851,Atharv,Das,Male,7662115886,L027,4/5/1971,12/5/2019,Verified
U01852,Renu,Shinde,Female,9201765341,L016,3/11/1976,12/3/2018,Verified
U01853,Rakesh,Joshi,Male,7742966522,L009,11/21/1996,12/2/2018,Verified
U01854,Swati,Pinto,Female,6861006306,L005,10/15/1996,5/6/2019,Verified
U01855,Abhishek,More,Male,6820987129,L040,12/11/1959,11/6/2017,Verified
U01856,Anita,Malhotra,Female,8707725711,L009,2/11/2004,10/28/2022,Verified
U01857,Priti,D'Souza,Female,7875186156,L035,4/29/2005,10/24/2017,Failed
U01858,Faizan,George,Male,8880548522,L003,3/24/1956,2/8/2025,Verified
U01859,Radhika,Sharma,Female,7464441143,L019,3/21/1977,5/30/2024,Verified
U01860,Geeta,Chopra,Female,8784331822,L045,12/29/2004,3/5/2025,Verified
U01861,Mukesh,Rao,Male,7962101491,L024,7/26/1961,11/19/2022,Verified
U01862,Rekha,Kulkarni,Female,6602523623,L010,12/1/1993,9/25/2019,Verified
U01863,Mayank,Goel,Male,7295227088,L038,3/26/1995,5/21/2017,Verified
U01864,Kusum,Lalwani,Female,6338629545,L032,1/18/1984,5/19/2022,Verified
U01865,Ankita,Chopra,Female,8314618416,L048,8/24/1973,11/16/2018,Verified
U01866,Danish,Ansari,Male,8163382227,L048,6/11/1960,12/16/2019,Verified
U01867,Ishaan,Bansal,Male,7681764745,L013,7/14/1965,3/27/2019,Verified
U01868,Saurabh,Bora,Male,8410447537,L049,8/13/1988,2/17/2022,Pending
U01869,Uma,Ali,Female,7227528164,L015,5/21/2001,5/14/2020,Verified
U01870,Bhavna,Sidhu,Female,6131066827,L008,11/4/1987,1/8/2025,Verified
U01871,Aman,Banerjee,Male,8380087375,L004,6/1/1998,3/4/2020,Verified
U01872,Chirag,Negi,Male,6556485985,L004,10/13/1995,1/23/2024,Verified
U01873,Ankit,Chopra,Male,7582324687,L026,2/11/1987,3/28/2019,Verified
U01874,Nisha,Kalita,Female,6786284481,L005,9/19/2000,3/3/2024,Verified
U01875,Jatin,Srivastava,Male,8480615176,L050,12/30/1990,1/1/2024,Verified
U01876,Sara,Bose,Female,8199067957,L010,5/11/2002,4/28/2017,Verified
U01877,Sanjana,Patel,Female,8204469747,L008,4/28/1983,6/13/2022,Verified
U01878,Palak,Kapoor,Female,6451928011,L024,5/28/1960,6/13/2017,Verified
U01879,Kusum,Ali,Female,8383628123,L048,3/19/1980,8/28/2023,Pending
U01880,Chhavi,Sharma,Female,9161970805,L019,6/29/2000,5/6/2024,Verified
U01881,Sowmya,Kulkarni,Female,9647127329,L003,12/30/2007,11/20/2017,Verified
U01882,Nikita,Bhardwaj,Female,7283815964,L029,5/8/1995,9/23/2020,Verified
U01883,Ayaan,Patel,Male,8335381288,L019,6/25/1994,6/10/2024,Verified
U01884,Anjali,Dutta,Female,6167464137,L027,10/8/1963,12/13/2019,Verified
U01885,Bhavesh,Mishra,Male,6475611345,L001,5/18/1998,12/9/2025,Verified
U01886,Anu,Naidu,Female,6104964403,L017,2/25/1989,1/27/2025,Verified
U01887,Vaishnavi,Dutta,Female,9249723386,L002,8/11/1993,4/2/2018,Verified
U01888,Karan,Mukherjee,Male,8189545982,L042,2/10/2000,11/23/2017,Verified
U01889,Rohit,Yadav,Male,9456519090,L019,6/12/1971,2/7/2023,Verified
U01890,Shaurya,Sidhu,Male,7554322811,L013,10/13/1997,10/12/2020,Verified
U01891,Dinesh,Shinde,Male,8782439131,L008,4/8/1978,8/7/2024,Verified
U01892,Om,Tiwari,Male,8917169101,L030,12/7/1977,12/19/2021,Verified
U01893,Harsh,Bose,Male,8100200317,L026,1/20/1974,5/17/2024,Verified
U01894,Harshit,Patil,Male,7488523247,L034,1/7/1977,11/15/2023,Verified
U01895,Shalini,Kamath,Female,8754196354,L033,4/19/1982,9/20/2024,Verified
U01896,Sowmya,Mukherjee,Female,7377778822,L006,12/31/2003,2/21/2023,Pending
U01897,Renu,Suri,Female,6872732988,L023,5/11/1991,8/17/2018,Verified
U01898,Pankaj,Shinde,Male,7523380150,L016,1/23/1964,5/12/2025,Verified
U01899,Lavanya,Saxena,Female,8413338600,L036,8/27/1957,7/18/2017,Verified
U01900,Jatin,Sengar,Male,7792652729,L013,3/7/1989,7/23/2017,Verified
U01901,Aditi,Hegde,Female,6534623667,L032,11/5/1972,6/12/2020,Verified
U01902,Nikhil,Naidu,Male,9692396491,L050,11/20/1996,9/23/2021,Verified
U01903,Hina,Joseph,Female,9655180763,L012,1/13/1979,10/29/2017,Pending
U01904,Arjun,Lalwani,Male,9981226618,L015,12/31/1978,9/21/2023,Pending
U01905,Vijay,Roy,Male,8159608926,L010,7/9/1982,3/4/2024,Verified
U01906,Sunil,Gupta,Male,7958996906,L012,6/22/1977,1/1/2017,Verified
U01907,Abhishek,Bhardwaj,Male,7458685118,L031,5/5/1980,4/15/2025,Verified
U01908,Payal,Kumar,Female,9646128081,L019,4/5/1983,11/28/2022,Verified
U01909,Mehak,Fernandes,Female,6244616811,L021,6/24/1973,1/17/2018,Verified
U01910,Seema,Bansal,Female,7893561925,L018,6/28/1982,9/19/2023,Verified
U01911,Harini,Suri,Female,6780656058,L033,10/25/1979,7/9/2019,Verified
U01912,Mukesh,Ahuja,Male,6213761872,L014,5/19/1994,9/29/2019,Verified
U01913,Vedant,Prasad,Male,9274267699,L021,12/13/1999,9/13/2021,Verified
U01914,Sameer,Sethi,Male,7819727803,L019,1/4/1957,5/27/2022,Verified
U01915,Tanya,Chatterjee,Female,6637743241,L025,9/4/2005,8/16/2022,Verified
U01916,Ashish,Prasad,Male,8686037498,L003,4/9/1996,2/22/2021,Verified
U01917,Swati,Chopra,Female,6453769771,L042,12/31/2006,1/21/2019,Verified
U01918,Noor,Mehta,Female,7218987944,L045,1/23/1993,12/25/2022,Verified
U01919,Ishita,Sidhu,Female,6578131254,L050,11/24/1963,4/27/2021,Verified
U01920,Tanvi,Yadav,Female,6240265081,L013,3/14/2006,6/23/2019,Verified
U01921,Jatin,Qureshi,Male,7275688093,L028,11/19/1956,6/21/2017,Verified
U01922,Akash,Deshmukh,Male,8624589008,L038,12/6/1968,10/26/2025,Verified
U01923,Meera,Kulkarni,Female,6973314498,L001,5/30/1997,1/14/2025,Pending
U01924,Aparna,Bhatia,Female,8564456924,L049,11/26/1972,11/13/2020,Verified
U01925,Aditi,Shinde,Female,9981226071,L009,10/23/1955,4/18/2019,Verified
U01926,Ira,Ansari,Female,7927256317,L032,10/16/1970,3/7/2023,Verified
U01927,Sanjana,Mathew,Female,6363106691,L007,8/16/1995,2/1/2023,Verified
U01928,Pradeep,Qureshi,Male,7428847475,L042,10/17/1993,1/11/2023,Verified
U01929,Asif,Mukherjee,Male,9617493552,L038,8/9/1969,11/21/2018,Verified
U01930,Mohit,Nair,Male,6807241662,L034,2/1/1963,7/17/2023,Verified
U01931,Ileana,Rana,Female,8840743583,L021,6/12/1990,7/25/2025,Verified
U01932,Ritika,Fernandes,Female,8177975728,L043,3/23/1963,12/10/2020,Verified
U01933,Reyansh,Gill,Male,7553188952,L020,7/4/1961,3/28/2025,Failed
U01934,Shubham,Tiwari,Male,6666329752,L001,7/19/1981,1/24/2022,Verified
U01935,Aparna,Das,Female,6535656958,L044,9/4/1986,8/31/2025,Pending
U01936,Rekha,Mathew,Female,6399632979,L022,6/1/1980,9/2/2020,Pending
U01937,Tarun,Rawat,Male,8141860757,L023,6/13/1996,6/7/2019,Verified
U01938,Nazia,Mishra,Female,6333419559,L035,2/16/1994,4/4/2022,Verified
U01939,Radhika,Sethi,Female,6614269424,L004,3/3/1994,5/28/2025,Verified
U01940,Pooja,Saxena,Female,7382312295,L015,5/28/2000,7/3/2020,Verified
U01941,Muskan,Agarwal,Female,7230256017,L012,3/12/1985,12/22/2024,Verified
U01942,Rohan,Gupta,Male,9126150937,L021,11/16/1986,7/9/2020,Verified
U01943,Shyam,Pinto,Male,6846426613,L035,4/23/1976,10/5/2020,Verified
U01944,Kabir,Kulkarni,Male,9793863439,L002,11/5/1986,7/3/2023,Verified
U01945,Saurabh,Mittal,Male,9621400672,L013,8/6/1991,4/29/2019,Verified
U01946,Ishaan,Chatterjee,Male,6600276482,L045,3/31/1988,10/22/2025,Verified
U01947,Vaishnavi,Ahuja,Female,7620443091,L048,11/5/1968,2/8/2022,Pending
U01948,Meera,Mittal,Female,7612827187,L030,4/17/1998,9/12/2020,Verified
U01949,Kiara,Chauhan,Female,7907234582,L022,11/25/1990,9/25/2024,Pending
U01950,Preeti,Chopra,Female,6585160049,L015,10/25/1978,4/13/2022,Verified
U01951,Darshan,Qureshi,Male,9242863315,L009,12/16/1998,9/5/2017,Verified
U01952,Nandini,Bhardwaj,Female,8225797317,L006,5/7/2002,6/11/2018,Failed
U01953,Divya,Bhardwaj,Female,8176244583,L016,5/7/1983,11/24/2017,Verified
U01954,Sheetal,Narang,Female,6681896619,L034,7/14/1963,3/7/2022,Failed
U01955,Ira,Chawla,Female,7415165175,L020,3/26/1975,6/8/2021,Verified
U01956,Nandini,Mehta,Female,9732579672,L042,8/2/1995,10/11/2023,Verified
U01957,Parth,Narang,Male,9399810000,L023,3/18/1972,3/4/2025,Verified
U01958,Rashmi,Nigam,Female,6442095176,L023,9/28/1990,11/1/2017,Verified
U01959,Abhishek,Dutta,Male,9681809819,L032,3/3/1962,12/10/2024,Verified
U01960,Pradeep,Deshmukh,Male,6202487360,L022,10/4/1979,9/26/2022,Verified
U01961,Diya,Narang,Female,7175045590,L014,10/17/1955,4/23/2024,Verified
U01962,Manav,Kohli,Male,9603719803,L036,2/24/1960,5/7/2022,Verified
U01963,Yash,Shaikh,Male,8600016301,L014,10/1/1982,7/2/2023,Verified
U01964,Kusum,Soni,Female,7710575856,L024,1/25/1993,12/4/2023,Verified
U01965,Bhavesh,Narang,Male,8184445256,L043,12/12/1960,6/10/2019,Verified
U01966,Komal,Lal,Female,8473133723,L007,9/13/1972,4/29/2024,Verified
U01967,Ritvik,Menon,Male,7406296398,L035,9/27/1957,9/10/2021,Verified
U01968,Myra,Narang,Female,8518905876,L012,12/2/1958,4/3/2022,Verified
U01969,Riya,Thomas,Female,9606428215,L042,12/16/1981,4/19/2019,Pending
U01970,Aanya,Saikia,Female,8854586693,L021,8/11/1971,2/21/2024,Verified
U01971,Jatin,Nigam,Male,8174159131,L013,10/6/1968,11/28/2018,Pending
U01972,Siddharth,Agarwal,Male,8138805794,L031,3/4/2006,1/7/2018,Failed
U01973,Trisha,Mahajan,Female,9293180778,L003,1/1/1973,5/14/2019,Verified
U01974,Raj,Mishra,Male,7460620614,L018,8/12/1964,12/19/2017,Verified
U01975,Pooja,Kulkarni,Female,7255323443,L040,9/11/1974,8/11/2024,Verified
U01976,Dev,Qureshi,Male,6440228524,L002,3/5/1958,7/15/2017,Pending
U01977,Rajesh,Pillai,Male,9693182848,L020,7/11/1958,7/31/2019,Verified
U01978,Rajat,Rawat,Male,6361518636,L044,10/27/1967,4/17/2024,Verified
U01979,Seema,Puri,Female,6111516559,L006,9/19/1958,1/21/2022,Pending
U01980,Simran,Goel,Female,9428436165,L018,10/7/1990,11/16/2019,Verified
U01981,Mayank,Shinde,Male,9331894229,L008,10/11/1961,3/26/2023,Verified
U01982,Zaid,More,Male,8846792556,L010,5/4/1989,6/10/2025,Verified
U01983,Aditi,Gaikwad,Female,6187132809,L016,9/11/1995,4/20/2018,Verified
U01984,Dinesh,Bora,Male,6145633669,L012,12/14/1998,6/5/2021,Verified
U01985,Garima,Iyer,Female,8290092216,L015,8/23/1992,10/28/2024,Verified
U01986,Rakesh,Pawar,Male,6523681667,L036,11/9/2003,10/23/2022,Verified
U01987,Aditi,Rana,Female,8997802701,L014,8/23/1990,2/21/2025,Verified
U01988,Muskan,Joseph,Female,7417743972,L024,6/20/1962,4/10/2023,Verified
U01989,Tarun,Bedi,Male,6642795560,L003,12/12/2005,11/24/2021,Verified
U01990,Vaishnavi,Fernandes,Female,8748630098,L049,2/20/1977,5/3/2025,Verified
U01991,Raj,Fernandes,Male,8761838928,L044,12/3/1984,3/29/2018,Verified
U01992,Danish,Mehta,Male,9380095031,L033,7/21/1956,12/29/2021,Verified
U01993,Priya,Pandey,Female,7857298536,L017,12/13/1985,7/16/2017,Failed
U01994,Reyansh,Srivastava,Male,9229240454,L048,9/8/1981,9/26/2019,Verified
U01995,Harini,Ghosh,Female,8507969908,L023,8/20/1990,10/21/2021,Verified
U01996,Aarav,Rana,Male,7364862087,L026,5/4/1965,5/9/2023,Verified
U01997,Tarun,Mahajan,Male,8649715299,L022,2/21/2003,9/11/2021,Verified
U01998,Jyoti,Puri,Female,9979590644,L023,11/27/1966,9/28/2018,Verified
U01999,Om,Sawant,Male,8158266953,L021,8/31/1976,3/12/2022,Verified
U02000,Rahul,Mittal,Male,9661788361,L015,5/6/1980,7/6/2020,Verified
U02001,Khushi,Pawar,Female,9183795715,L033,2/21/1995,9/8/2025,Verified
U02002,Swati,Bansal,Female,6569224483,L041,12/4/1985,3/1/2018,Verified
U02003,Divya,Sethi,Female,8738954189,L033,10/2/2005,2/11/2024,Verified
U02004,Gaurav,Dubey,Male,9913126110,L024,10/22/1985,9/15/2022,Verified
U02005,Anil,Jain,Male,7505553001,L010,7/14/1984,1/20/2019,Verified
U02006,Om,Patil,Male,9289386191,L037,6/8/1976,3/2/2021,Verified
U02007,Advik,Pandey,Male,7668680793,L017,7/13/1969,5/22/2017,Verified
U02008,Jyoti,Lalwani,Female,7765624058,L027,8/7/1960,10/24/2020,Verified
U02009,Farhan,Bansal,Male,8643197813,L029,7/27/1978,11/10/2021,Verified
U02010,Kanchan,Negi,Female,8589207487,L050,11/1/1981,9/26/2022,Verified
U02011,Rajat,Prasad,Male,9454762329,L043,6/24/1983,4/28/2019,Verified
U02012,Sheetal,Syed,Female,9566191612,L044,12/17/1963,10/9/2025,Verified
U02013,Ravi,Iyer,Male,9825582199,L015,9/8/1965,3/7/2019,Verified
U02014,Mohit,Yadav,Male,8979595244,L008,7/24/1973,7/25/2021,Verified
U02015,Tanya,Yadav,Female,6320728711,L023,2/7/1984,7/14/2023,Failed
U02016,Rohan,Sikdar,Male,9579840532,L033,7/26/1977,8/9/2020,Verified
U02017,Vikas,Shinde,Male,8738707337,L019,9/11/1961,6/24/2024,Verified
U02018,Muskan,Kohli,Female,8356151971,L003,1/7/1971,7/26/2024,Verified
U02019,Hemant,Bhatia,Male,6325960863,L029,8/30/1995,10/6/2020,Pending
U02020,Kiran,Prasad,Female,8870561521,L035,2/21/1970,3/31/2020,Verified
U02021,Charu,Fernandes,Female,7869019332,L017,4/18/2000,12/22/2019,Verified
U02022,Radhika,Ali,Female,7986722008,L031,4/10/1988,5/4/2023,Verified
U02023,Rashmi,Bora,Female,9749692605,L025,4/23/1976,9/20/2025,Verified
U02024,Vivek,Goel,Male,7178413661,L014,8/12/1993,6/18/2020,Failed
U02025,Ananya,Mathew,Female,9442539382,L050,8/23/1992,11/14/2024,Verified
U02026,Anusha,Chauhan,Female,6666772919,L020,9/23/1969,1/26/2024,Verified
U02027,Aparna,Suri,Female,6680349133,L019,8/1/1979,12/18/2021,Verified
U02028,Arnav,Rao,Male,6394243786,L037,3/4/1963,10/28/2017,Pending
U02029,Priya,D'Souza,Female,7686013446,L045,2/27/1977,10/12/2024,Verified
U02030,Sara,Pandey,Female,6695441165,L003,2/26/2000,7/7/2024,Pending
U02031,Ishita,Ansari,Female,7575485722,L039,7/5/1963,10/17/2018,Verified
U02032,Kunal,Deshmukh,Male,9637416104,L022,12/14/1967,10/9/2019,Verified
U02033,Rajat,Hegde,Male,8227903534,L034,6/14/1966,7/27/2019,Verified
U02034,Kavya,Goel,Female,9243532130,L022,6/22/1981,6/15/2025,Verified
U02035,Ishaan,Chopra,Male,6130501488,L026,12/19/1963,4/14/2020,Verified
U02036,Uday,Verma,Male,7955915867,L038,7/17/1986,10/6/2024,Verified
U02037,Rohan,Gupta,Male,7951047400,L007,5/6/2006,3/10/2025,Verified
U02038,Sushma,Gaikwad,Female,9237046587,L016,3/7/1981,6/27/2024,Verified
U02039,Rohit,Kapoor,Male,6524731222,L028,9/23/1984,1/12/2023,Verified
U02040,Darshan,Mahajan,Male,6328651663,L037,3/24/2005,1/31/2024,Pending
U02041,Payal,More,Female,7902600618,L026,7/18/1959,6/29/2017,Verified
U02042,Aarav,Bedi,Male,8560499936,L029,2/18/1964,3/25/2017,Verified
U02043,Tushar,More,Male,9686478517,L044,11/1/1993,3/5/2021,Verified
U02044,Rajesh,Nair,Male,6782016341,L028,1/26/1982,1/11/2021,Verified
U02045,Ishaan,Kamath,Male,7781211193,L038,2/9/1974,10/20/2017,Failed
U02046,Sunil,Rana,Male,7522832259,L028,1/28/2002,1/7/2022,Pending
U02047,Divya,Kapoor,Female,7199362018,L020,10/16/2005,8/19/2023,Failed
U02048,Bharti,George,Female,6678997160,L029,11/21/1964,11/17/2017,Verified
U02049,Harshit,Nair,Male,8901347953,L050,8/9/1972,2/4/2017,Verified
U02050,Sandeep,Baruah,Male,7886088086,L039,2/4/1978,5/31/2025,Verified
U02051,Neha,Nigam,Female,8537089982,L017,9/3/1982,9/15/2019,Verified
U02052,Ishita,Saikia,Female,9187723480,L036,11/28/1981,8/26/2017,Verified
U02053,Zaid,Pinto,Male,6435421184,L050,12/22/1985,12/21/2024,Verified
U02054,Sachin,Chawla,Male,7998214491,L040,5/10/2003,2/13/2024,Verified
U02055,Vedant,Srivastava,Male,8130442599,L048,1/6/1996,2/14/2022,Verified
U02056,Mercan,Dutta,Female,9107980013,L004,8/31/1962,10/5/2019,Verified
U02057,Vinod,Rawat,Male,9667620694,L044,2/11/2005,3/5/2025,Verified
U02058,Keerthi,Das,Female,7678128549,L007,4/21/1990,3/19/2025,Verified
U02059,Farah,Dutta,Female,8251941641,L001,4/23/1962,11/30/2022,Verified
U02060,Jatin,Nigam,Male,9730244872,L008,10/20/1998,7/16/2018,Verified
U02061,Atharv,Saikia,Male,8380034996,L044,3/24/1967,1/12/2020,Verified
U02062,Karan,Arora,Male,7660611598,L047,12/9/1993,2/16/2025,Verified
U02063,Vivaan,Nigam,Male,6712874666,L050,3/30/2002,2/24/2020,Verified
U02064,Mansi,Goel,Female,7891221279,L008,7/28/1980,7/14/2022,Verified
U02065,Vinod,Pawar,Male,8734856932,L029,8/4/1998,11/7/2022,Verified
U02066,Dinesh,Saxena,Male,8600765367,L011,2/6/1988,12/14/2023,Pending
U02067,Swati,Kalita,Female,6112572568,L050,4/9/1971,7/25/2025,Verified
U02068,Swati,Pillai,Female,8205028158,L031,4/13/1962,9/10/2018,Verified
U02069,Shalini,Deshmukh,Female,9858695461,L013,6/21/1966,10/31/2017,Verified
U02070,Shalini,Rao,Female,8353978754,L028,6/5/2003,11/1/2018,Verified
U02071,Garima,Ansari,Female,8404040907,L024,8/12/1988,7/21/2023,Verified
U02072,Vijay,Chauhan,Male,9157378941,L026,10/31/1998,2/10/2022,Verified
U02073,Meera,Pawar,Female,6999959453,L028,10/24/1997,12/27/2024,Verified
U02074,Mehak,Negi,Female,7771171971,L044,4/24/1967,9/21/2017,Verified
U02075,Anusha,Rana,Female,9768396522,L018,5/4/2001,10/12/2020,Verified
U02076,Ananya,Ghosh,Female,6418448975,L023,3/12/1995,7/11/2022,Verified
U02077,Vinod,Qureshi,Male,9799060234,L014,3/21/2002,11/12/2023,Verified
U02078,Vihaan,Dutta,Male,6848301225,L010,12/18/1990,10/2/2019,Verified
U02079,Aanya,Thakur,Female,7147024909,L028,8/28/1971,3/21/2022,Verified
U02080,Shaurya,Mishra,Male,8327151428,L015,8/3/1991,5/30/2023,Failed
U02081,Vinod,Iyer,Male,9998804850,L038,8/22/1977,11/5/2024,Verified
U02082,Ayush,Srivastava,Male,8783473832,L006,3/24/1974,6/2/2022,Verified
U02083,Kanchan,Patil,Female,6532859641,L022,5/4/1980,1/6/2023,Verified
U02084,Noor,Mittal,Female,6789313526,L004,1/4/1984,9/10/2024,Verified
U02085,Vaishnavi,Das,Female,9115937160,L027,6/9/1993,8/17/2022,Verified
U02086,Sheetal,Narang,Female,8203101336,L022,11/18/1973,2/3/2023,Verified
U02087,Chirag,Sawant,Male,8549572279,L028,3/10/1969,12/8/2018,Verified
U02088,Preeti,Jain,Female,6286988503,L020,4/1/1989,8/17/2020,Verified
U02089,Lata,Negi,Female,8707496490,L047,3/9/1963,11/14/2024,Pending
U02090,Riya,Malhotra,Female,6379090382,L032,8/18/1966,11/8/2023,Verified
U02091,Vinod,Lalwani,Male,8517228705,L034,5/8/1976,6/21/2024,Verified
U02092,Vihaan,Nair,Male,9436864370,L030,11/30/2004,2/17/2021,Verified
U02093,Reshma,Malhotra,Female,8223213551,L009,3/9/1993,4/27/2021,Verified
U02094,Naresh,D'Souza,Male,7102233630,L044,9/15/1955,5/3/2024,Verified
U02095,Ashish,Mathew,Male,9102750112,L019,4/2/2007,5/10/2021,Verified
U02096,Tarun,Soni,Male,7946922854,L032,5/22/1973,6/14/2018,Pending
U02097,Shruti,Banerjee,Female,7710962968,L026,12/22/1960,8/14/2022,Pending
U02098,Zoya,Rana,Female,9180494328,L004,7/26/1986,6/24/2020,Verified
U02099,Jatin,Saikia,Male,6449499427,L035,6/29/1982,5/13/2020,Verified
U02100,Siya,Kamath,Female,8815020294,L001,7/15/1955,7/3/2022,Verified
U02101,Raj,Saikia,Male,9170437939,L022,12/1/2005,1/24/2025,Verified
U02102,Pooja,Patel,Female,6331576140,L010,12/5/1966,6/4/2021,Failed
U02103,Vedant,Malhotra,Male,6639404411,L019,1/6/2007,4/23/2025,Verified
U02104,Farah,Dutta,Female,8762380697,L011,4/20/2006,6/13/2024,Verified
U02105,Mehak,Menon,Female,7335348954,L047,12/26/1957,8/5/2018,Verified
U02106,Nisha,Puri,Female,8880437482,L003,11/18/1985,8/6/2019,Verified
U02107,Laksh,Chauhan,Male,7890600263,L049,11/21/1976,3/30/2024,Verified
U02108,Vaishnavi,Saxena,Female,7508865231,L014,4/22/1972,8/19/2017,Verified
U02109,Ramesh,Nigam,Male,9333499434,L042,8/31/1969,8/31/2024,Verified
U02110,Uma,Joshi,Female,6385992578,L034,9/23/1985,10/9/2024,Verified
U02111,Khushi,Bedi,Female,7580779123,L036,9/18/1961,11/22/2022,Verified
U02112,Divya,Verma,Female,9327426913,L034,2/11/1990,12/23/2023,Verified
U02113,Vedant,Lalwani,Male,8829208704,L040,3/19/1999,5/31/2021,Verified
U02114,Ira,Kumar,Female,6105162693,L036,4/11/1961,10/21/2020,Verified
U02115,Anusha,Rana,Female,8217925413,L007,9/4/1992,1/19/2020,Verified
U02116,Vedant,Kakkar,Male,6901589762,L017,1/10/1965,12/15/2025,Verified
U02117,Nazia,Thomas,Female,7921863999,L008,7/2/1978,3/27/2020,Verified
U02118,Farah,Goel,Female,7959078086,L025,2/2/1970,7/17/2025,Failed
U02119,Myra,Gaikwad,Female,9925000746,L040,10/9/1998,4/2/2019,Verified
U02120,Nisha,Nair,Female,8964157200,L044,10/21/1956,10/13/2023,Verified
U02121,Om,Suri,Male,6199362773,L048,7/31/1999,3/17/2025,Verified
U02122,Geeta,Gupta,Female,7132040107,L020,1/20/1992,8/1/2024,Verified
U02123,Mehak,Sidhu,Female,9173441087,L006,4/14/1963,6/3/2018,Verified
U02124,Jyoti,Gill,Female,8277315350,L031,9/11/2001,4/3/2021,Verified
U02125,Sakshi,Bose,Female,9268630800,L038,9/2/1961,8/2/2017,Verified
U02126,Manav,Deshmukh,Male,7746676027,L011,1/2/1992,8/22/2024,Verified
U02127,Alina,Ghosh,Female,9177211590,L043,2/21/1969,2/9/2018,Verified
U02128,Ishita,Bedi,Female,7240287066,L018,9/21/1987,2/5/2019,Verified
U02129,Tushar,Thomas,Male,7472387282,L018,10/26/2001,9/28/2017,Verified
U02130,Harshit,Bose,Male,9160849083,L005,6/23/1972,1/25/2017,Verified
U02131,Abhishek,Nigam,Male,9554230520,L039,10/14/1966,3/13/2021,Verified
U02132,Aditya,Pereira,Male,6307367424,L017,12/3/1991,6/18/2024,Verified
U02133,Naman,Nair,Male,6272028908,L046,7/26/2007,10/11/2020,Verified
U02134,Alina,Tripathi,Female,9393849760,L034,2/8/1971,2/8/2022,Verified
U02135,Aryan,Fernandes,Male,8585713459,L042,11/9/1979,10/31/2023,Verified
U02136,Lavanya,Bansal,Female,7237011807,L024,7/17/1957,1/13/2025,Pending
U02137,Bhavna,Mittal,Female,7949334432,L045,6/19/2003,5/30/2017,Verified
U02138,Siddharth,Singh,Male,7667853218,L041,2/6/1962,3/18/2022,Pending
U02139,Salman,D'Souza,Male,6693166012,L032,4/19/1986,9/16/2017,Verified
U02140,Ritvik,Jadhav,Male,9727612800,L024,9/3/1957,8/11/2019,Verified
U02141,Prachi,Deshmukh,Female,8221326959,L039,6/13/1982,11/7/2021,Verified
U02142,Kartik,Kumar,Male,6999697953,L020,5/28/1977,12/17/2023,Verified
U02143,Vinod,Deshmukh,Male,8888550140,L017,7/18/1997,10/16/2020,Verified
U02144,Arjun,Shaikh,Male,7494285249,L034,4/30/1982,5/30/2020,Verified
U02145,Deepika,Sharma,Female,8648123931,L036,2/23/1999,6/12/2022,Verified
U02146,Chhavi,Kulkarni,Female,7943366369,L044,5/9/1984,6/23/2025,Verified
U02147,Bhavesh,Shinde,Male,6606951917,L015,11/24/2001,7/15/2021,Verified
U02148,Payal,Kapoor,Female,9246772431,L001,2/16/1961,6/20/2025,Verified
U02149,Ishaan,Jain,Male,7273249873,L048,1/7/1991,4/8/2024,Verified
U02150,Mehak,Ahuja,Female,8536890216,L032,5/19/2002,12/13/2023,Verified
U02151,Danish,Gupta,Male,9935848172,L033,4/21/1989,3/17/2022,Verified
U02152,Lata,Agarwal,Female,6895297108,L017,2/3/1993,1/4/2018,Verified
U02153,Niharika,Ansari,Female,8368024389,L010,5/9/1987,12/3/2024,Pending
U02154,Pranav,Narang,Male,9688761242,L039,7/17/1957,6/10/2021,Verified
U02155,Naman,Mukherjee,Male,7517201042,L011,7/30/1980,11/21/2017,Pending
U02156,Arnav,Sidhu,Male,8662957716,L034,9/13/1981,10/25/2024,Verified
U02157,Komal,Gupta,Female,6510704031,L007,2/22/1991,1/5/2024,Verified
U02158,Kusum,Nair,Female,9436851329,L041,10/24/1975,4/30/2018,Verified
U02159,Shyam,More,Male,9661934205,L048,5/8/2006,3/8/2018,Verified
U02160,Manav,Shinde,Male,8869713084,L033,6/9/1985,10/29/2022,Verified
U02161,Sunita,Bhatia,Female,6911568853,L001,6/15/1990,7/16/2018,Verified
U02162,Aisha,Goel,Female,9453645433,L001,10/15/1990,10/5/2025,Verified
U02163,Sonia,Rana,Female,7636522668,L028,12/30/1987,8/12/2025,Pending
U02164,Shruti,Choudhary,Female,9422617971,L005,4/3/1993,2/19/2017,Verified
U02165,Naveen,Pandey,Male,7395137645,L009,2/4/1990,10/30/2022,Failed
U02166,Shruti,Deshmukh,Female,6250263115,L020,11/24/1971,6/21/2019,Pending
U02167,Zoya,Naidu,Female,6666464249,L044,7/12/1983,10/15/2024,Verified
U02168,Ishita,Pillai,Female,8245619095,L034,1/12/1976,6/18/2022,Pending
U02169,Atharv,Roy,Male,8664994887,L045,11/3/1992,12/7/2021,Verified
U02170,Muskan,Shinde,Female,8535511631,L019,4/18/1997,1/18/2020,Verified
U02171,Siya,Saha,Female,7745111075,L030,11/26/1996,8/15/2025,Verified
U02172,Priti,Rawat,Female,8922877032,L037,10/26/1986,5/21/2025,Verified
U02173,Rashmi,Pereira,Female,9138469351,L048,6/9/1997,3/13/2025,Failed
U02174,Sara,Puri,Female,6147034103,L048,9/20/1984,9/10/2019,Verified
U02175,Ankit,D'Souza,Male,8989058821,L032,7/13/1970,3/3/2020,Verified
U02176,Pooja,Sawant,Female,8924049601,L010,2/25/1958,2/17/2023,Pending
U02177,Madhuri,Kohli,Female,6333195049,L033,2/20/2002,11/4/2017,Verified
U02178,Kabir,Chopra,Male,9154088152,L018,8/7/1997,10/19/2019,Verified
U02179,Rishabh,Choudhary,Male,6334058396,L015,4/4/1957,1/24/2023,Verified
U02180,Kiran,Ahuja,Female,6652078227,L049,3/27/1965,8/3/2022,Verified
U02181,Ramesh,Banerjee,Male,7465251375,L043,12/13/1990,8/9/2018,Verified
U02182,Sakshi,Patel,Female,7998424114,L030,6/11/1978,1/11/2021,Verified
U02183,Sunil,Prasad,Male,7632857344,L016,3/10/1959,3/4/2024,Failed
U02184,Parth,Joshi,Male,7364716543,L037,12/1/1973,4/19/2019,Verified
U02185,Jyoti,Pawar,Female,8299416842,L034,9/10/1983,11/14/2023,Pending
U02186,Gaurav,Chawla,Male,8653329853,L050,7/13/1964,8/6/2020,Verified
U02187,Rajat,Joshi,Male,8561033063,L016,10/18/1984,5/20/2025,Verified
U02188,Shalini,Patel,Female,8618057301,L028,10/17/1995,1/28/2023,Verified
U02189,Kunal,Iyer,Male,6996586483,L011,1/30/2005,8/8/2018,Verified
U02190,Tanvi,Kamath,Female,6735942341,L012,6/30/1997,3/15/2017,Verified
U02191,Aryan,Sethi,Male,9541238878,L048,8/28/1964,9/8/2020,Verified
U02192,Sunita,Rawat,Female,7643759251,L012,10/16/1969,12/7/2024,Verified
U02193,Simran,George,Female,9828701457,L042,11/12/1981,1/24/2025,Verified
U02194,Tanvi,Pinto,Female,8594904167,L038,12/29/1977,1/18/2024,Verified
U02195,Sanjana,Pereira,Female,8486159009,L030,12/22/1992,4/11/2023,Verified
U02196,Krishna,Nigam,Male,8361016457,L013,5/11/1967,7/9/2022,Verified
U02197,Shyam,Mehta,Male,9653567012,L031,10/2/2007,6/7/2017,Verified
U02198,Sumit,Mishra,Male,6859935108,L028,12/3/1958,6/6/2018,Verified
U02199,Harshit,Dutta,Male,9359436847,L008,8/17/1980,6/6/2025,Verified
U02200,Jyoti,Bedi,Female,9667588550,L011,7/24/2005,1/12/2025,Failed
U02201,Sachin,Shetty,Male,8340014763,L006,7/18/2006,6/4/2023,Verified
U02202,Hemant,Menon,Male,8889151034,L010,3/5/2004,9/7/2022,Pending
U02203,Zoya,Pillai,Female,6102342959,L038,12/15/1960,10/3/2023,Verified
U02204,Preeti,Patel,Female,8585912990,L002,7/3/1985,11/13/2024,Verified
U02205,Arjun,Syed,Male,6718805964,L021,11/19/1971,11/25/2017,Verified
U02206,Fatima,Srivastava,Female,8395582121,L045,4/2/1987,7/22/2023,Pending
U02207,Purnima,Mehta,Female,6220412769,L004,6/27/1995,7/18/2022,Verified
U02208,Purnima,Bansal,Female,7439064543,L037,10/14/1980,6/4/2018,Verified
U02209,Prachi,Gill,Female,7471237665,L019,11/30/1960,10/19/2021,Verified
U02210,Shruti,Kapoor,Female,6158871615,L017,4/10/2000,10/28/2024,Verified
U02211,Shreya,Gaikwad,Female,8908991778,L019,3/16/1966,8/13/2017,Pending
U02212,Indu,Choudhary,Female,7260599748,L026,12/13/1993,6/27/2023,Verified
U02213,Geeta,Bora,Female,8749553179,L033,10/17/1992,4/10/2024,Verified
U02214,Vivek,Menon,Male,8421734733,L017,4/16/1989,10/28/2024,Pending
U02215,Imran,Kulkarni,Male,9533349662,L012,1/11/1979,3/23/2022,Verified
U02216,Geeta,Shaikh,Female,8318143211,L013,2/22/1979,4/29/2020,Verified
U02217,Sunita,Sidhu,Female,7859864653,L043,1/22/1997,11/17/2019,Verified
U02218,Garima,Kakkar,Female,8342881728,L038,6/30/1971,10/26/2017,Verified
U02219,Yash,Reddy,Male,8506111384,L039,1/29/1961,12/26/2021,Verified
U02220,Vidya,Patil,Female,7414617385,L008,12/25/1994,6/6/2024,Verified
U02221,Shreya,Yadav,Female,8207519152,L012,2/2/1965,6/13/2025,Verified
U02222,Indu,Puri,Female,9656374544,L017,4/23/1959,11/29/2024,Verified
U02223,Rakesh,Nigam,Male,6770127119,L002,5/8/1968,4/26/2023,Verified
U02224,Rohit,Jain,Male,7853978014,L011,4/26/1995,1/13/2018,Verified
U02225,Manish,Joshi,Male,9793324733,L036,8/8/1958,10/26/2022,Verified
U02226,Vaishnavi,Sawant,Female,6952112568,L029,12/23/1977,3/6/2023,Verified
U02227,Nikita,Suri,Female,9981298521,L016,12/18/1961,12/2/2018,Verified
U02228,Meera,Puri,Female,8281531754,L047,5/25/1979,7/21/2019,Verified
U02229,Anita,Pinto,Female,8489666525,L044,10/10/1963,6/27/2021,Verified
U02230,Kiran,Goel,Female,9809109270,L037,6/25/1972,1/5/2020,Verified
U02231,Ankita,Dutta,Female,7466490778,L004,10/26/1988,12/11/2017,Verified
U02232,Aparna,Pereira,Female,8328178232,L039,7/18/1961,2/17/2019,Verified
U02233,Rahul,Kalita,Male,7818351857,L036,3/28/2006,6/3/2017,Pending
U02234,Farah,Iyer,Female,8800501421,L047,7/17/1962,5/17/2021,Verified
U02235,Ishita,Rawat,Female,7447282831,L025,2/28/1996,5/21/2019,Verified
U02236,Purnima,Bhatia,Female,6283351009,L029,7/7/2005,6/19/2018,Verified
U02237,Faizan,Nair,Male,8203105225,L034,7/14/1978,5/23/2022,Verified
U02238,Mercan,Ahuja,Female,7122684052,L025,10/6/2003,12/12/2018,Verified
U02239,Charu,Sethi,Female,8839729427,L028,2/6/1960,6/1/2024,Verified
U02240,Aman,Malhotra,Male,8846859115,L016,9/10/1980,9/29/2025,Verified
U02241,Sanjay,Joshi,Male,7631077462,L008,1/7/2006,1/17/2024,Verified
U02242,Ankit,Menon,Male,7344819428,L040,1/7/2003,9/21/2025,Verified
U02243,Ruchi,Joshi,Female,8448508628,L018,3/5/1976,10/7/2022,Pending
U02244,Komal,Mittal,Female,9312050114,L023,4/30/1992,12/19/2017,Verified
U02245,Naresh,Kapoor,Male,6819231726,L021,11/18/1967,1/8/2018,Pending
U02246,Bhavesh,Arora,Male,8662540846,L041,3/25/2007,6/1/2020,Pending
U02247,Muskan,Gaikwad,Female,8617912528,L007,2/18/1987,9/22/2024,Verified
U02248,Komal,Pereira,Female,8895445779,L009,4/22/1956,6/8/2022,Verified
U02249,Khushi,Das,Female,6338730994,L032,10/3/1967,1/30/2017,Verified
U02250,Aisha,Choudhary,Female,8545634709,L023,8/4/1960,2/7/2021,Verified
U02251,Shyam,Prasad,Male,7255068971,L024,9/24/1966,3/8/2020,Verified
U02252,Varsha,Rana,Female,8704364414,L030,8/1/2006,7/5/2023,Pending
U02253,Ganesh,Mishra,Male,9566925501,L041,6/8/1959,12/28/2023,Verified
U02254,Tanya,Puri,Female,7294743096,L038,5/29/1962,7/29/2018,Verified
U02255,Charu,Syed,Female,9922759521,L015,5/12/2007,6/10/2025,Verified
U02256,Sheetal,Sawant,Female,8282501513,L027,2/6/1986,7/14/2017,Verified
U02257,Kusum,Pawar,Female,8486912915,L026,8/19/2006,10/25/2019,Verified
U02258,Mansi,Chauhan,Female,6108967481,L005,7/14/1966,2/3/2024,Verified
U02259,Sonal,Patel,Female,8498955750,L008,7/8/1972,6/2/2017,Verified
U02260,Bhavesh,Menon,Male,9793604597,L041,5/9/1967,9/11/2022,Verified
U02261,Sakshi,Naidu,Female,9766158197,L042,2/15/1972,7/12/2018,Verified
U02262,Arjun,Chauhan,Male,7527947028,L042,1/5/1960,2/20/2017,Verified
U02263,Pradeep,Soni,Male,9134792692,L041,2/17/1971,10/20/2025,Verified
U02264,Kanchan,Mehta,Female,9716346448,L005,6/6/1984,7/13/2022,Verified
U02265,Neha,Joseph,Female,7731286384,L004,11/20/2005,7/21/2021,Verified
U02266,Indu,Sethi,Female,8951775285,L026,12/25/1987,4/3/2020,Verified
U02267,Aisha,Qureshi,Female,9106227997,L011,9/27/1959,10/12/2022,Verified
U02268,Ananya,Baruah,Female,8987636889,L035,1/18/1967,9/12/2019,Verified
U02269,Keerthi,Baruah,Female,9262204846,L011,6/2/1970,5/26/2019,Verified
U02270,Indu,Singh,Female,9256685988,L045,7/11/1967,10/26/2021,Verified
U02271,Shreya,Prasad,Female,8704721415,L022,3/13/1975,1/31/2020,Verified
U02272,Ankit,Deshmukh,Male,6867344256,L028,4/17/1984,6/22/2025,Verified
U02273,Uma,Bose,Female,8260773377,L005,5/6/1989,9/24/2023,Pending
U02274,Siya,Bhatia,Female,6150863562,L028,5/29/2004,5/31/2019,Verified
U02275,Sandeep,Agarwal,Male,6483041737,L050,8/8/1955,6/23/2020,Verified
U02276,Madhuri,Choudhary,Female,8153517883,L006,1/3/1990,9/24/2020,Verified
U02277,Kusum,Goel,Female,9113753717,L039,4/5/1988,8/4/2020,Verified
U02278,Mansi,Pillai,Female,6999376251,L021,7/15/1961,12/14/2017,Verified
U02279,Yash,Jadhav,Male,8522325125,L022,10/25/2004,9/9/2024,Pending
U02280,Prachi,Bedi,Female,8457866238,L022,5/8/1970,11/30/2019,Verified
U02281,Reyansh,Chawla,Male,8268044748,L022,3/10/1969,8/28/2017,Verified
U02282,Darshan,Choudhary,Male,8940649124,L011,8/4/1989,11/19/2023,Verified
U02283,Bharti,Kumar,Female,8730296611,L027,1/19/1961,9/8/2017,Verified
U02284,Ananya,Dutta,Female,9156230668,L011,10/30/1990,8/17/2019,Verified
U02285,Sonia,Narang,Female,7810156925,L049,7/1/1980,7/10/2023,Verified
U02286,Deepak,Mathew,Male,9156173279,L026,9/28/1974,11/3/2022,Verified
U02287,Vikas,Thakur,Male,9393994619,L024,10/25/1993,6/23/2025,Verified
U02288,Sanjay,Mishra,Male,8512762228,L035,5/24/1981,2/28/2020,Verified
U02289,Lata,Tripathi,Female,9401433656,L010,3/16/2003,2/16/2024,Pending
U02290,Chhavi,Joshi,Female,7548674055,L026,10/27/1976,11/13/2024,Verified
U02291,Lata,Sawant,Female,7540399207,L035,10/11/2002,3/11/2024,Verified
U02292,Darshan,Singh,Male,7288462409,L046,1/7/2007,5/13/2023,Verified
U02293,Radhika,Ahuja,Female,8935259406,L035,8/2/1956,12/12/2024,Verified
U02294,Ileana,Chauhan,Female,7292876462,L033,2/22/2005,7/7/2018,Verified
U02295,Harshit,Jain,Male,8291748650,L008,8/31/2003,4/30/2018,Verified
U02296,Ganesh,Thomas,Male,9868698895,L005,11/27/1992,10/16/2024,Verified
U02297,Rishabh,Ali,Male,8162039540,L042,8/22/1985,11/1/2019,Failed
U02298,Vaishnavi,Sikdar,Female,6293883811,L031,12/18/1966,3/8/2019,Verified
U02299,Garima,Narang,Female,7353376502,L017,2/3/1992,2/12/2020,Verified
U02300,Vedant,Soni,Male,6849088184,L039,10/20/1964,3/25/2019,Verified
U02301,Aarav,Saikia,Male,6282478705,L011,5/14/1989,3/2/2023,Verified
U02302,Naresh,Prasad,Male,7816939852,L017,4/14/1990,5/29/2023,Verified
U02303,Hemant,Gill,Male,7733896294,L044,2/6/1956,3/29/2018,Pending
U02304,Sachin,Naidu,Male,7902302069,L034,2/28/1993,5/15/2022,Verified
U02305,Manish,Agarwal,Male,8247183096,L021,11/9/1970,2/8/2019,Verified
U02306,Tanya,Puri,Female,9201024486,L002,9/18/2000,7/29/2017,Verified
U02307,Yash,More,Male,8965236450,L008,4/1/1958,12/26/2025,Failed
U02308,Siddharth,Tiwari,Male,6660503457,L043,8/3/1968,7/1/2025,Pending
U02309,Hina,Fernandes,Female,7672292869,L027,6/25/1976,1/15/2020,Pending
U02310,Dhruv,D'Souza,Male,7682531440,L047,11/24/1998,8/24/2020,Verified
U02311,Hina,Nigam,Female,8304458866,L023,11/8/1989,4/14/2020,Verified
U02312,Lata,Agarwal,Female,9579673091,L018,4/20/1990,10/10/2022,Verified
U02313,Tanvi,Chopra,Female,8172937329,L045,10/10/1993,9/15/2020,Pending
U02314,Raj,Ali,Male,7479148582,L006,1/29/1970,1/4/2024,Verified
U02315,Riya,Soni,Female,9505042835,L036,2/28/1961,12/30/2025,Verified
U02316,Niharika,Agarwal,Female,8553451456,L016,4/6/1955,6/18/2020,Verified
U02317,Vivaan,Pawar,Male,8728469734,L019,5/14/1992,5/4/2023,Verified
U02318,Rekha,Patel,Female,7697342284,L011,2/2/1971,4/20/2024,Verified
U02319,Imran,Patil,Male,6533419408,L001,5/25/2003,5/3/2017,Verified
U02320,Atharv,Ansari,Male,9211889600,L049,5/18/1963,11/14/2024,Verified
U02321,Dinesh,Yadav,Male,7603449716,L020,2/9/2007,5/20/2023,Verified
U02322,Anusha,Bansal,Female,6642677357,L027,9/13/1976,2/28/2017,Verified
U02323,Anusha,Mathew,Female,8280098724,L026,6/28/1973,7/9/2019,Pending
U02324,Sneha,Bose,Female,6662315465,L006,7/6/1974,7/1/2022,Pending
U02325,Rehan,Mittal,Male,9456458962,L004,1/15/1999,10/31/2020,Verified
U02326,Keerthi,Kakkar,Female,6642939110,L006,2/20/2001,1/9/2021,Verified
U02327,Parth,Mehta,Male,6201045367,L027,6/28/1996,9/2/2023,Pending
U02328,Mansi,Narang,Female,8782692516,L035,5/5/1967,4/2/2023,Verified
U02329,Rakesh,Kakkar,Male,7728389503,L049,7/22/1980,3/5/2021,Verified
U02330,Sonal,Dutta,Female,7497290871,L049,6/28/1989,9/20/2024,Verified
U02331,Asif,Bose,Male,9820668967,L011,5/30/1963,2/25/2025,Verified
U02332,Manish,Kapoor,Male,7404389620,L030,7/6/2006,4/25/2018,Verified
U02333,Chirag,Choudhary,Male,6780036427,L027,1/11/1983,4/15/2017,Pending
U02334,Siya,Goel,Female,7220678988,L009,11/4/1963,1/19/2018,Verified
U02335,Mohit,Rawat,Male,9200606934,L044,7/19/1967,1/9/2023,Pending
U02336,Vijay,Nigam,Male,9835809931,L032,4/10/1962,12/19/2018,Verified
U02337,Nandini,Kohli,Female,7470030985,L034,12/16/2005,6/29/2021,Verified
U02338,Farah,Sharma,Female,8914153358,L023,5/1/2001,8/27/2017,Verified
U02339,Sandeep,Narang,Male,8336308297,L050,9/5/1978,10/22/2020,Pending
U02340,Kiran,Sidhu,Female,9799107167,L049,7/16/1961,3/1/2022,Verified
U02341,Komal,Pinto,Female,7708827494,L001,10/27/1957,3/23/2017,Verified
U02342,Shruti,Sawant,Female,7594006279,L017,12/25/1990,5/7/2018,Verified
U02343,Sonia,Hegde,Female,6779064221,L021,6/8/1982,11/10/2022,Verified
U02344,Jyoti,Patel,Female,8809835276,L039,8/21/1970,3/28/2017,Verified
U02345,Kishore,Pinto,Male,9794172653,L035,12/5/1975,9/20/2018,Verified
U02346,Nikhil,Shaikh,Male,8994902912,L025,3/28/1993,12/6/2021,Verified
U02347,Jatin,Khan,Male,8205632413,L029,8/19/1960,11/16/2017,Verified
U02348,Chhavi,Hegde,Female,9398121487,L018,3/1/1989,3/5/2025,Verified
U02349,Shruti,Sengar,Female,6837947669,L026,10/13/1983,4/10/2018,Verified
U02350,Sunita,Bose,Female,9221268529,L045,10/29/1992,6/13/2020,Verified
U02351,Sneha,Khanna,Female,9146572502,L042,5/26/1991,8/30/2019,Verified
U02352,Deepak,Mishra,Male,7866672581,L024,3/5/1976,8/28/2017,Verified
U02353,Saurabh,Kohli,Male,8337697375,L018,2/21/1982,12/25/2018,Failed
U02354,Meera,Soni,Female,9826277878,L039,9/4/1958,8/25/2019,Verified
U02355,Saurabh,Rana,Male,9381335143,L013,4/3/1962,11/13/2025,Verified
U02356,Meera,Joshi,Female,6302790309,L032,8/29/2002,1/17/2017,Verified
U02357,Pankaj,Pawar,Male,8679062154,L005,10/8/1970,10/6/2019,Verified
U02358,Rudra,Gill,Male,8827322292,L006,1/16/1976,3/26/2021,Verified
U02359,Pooja,Dubey,Female,8304098620,L040,12/31/2003,7/15/2022,Failed
U02360,Anjali,Khanna,Female,6376822439,L042,7/3/2007,10/26/2024,Verified
U02361,Dinesh,Sethi,Male,7849620711,L037,5/8/1993,1/11/2017,Verified
U02362,Kiara,Shetty,Female,8990568809,L036,10/6/1991,7/18/2017,Failed
U02363,Indu,Pereira,Female,6876071312,L050,6/22/1988,6/2/2019,Verified
U02364,Deepak,Menon,Male,8177484972,L041,2/20/2005,1/24/2022,Pending
U02365,Laksh,Kamath,Male,9237985451,L046,10/21/1974,9/30/2018,Verified
U02366,Anusha,Saxena,Female,6264585831,L010,1/3/2003,4/3/2025,Verified
U02367,Uma,Bose,Female,9563077217,L047,9/26/1984,9/13/2021,Pending
U02368,Zoya,Mukherjee,Female,9188243665,L038,6/11/1998,8/11/2022,Pending
U02369,Sanjay,Puri,Male,6180038369,L019,11/28/1996,8/13/2021,Verified
U02370,Mukesh,Pawar,Male,9929587815,L030,11/4/1962,12/15/2020,Verified
U02371,Dinesh,Syed,Male,6198825648,L015,12/8/1965,2/22/2019,Verified
U02372,Bhavna,Shaikh,Female,6115472320,L034,12/21/1973,1/10/2025,Verified
U02373,Vedant,Iyer,Male,7351253836,L005,10/26/1964,5/14/2021,Verified
U02374,Aparna,Ahuja,Female,7530885368,L045,6/14/1955,1/21/2023,Verified
U02375,Farhan,Singh,Male,9149604692,L047,4/28/1985,2/9/2025,Verified
U02376,Indu,Iyer,Female,8300979471,L022,2/1/1988,6/3/2017,Verified
U02377,Naveen,Pillai,Male,8660668234,L048,8/5/1955,2/18/2023,Verified
U02378,Kiran,Arora,Female,7429009329,L043,11/12/1962,10/4/2024,Verified
U02379,Garima,Kumar,Female,7859727189,L026,3/25/1984,4/8/2019,Verified
U02380,Harshit,Pinto,Male,8956949385,L023,1/20/1983,12/10/2024,Verified
U02381,Charu,Joseph,Female,7551099329,L002,12/6/2006,3/10/2025,Verified
U02382,Rahul,Verma,Male,6454303930,L021,5/3/1994,5/30/2024,Verified
U02383,Vidya,Fernandes,Female,6584473186,L010,2/23/1962,6/29/2019,Verified
U02384,Bharti,Tripathi,Female,8375975836,L045,4/16/1975,1/18/2021,Verified
U02385,Niharika,Mukherjee,Female,8593416147,L016,11/8/1967,12/30/2025,Verified
U02386,Shreya,Saikia,Female,7880794209,L037,4/14/1993,3/2/2020,Pending
U02387,Ayaan,Tripathi,Male,9235063337,L010,7/14/1980,11/20/2020,Verified
U02388,Atharv,Saikia,Male,7450728940,L050,8/6/1993,7/9/2019,Verified
U02389,Sanjana,Mehta,Female,8868468019,L028,3/27/1993,12/27/2024,Verified
U02390,Tarun,Negi,Male,7335811224,L012,11/13/1967,5/21/2017,Verified
U02391,Anil,Ahuja,Male,6815346720,L046,4/4/1971,6/28/2022,Verified
U02392,Shreya,Kamath,Female,7389855816,L004,8/6/1965,12/13/2023,Verified
U02393,Sneha,Kohli,Female,9338558491,L007,2/21/1956,3/29/2020,Verified
U02394,Noor,Rawat,Female,8872853440,L005,4/21/1992,11/3/2022,Verified
U02395,Shruti,Hegde,Female,8451788266,L049,6/15/1983,10/16/2023,Verified
U02396,Naman,Srivastava,Male,8797687487,L039,9/23/1977,2/22/2022,Verified
U02397,Fatima,Mathew,Female,7287683450,L028,5/14/1972,9/21/2017,Verified
U02398,Nikita,Sengar,Female,6324815661,L050,1/9/1989,1/11/2021,Verified
U02399,Ashish,Iyer,Male,8504624585,L020,4/2/1979,3/26/2021,Verified
U02400,Muskan,Reddy,Female,6586991984,L026,7/5/1962,10/18/2019,Verified
U02401,Nandini,Mishra,Female,9600096082,L024,12/23/1957,6/27/2023,Verified
U02402,Vaishnavi,Kalita,Female,6161167957,L024,8/18/2007,11/10/2022,Verified
U02403,Sonal,Mukherjee,Female,7276647893,L045,3/6/1993,9/30/2025,Pending
U02404,Uma,Mishra,Female,6833855163,L026,1/31/1971,11/18/2022,Verified
U02405,Madhuri,Ali,Female,9845169408,L046,5/12/2005,4/23/2020,Verified
U02406,Sameer,Jain,Male,6385283308,L039,1/15/1985,11/29/2017,Verified
U02407,Vivaan,Rawat,Male,6867985550,L027,10/11/1960,11/21/2022,Verified
U02408,Rishabh,Mittal,Male,9393589856,L012,1/17/1974,7/4/2022,Verified
U02409,Faizan,Lal,Male,7974470403,L006,2/17/1962,4/20/2024,Verified
U02410,Sneha,Ahuja,Female,7331145258,L034,12/30/1966,11/20/2017,Pending
U02411,Nikhil,Banerjee,Male,7402190246,L021,12/30/1959,5/29/2018,Verified
U02412,Radhika,Srivastava,Female,7196335256,L023,10/18/1996,9/4/2018,Verified
U02413,Nikhil,Pillai,Male,6608249768,L042,6/7/1957,4/9/2022,Verified
U02414,Harini,Das,Female,8853494250,L013,5/31/1991,9/9/2018,Verified
U02415,Armaan,Gill,Male,6767342058,L004,9/7/1961,3/21/2021,Failed
U02416,Navya,Kulkarni,Female,8907252890,L006,1/9/1985,11/14/2019,Verified
U02417,Radhika,Dutta,Female,8431386508,L001,9/16/1970,10/21/2019,Verified
U02418,Kanchan,Pillai,Female,7533888923,L011,9/29/1985,11/1/2021,Verified
U02419,Anita,Jain,Female,6109618188,L021,2/21/1994,10/26/2020,Pending
U02420,Rishabh,Sandhu,Male,8248585396,L002,8/2/1988,11/8/2018,Pending
U02421,Amit,Saxena,Male,6385312637,L002,8/10/1959,11/30/2017,Verified
U02422,Kusum,Sidhu,Female,6502535288,L001,8/5/1955,8/15/2022,Verified
U02423,Ravi,Chopra,Male,8124766849,L003,3/20/1983,10/12/2023,Pending
U02424,Rahul,Ghosh,Male,6102218175,L018,6/9/1993,1/28/2024,Verified
U02425,Siya,Puri,Female,7315619819,L009,5/30/1959,8/30/2017,Verified
U02426,Uday,Deshmukh,Male,6515737081,L034,8/22/1989,1/7/2020,Verified
U02427,Shalini,Mehta,Female,8934896594,L017,6/16/1996,4/26/2025,Verified
U02428,Ritvik,Pinto,Male,9439808828,L009,4/10/1991,10/1/2021,Pending
U02429,Keerthi,Dutta,Female,6429271156,L010,12/1/2006,2/21/2025,Verified
U02430,Aarav,Kakkar,Male,6152585586,L049,11/13/1989,10/31/2025,Verified
U02431,Neha,Mehta,Female,9907710518,L010,5/6/1998,5/3/2018,Verified
U02432,Anu,Saxena,Female,6727662752,L017,9/7/1998,7/28/2025,Failed
U02433,Ganesh,Bhatia,Male,7520816655,L001,1/22/1990,5/15/2018,Verified
U02434,Aryan,Soni,Male,8283520573,L043,4/26/1973,10/6/2020,Failed
U02435,Palak,Chauhan,Female,9147483884,L034,7/16/1983,5/17/2022,Failed
U02436,Siya,Bora,Female,7857499628,L022,9/8/1985,7/4/2019,Verified
U02437,Vaishnavi,Kohli,Female,8709079815,L029,9/20/1969,7/31/2023,Verified
U02438,Lata,Sharma,Female,6261596308,L042,11/28/1996,7/10/2020,Pending
U02439,Sanjay,Saha,Male,9188681836,L039,4/2/2004,5/3/2021,Verified
U02440,Zaid,Saikia,Male,7187384503,L013,2/10/1996,10/26/2025,Pending
U02441,Ayaan,Soni,Male,7518091553,L003,10/13/1993,7/3/2018,Verified
U02442,Kiara,More,Female,7335118972,L018,12/5/1993,10/3/2019,Verified
U02443,Niharika,More,Female,8556410960,L022,3/15/2001,4/23/2022,Verified
U02444,Chhavi,Kakkar,Female,7121086504,L017,8/16/1999,7/6/2023,Verified
U02445,Rakesh,Fernandes,Male,9391100488,L045,9/19/1971,11/28/2025,Verified
U02446,Anita,George,Female,6123613069,L022,3/2/1983,9/16/2023,Verified
U02447,Kanchan,Pawar,Female,9719053940,L045,12/26/1988,3/4/2019,Verified
U02448,Muskan,Arora,Female,7134061719,L039,4/21/1992,4/23/2025,Verified
U02449,Abhishek,Rana,Male,7906321424,L044,3/13/1996,12/21/2023,Verified
U02450,Deepika,Sidhu,Female,7235727523,L043,1/31/1986,12/7/2024,Verified
U02451,Pallavi,Shaikh,Female,8159238451,L034,5/24/1996,7/10/2018,Verified
U02452,Ruchi,Pinto,Female,8629627843,L032,9/11/1983,6/12/2024,Verified
U02453,Rakesh,Kohli,Male,9498688304,L040,7/25/1996,4/16/2018,Verified
U02454,Ritvik,Naidu,Male,7530213921,L023,10/16/1990,12/30/2022,Verified
U02455,Neha,Agarwal,Female,8723629164,L018,6/21/1991,9/25/2023,Verified
U02456,Yash,Sethi,Male,6125330006,L013,12/27/1955,3/9/2021,Verified
U02457,Asif,Saxena,Male,6543477385,L024,7/25/2007,11/26/2019,Verified
U02458,Shruti,Kalita,Female,6989697524,L006,9/10/1982,7/2/2024,Verified
U02459,Harsh,Choudhary,Male,8969416458,L048,1/24/1960,9/2/2023,Verified
U02460,Sachin,Thomas,Male,9346522086,L034,2/17/1964,7/27/2018,Verified
U02461,Naveen,Qureshi,Male,6591755844,L048,1/4/1979,8/21/2019,Pending
U02462,Mukesh,Bose,Male,7881184890,L031,3/10/1973,11/20/2020,Verified
U02463,Palak,Thakur,Female,9788051114,L001,7/7/1990,12/24/2025,Verified
U02464,Shubham,Mittal,Male,6202827308,L021,12/5/1978,11/10/2021,Verified
U02465,Reyansh,Sethi,Male,9256762314,L021,8/21/1963,3/18/2025,Verified
U02466,Jyoti,Dubey,Female,9559391857,L045,1/1/1998,10/10/2020,Verified
U02467,Uday,Tripathi,Male,9447296146,L045,2/18/1970,7/23/2017,Pending
U02468,Anil,Malhotra,Male,9897487106,L026,6/1/1992,11/29/2017,Verified
U02469,Rohit,Syed,Male,9716734097,L021,3/29/1999,2/10/2023,Verified
U02470,Dhruv,Sikdar,Male,9883247743,L039,11/9/1989,7/25/2024,Verified
U02471,Kunal,Sethi,Male,8762181388,L036,1/3/1987,2/20/2024,Verified
U02472,Lavanya,Ahuja,Female,9686188783,L025,5/1/1958,2/6/2020,Verified
U02473,Jyoti,Bhardwaj,Female,9656880590,L024,10/17/1980,3/9/2024,Verified
U02474,Rohit,Chawla,Male,9321752709,L020,12/20/2000,3/16/2019,Verified
U02475,Nikhil,Mahajan,Male,6950502221,L033,1/26/1963,1/25/2019,Failed
U02476,Kiran,Malhotra,Female,6702310221,L001,12/22/1968,9/16/2022,Verified
U02477,Krishna,Rawat,Male,6680966528,L028,8/8/1978,3/31/2025,Verified
U02478,Sachin,Joseph,Male,9673299658,L012,12/28/1979,6/29/2017,Verified
U02479,Zoya,Chopra,Female,9463638213,L018,8/11/1991,6/29/2019,Verified
U02480,Vivek,Mukherjee,Male,9879975952,L032,9/2/1966,1/5/2017,Verified
U02481,Sunita,Qureshi,Female,6159233556,L029,9/18/1978,9/30/2022,Verified
U02482,Ramesh,Pandey,Male,6450763791,L027,1/2/1960,7/12/2021,Verified
U02483,Renu,Mukherjee,Female,7707837344,L033,10/19/1998,5/12/2019,Verified
U02484,Meera,Reddy,Female,7410708957,L024,3/12/1960,1/21/2018,Verified
U02485,Parth,Khan,Male,6770141561,L029,2/13/1989,6/7/2018,Verified
U02486,Geeta,Sikdar,Female,8566025404,L044,3/24/1994,10/18/2021,Verified
U02487,Rohit,Dutta,Male,8956395784,L007,1/7/1982,4/25/2020,Verified
U02488,Rohan,Shetty,Male,7411049041,L021,3/24/1991,3/25/2017,Verified
U02489,Navya,Choudhary,Female,7302580069,L015,3/20/1996,6/24/2020,Pending
U02490,Pooja,Verma,Female,9692039476,L048,10/30/1964,7/14/2019,Verified
U02491,Ramesh,Qureshi,Male,8767668603,L045,5/18/1989,11/12/2021,Verified
U02492,Laksh,Nigam,Male,7403442188,L047,6/19/2005,7/2/2024,Verified
U02493,Ajay,Ghosh,Male,9298944777,L023,3/22/1994,8/5/2025,Verified
U02494,Farhan,Mehta,Male,6229512596,L044,5/13/1970,3/24/2019,Verified
U02495,Ritvik,Kamath,Male,9829091346,L034,8/9/1966,5/20/2025,Verified
U02496,Sandeep,Kakkar,Male,7690877247,L016,8/4/1961,3/4/2020,Verified
U02497,Anu,Narang,Female,8656152164,L028,10/24/2007,9/25/2023,Verified
U02498,Sunil,Naidu,Male,6552970456,L004,12/2/1971,12/12/2023,Failed
U02499,Preeti,Sawant,Female,8150518553,L047,4/29/1963,7/1/2023,Verified
U02500,Ashish,Patel,Male,8549655273,L048,10/27/1980,8/11/2022,Failed
U02501,Karan,Pillai,Male,6847789302,L006,11/4/1986,12/11/2022,Verified
U02502,Jyoti,Verma,Female,9381528257,L014,4/27/1985,8/29/2022,Verified
U02503,Kiara,Shaikh,Female,7460965838,L039,7/14/1962,10/26/2019,Verified
U02504,Ravi,Hegde,Male,8738253038,L022,1/31/1971,10/27/2019,Verified
U02505,Renu,Lal,Female,6760488875,L030,2/14/2004,12/26/2020,Verified
U02506,Sakshi,Ahuja,Female,8407901203,L002,4/8/1961,2/20/2021,Verified
U02507,Shalini,Das,Female,6375014211,L037,10/13/1983,10/20/2023,Verified
U02508,Garima,Joseph,Female,7679973752,L041,7/2/1992,3/15/2021,Verified
U02509,Shruti,Pandey,Female,9742505662,L005,12/28/1962,11/13/2017,Pending
U02510,Pankaj,Deshmukh,Male,6456503775,L005,1/12/1956,3/21/2021,Failed
U02511,Asif,Sikdar,Male,9392750836,L037,10/3/1978,6/13/2017,Verified
U02512,Raj,Bora,Male,6189826027,L036,7/7/1961,7/3/2018,Verified
U02513,Bhavesh,Prasad,Male,7583162316,L041,6/22/1964,1/10/2021,Verified
U02514,Armaan,Fernandes,Male,9918502850,L044,11/3/1979,6/29/2024,Verified
U02515,Ayaan,Suri,Male,8936753558,L021,6/15/1986,2/26/2017,Verified
U02516,Priti,Bhardwaj,Female,9851393450,L003,4/30/1968,4/26/2020,Verified
U02517,Ravi,Mathew,Male,9956815793,L025,9/29/1996,3/11/2020,Verified
U02518,Tejas,Chopra,Male,6207417527,L022,11/21/1987,7/14/2017,Verified
U02519,Rakesh,Deshmukh,Male,9504168530,L015,9/6/2007,8/27/2022,Verified
U02520,Kunal,Prasad,Male,9852232524,L007,11/11/1979,7/17/2019,Verified
U02521,Kusum,Pawar,Female,8116256586,L039,10/24/1989,11/10/2025,Verified
U02522,Monika,Mittal,Female,8761090381,L037,4/23/1978,8/27/2023,Verified
U02523,Diya,Syed,Female,9993528318,L044,8/22/1977,9/13/2025,Verified
U02524,Aparna,Banerjee,Female,8422070558,L045,7/16/1979,10/14/2017,Verified
U02525,Sunil,Shetty,Male,8400738003,L028,7/11/1977,4/1/2018,Verified
U02526,Ritvik,Pawar,Male,6498721044,L012,9/24/1969,5/6/2017,Verified
U02527,Shalini,Kalita,Female,9147824668,L043,4/11/1988,10/11/2017,Verified
U02528,Nazia,Ansari,Female,8748985355,L008,8/20/2003,8/1/2024,Verified
U02529,Anjali,Roy,Female,7571005597,L048,7/17/1999,4/26/2021,Verified
U02530,Parth,Kumar,Male,6239060156,L040,11/1/1990,1/18/2023,Verified
U02531,Gaurav,Pereira,Male,7940596204,L003,6/26/1959,6/8/2020,Verified
U02532,Mehak,Kumar,Female,7531363154,L020,6/5/2004,8/5/2024,Verified
U02533,Sara,Kohli,Female,8200297896,L007,9/30/1987,2/20/2018,Verified
U02534,Shubham,Shinde,Male,8353780703,L017,6/5/2004,5/14/2020,Pending
U02535,Pankaj,Prasad,Male,8229743806,L040,3/26/1980,6/13/2025,Verified
U02536,Parth,Saxena,Male,8639119431,L049,4/12/1999,6/5/2024,Verified
U02537,Rekha,Singh,Female,6443500297,L023,8/3/1966,3/23/2025,Verified
U02538,Rakesh,Shinde,Male,6435279034,L007,1/18/1956,5/26/2022,Verified
U02539,Sonia,Bora,Female,6454321458,L020,10/18/1999,8/29/2018,Verified
U02540,Aman,Pillai,Male,8299274170,L037,4/21/2001,9/25/2019,Verified
U02541,Jatin,Sandhu,Male,6968806395,L007,3/14/2006,4/6/2022,Pending
U02542,Ishaan,Thakur,Male,6868075965,L019,6/1/1966,4/21/2024,Verified
U02543,Pankaj,Agarwal,Male,6180048485,L044,9/2/1968,6/13/2018,Verified
U02544,Mercan,D'Souza,Female,6440091627,L036,12/22/1994,1/4/2018,Verified
U02545,Lokesh,Kalita,Male,8609222400,L009,6/4/1965,6/5/2020,Verified
U02546,Sowmya,Yadav,Female,7667628622,L020,5/15/1994,7/18/2025,Verified
U02547,Kanchan,Reddy,Female,8308037525,L019,9/11/1996,6/3/2023,Verified
U02548,Kiara,Mahajan,Female,9406790529,L015,6/10/1995,12/9/2024,Verified
U02549,Anusha,Chopra,Female,9890822791,L031,9/16/1956,8/27/2018,Verified
U02550,Palak,Gill,Female,7212186893,L030,3/25/1996,3/19/2025,Verified
U02551,Khushi,Tripathi,Female,6322124287,L001,3/21/1988,4/9/2023,Verified
U02552,Sakshi,Sikdar,Female,8844964943,L032,10/24/1988,6/14/2020,Failed
U02553,Renu,Pillai,Female,9678266188,L016,11/13/2002,4/19/2019,Pending
U02554,Niharika,Mishra,Female,6172400840,L012,12/13/1956,11/27/2020,Verified
U02555,Ganesh,D'Souza,Male,6259797880,L050,2/5/1984,6/24/2021,Verified
U02556,Mehak,Kulkarni,Female,9109328693,L012,12/29/1995,11/3/2018,Verified
U02557,Aditi,Goel,Female,6262473968,L024,1/5/1962,5/13/2019,Verified
U02558,Akash,Joseph,Male,7253344282,L016,9/8/1975,7/24/2021,Pending
U02559,Aditya,Bhardwaj,Male,6801619320,L022,3/1/1978,7/3/2022,Verified
U02560,Asif,Thomas,Male,8495211835,L028,9/13/1985,9/23/2018,Verified
U02561,Lata,Khanna,Female,8760945879,L006,11/17/1995,7/28/2025,Verified
U02562,Komal,Kamath,Female,6385940141,L005,7/2/1998,10/21/2021,Pending
U02563,Rakesh,Singh,Male,6799078099,L032,2/14/2003,2/27/2025,Pending
U02564,Manav,Joseph,Male,6265875862,L029,4/3/1966,12/5/2019,Verified
U02565,Abhishek,Kalita,Male,8265074004,L008,2/7/1965,1/14/2021,Verified
U02566,Vedant,Shetty,Male,7111944132,L027,7/2/1960,3/13/2018,Pending
U02567,Rashmi,Verma,Female,6311392473,L050,10/5/2000,2/9/2018,Pending
U02568,Sakshi,George,Female,8379626795,L049,6/14/1986,4/25/2018,Verified
U02569,Harini,Chauhan,Female,6122366018,L020,4/5/1984,9/9/2022,Verified
U02570,Sunita,Shinde,Female,7505020944,L021,12/9/1970,1/1/2025,Verified
U02571,Sowmya,Ali,Female,9982201512,L006,7/12/1961,4/18/2019,Pending
U02572,Rahul,Yadav,Male,8744320661,L043,5/24/2007,10/9/2024,Verified
U02573,Rohit,Jadhav,Male,6244635682,L041,1/4/1996,12/24/2017,Verified
U02574,Asif,Ahuja,Male,7923723756,L043,2/4/1962,11/2/2022,Verified
U02575,Farhan,Yadav,Male,8768978477,L012,3/25/1986,12/3/2021,Failed
U02576,Nikhil,Sikdar,Male,9648853294,L030,8/8/2007,9/10/2020,Failed
U02577,Tejas,Soni,Male,8271938413,L013,3/27/1959,4/22/2017,Verified
U02578,Sunil,Bhatia,Male,7355190677,L005,2/8/1956,5/21/2017,Verified
U02579,Shyam,Kakkar,Male,8792311288,L015,9/3/1964,10/25/2020,Verified
U02580,Kavya,Banerjee,Female,7463397394,L031,1/10/1957,10/16/2025,Verified
U02581,Tejas,Bose,Male,6217807216,L021,12/15/1965,11/15/2022,Verified
U02582,Ravi,Singh,Male,6444209369,L026,12/13/2003,1/14/2023,Verified
U02583,Diya,Dubey,Female,6279382680,L032,10/12/1978,11/27/2021,Verified
U02584,Sachin,George,Male,6122350617,L045,8/26/1964,7/27/2025,Verified
U02585,Aryan,Tripathi,Male,6231079323,L028,2/9/1986,12/10/2024,Verified
U02586,Mukesh,Banerjee,Male,9423916228,L045,7/24/1972,1/2/2024,Verified
U02587,Pankaj,George,Male,7606898040,L038,2/2/1973,12/30/2021,Verified
U02588,Rashmi,George,Female,7550632355,L045,9/10/2007,6/24/2017,Verified
U02589,Shubham,Sharma,Male,6960945150,L008,2/25/1973,12/7/2023,Verified
U02590,Tejas,Joshi,Male,6436480813,L030,12/26/1974,6/19/2021,Verified
U02591,Priti,Menon,Female,7883400472,L009,2/27/1973,8/4/2022,Verified
U02592,Anil,Reddy,Male,8828663418,L011,1/15/1964,6/1/2019,Verified
U02593,Vihaan,Chauhan,Male,9222889718,L028,9/22/1993,6/26/2019,Pending
U02594,Charu,Puri,Female,8858384149,L016,4/4/1985,12/16/2022,Verified
U02595,Priti,Chawla,Female,8226290354,L016,4/19/1966,3/21/2023,Verified
U02596,Ayaan,Negi,Male,8296332546,L019,5/3/1981,8/1/2022,Verified
U02597,Vijay,Saxena,Male,9734071515,L030,9/25/1975,1/16/2021,Verified
U02598,Sara,Kumar,Female,9625023805,L047,2/9/2006,10/12/2023,Verified
U02599,Raj,Lal,Male,6327582536,L026,1/25/1973,12/2/2020,Verified
U02600,Shubham,Saxena,Male,9965868139,L050,11/22/1975,12/10/2023,Verified
U02601,Shalini,Naidu,Female,8240577378,L029,7/23/1969,8/5/2020,Verified
U02602,Harsh,Ansari,Male,8753338375,L002,12/28/1959,8/15/2019,Verified
U02603,Sakshi,Roy,Female,9772225736,L040,8/25/1966,12/10/2023,Verified
U02604,Ravi,Chatterjee,Male,6403692501,L049,10/31/1960,9/20/2022,Verified
U02605,Anu,Chauhan,Female,9736318297,L025,12/18/2004,7/29/2023,Verified
U02606,Parth,Chopra,Male,9666964556,L014,7/13/1970,6/17/2022,Verified
U02607,Anita,Mishra,Female,8942933123,L001,12/29/1995,1/21/2018,Pending
U02608,Pankaj,Chatterjee,Male,7456651112,L039,2/14/1963,6/8/2017,Verified
U02609,Arnav,Naidu,Male,8598154351,L018,4/14/1991,1/16/2025,Verified
U02610,Kanchan,Lal,Female,8727996287,L022,2/16/1988,8/11/2022,Verified
U02611,Payal,Negi,Female,7650198828,L034,8/12/1983,1/24/2023,Verified
U02612,Lokesh,Mahajan,Male,7962156862,L029,10/6/1973,10/5/2025,Verified
U02613,Shalini,Pandey,Female,8562693102,L037,7/16/1978,9/6/2021,Verified
U02614,Bhavna,Sethi,Female,6205490797,L037,3/23/1958,8/24/2020,Verified
U02615,Lokesh,Goel,Male,8918543848,L019,1/24/2007,1/30/2023,Verified
U02616,Charu,Khanna,Female,8215475452,L015,2/17/1977,4/22/2019,Verified
U02617,Ishaan,Pinto,Male,6588368349,L023,1/28/1998,10/23/2018,Verified
U02618,Sunil,Dutta,Male,9850885128,L040,7/23/1974,10/23/2017,Verified
U02619,Shubham,Negi,Male,8861131676,L024,6/6/1959,4/29/2018,Verified
U02620,Jyoti,Mittal,Female,6777531106,L001,1/13/1958,6/17/2023,Failed
U02621,Farhan,Suri,Male,9848191696,L017,4/21/1990,11/14/2023,Verified
U02622,Jyoti,Kalita,Female,8669191994,L025,9/29/1972,11/1/2022,Verified
U02623,Karan,Gill,Male,6375304410,L029,8/19/1992,2/13/2019,Verified
U02624,Jyoti,Pinto,Female,8292295850,L009,1/11/1993,6/15/2018,Verified
U02625,Madhu,Qureshi,Female,7883805233,L046,6/15/1971,4/3/2019,Verified
U02626,Sara,Menon,Female,8365565889,L028,10/25/1971,2/13/2019,Verified
U02627,Vivaan,Banerjee,Male,6872104860,L029,6/12/1990,7/2/2025,Verified
U02628,Asif,Tripathi,Male,7920107454,L016,9/14/1986,9/11/2022,Verified
U02629,Vidya,Nair,Female,6468018949,L020,9/25/1978,10/8/2017,Verified
U02630,Lavanya,Verma,Female,7488790422,L034,5/21/1981,6/22/2021,Pending
U02631,Aisha,Iyer,Female,6999897863,L035,5/27/1991,6/27/2021,Verified
U02632,Vaishnavi,Gill,Female,8420441653,L021,10/17/1963,11/6/2018,Verified
U02633,Ileana,Malhotra,Female,9105118427,L019,9/13/2000,5/18/2020,Verified
U02634,Garima,Chawla,Female,8284045124,L043,8/28/2007,2/2/2018,Verified
U02635,Dhruv,Pereira,Male,7589180289,L034,2/2/1984,5/16/2018,Verified
U02636,Aparna,Kamath,Female,7729218029,L004,11/16/2004,10/9/2022,Verified
U02637,Nitin,Negi,Male,9359395557,L013,10/31/1992,11/26/2024,Verified
U02638,Sachin,Bora,Male,8246024881,L024,12/31/1998,8/2/2025,Verified
U02639,Ananya,Nair,Female,9695780154,L045,8/8/2000,8/9/2020,Failed
U02640,Faizan,Pandey,Male,9418500229,L045,2/7/1958,10/19/2025,Pending
U02641,Varsha,Rana,Female,9526845660,L020,6/24/1973,7/14/2025,Verified
U02642,Manish,Iyer,Male,6237321532,L033,9/5/2002,7/27/2018,Verified
U02643,Vedant,Verma,Male,9288696815,L046,11/12/1991,6/10/2022,Verified
U02644,Naveen,Suri,Male,7290141309,L012,7/24/1965,1/10/2022,Verified
U02645,Kabir,Bose,Male,6589727447,L036,11/7/1998,1/16/2020,Verified
U02646,Laksh,Singh,Male,6412402865,L040,7/31/1998,10/10/2018,Verified
U02647,Rajesh,Jadhav,Male,8343798420,L033,7/16/1967,5/21/2021,Verified
U02648,Nisha,Patil,Female,9288059441,L008,8/20/1988,11/21/2017,Verified
U02649,Aanya,Kamath,Female,8817277435,L018,8/10/1975,7/25/2022,Verified
U02650,Vinod,Malhotra,Male,8801863251,L032,12/18/1967,7/21/2018,Verified
U02651,Hina,Arora,Female,6118494285,L049,7/29/2005,4/10/2018,Verified
U02652,Asif,Kamath,Male,6837653837,L025,9/30/1971,6/24/2018,Verified
U02653,Ashish,Shinde,Male,9612843043,L017,7/4/1994,6/9/2025,Pending
U02654,Naresh,Shinde,Male,9660323588,L046,10/15/1965,1/8/2020,Verified
U02655,Riya,Banerjee,Female,8583061296,L012,6/25/1975,9/29/2024,Verified
U02656,Kusum,Pereira,Female,9483598596,L043,11/19/1992,9/25/2023,Verified
U02657,Sonia,Saxena,Female,9404944353,L005,9/22/2002,7/26/2021,Verified
U02658,Ritika,Sharma,Female,7265610206,L030,3/17/1992,4/19/2017,Verified
U02659,Tanya,Arora,Female,6317247252,L048,6/25/1966,2/15/2018,Verified
U02660,Ishita,Pinto,Female,8167299387,L010,3/9/1978,5/31/2023,Verified
U02661,Muskan,Ali,Female,6700489883,L003,8/13/1956,2/23/2021,Verified
U02662,Diya,Thakur,Female,7403011019,L010,3/21/1995,2/19/2018,Verified
U02663,Raj,Choudhary,Male,7921619313,L011,9/12/1980,9/30/2020,Verified
U02664,Sonia,Tripathi,Female,9463713493,L005,4/5/2004,3/30/2019,Verified
U02665,Ankita,Negi,Female,9642895088,L044,8/21/2004,1/26/2018,Verified
U02666,Laksh,Banerjee,Male,8360413674,L037,1/29/1957,5/27/2021,Verified
U02667,Rekha,Sandhu,Female,8704212010,L008,5/13/1983,1/26/2018,Failed
U02668,Vinod,Mukherjee,Male,8290309132,L020,8/27/1977,5/29/2018,Verified
U02669,Aman,Thakur,Male,7275830364,L037,4/6/1978,8/24/2025,Verified
U02670,Ishita,Sharma,Female,8135665363,L003,11/28/1980,10/15/2020,Verified
U02671,Dhruv,Das,Male,6252476655,L048,10/17/1991,6/7/2021,Verified
U02672,Naresh,Bhardwaj,Male,8381747089,L006,8/12/1978,3/21/2022,Verified
U02673,Zaid,Bora,Male,8744891763,L007,5/8/1963,8/27/2022,Verified
U02674,Preeti,Khan,Female,7268581530,L043,9/7/1973,5/26/2019,Verified
U02675,Mercan,Das,Female,7740087923,L009,2/26/1986,2/3/2021,Verified
U02676,Deepika,Sidhu,Female,6374221823,L001,5/7/1993,4/2/2021,Verified
U02677,Ira,Rao,Female,9977560787,L037,7/3/1975,12/24/2024,Verified
U02678,Radhika,Saha,Female,7148748294,L041,6/19/1963,12/25/2023,Verified
U02679,Sachin,Malhotra,Male,8929455812,L009,12/10/1979,9/17/2018,Verified
U02680,Kunal,Shinde,Male,9902811992,L028,1/21/1997,4/8/2023,Verified
U02681,Faizan,Agarwal,Male,9663289165,L021,8/28/2005,11/19/2022,Verified
U02682,Raj,Ali,Male,7266503338,L039,11/9/1972,4/26/2021,Failed
U02683,Darshan,Ahuja,Male,6249947833,L010,11/29/1994,12/4/2021,Verified
U02684,Vikas,Sikdar,Male,7473786940,L016,10/29/1977,8/10/2018,Verified
U02685,Sanjana,Narang,Female,6634307692,L021,10/31/1989,3/17/2018,Verified
U02686,Harsh,Mukherjee,Male,6818028190,L015,9/28/1991,6/22/2019,Verified
U02687,Uday,Ansari,Male,8255457752,L025,3/21/1972,7/17/2023,Verified
U02688,Shaurya,Reddy,Male,8271785590,L039,10/29/1996,8/17/2020,Verified
U02689,Nikita,Dutta,Female,9236430064,L042,12/20/1968,4/29/2019,Verified
U02690,Reshma,Goel,Female,9296237838,L033,11/27/1963,2/21/2020,Verified
U02691,Palak,Khanna,Female,7486430778,L017,10/21/1960,4/14/2019,Verified
U02692,Akash,Rana,Male,6516495904,L013,7/28/1972,3/26/2020,Verified
U02693,Ravi,Sandhu,Male,8344835859,L008,1/25/1987,11/10/2021,Verified
U02694,Aisha,Dubey,Female,9146645890,L034,11/15/1996,9/10/2018,Verified
U02695,Sameer,Tiwari,Male,9876517257,L023,2/10/1957,6/26/2021,Verified
U02696,Ruchi,Dutta,Female,9588285183,L045,5/4/2000,11/16/2020,Verified
U02697,Naresh,Saikia,Male,7180363491,L046,11/25/1975,2/8/2018,Verified
U02698,Sanjay,Saikia,Male,7551991385,L016,5/18/1971,4/6/2017,Verified
U02699,Sameer,Rao,Male,9842956222,L030,2/26/1991,11/14/2018,Verified
U02700,Asif,Kumar,Male,6768471879,L025,12/18/1964,2/9/2019,Verified
U02701,Madhuri,Negi,Female,8253769596,L045,9/23/1980,6/30/2025,Verified
U02702,Sushma,Singh,Female,8636752586,L010,1/27/1980,7/22/2022,Verified
U02703,Sandeep,Narang,Male,7237883333,L047,12/23/1981,9/2/2017,Verified
U02704,Asif,Gupta,Male,9255500848,L047,3/21/1958,11/6/2023,Failed
U02705,Ananya,George,Female,7329573388,L045,9/21/1962,4/27/2020,Verified
U02706,Garima,Saha,Female,9582034190,L001,12/17/1976,6/29/2025,Verified
U02707,Uma,Hegde,Female,7107068056,L027,4/23/1963,4/29/2019,Verified
U02708,Aman,Nigam,Male,6647350723,L026,12/12/1959,10/21/2020,Verified
U02709,Aisha,Puri,Female,9310530855,L033,1/3/1956,9/15/2018,Verified
U02710,Ritvik,Bhardwaj,Male,8231089133,L036,1/13/1968,2/23/2018,Verified
U02711,Reshma,Bose,Female,8923943793,L014,5/3/1983,8/1/2021,Verified
U02712,Shubham,Verma,Male,8444758667,L031,3/2/1959,4/26/2020,Verified
U02713,Sunil,D'Souza,Male,9869647386,L026,1/22/1977,3/7/2018,Verified
U02714,Chirag,Chatterjee,Male,9287566667,L043,10/19/1988,8/23/2024,Verified
U02715,Ankit,Bansal,Male,8766090656,L032,6/27/1976,2/28/2022,Verified
U02716,Vijay,Narang,Male,9962514401,L005,8/16/1957,6/22/2024,Verified
U02717,Deepak,Saxena,Male,6948225461,L032,1/5/1963,12/7/2021,Verified
U02718,Yash,Dutta,Male,7349726103,L018,3/22/1993,11/2/2025,Verified
U02719,Seema,Kalita,Female,9208054102,L004,5/13/1965,11/9/2018,Verified
U02720,Mehak,Roy,Female,8718400440,L040,1/30/1994,10/23/2022,Pending
U02721,Sonia,Dutta,Female,9682929187,L005,12/24/1984,6/2/2024,Verified
U02722,Chirag,Pawar,Male,9165100597,L015,4/25/1959,1/25/2023,Pending
U02723,Atharv,Saikia,Male,8814766726,L024,7/29/1976,8/2/2018,Verified
U02724,Chirag,Ali,Male,7840855335,L045,9/15/1974,5/6/2020,Verified
U02725,Tanya,Sethi,Female,9581568445,L020,1/1/2000,10/29/2018,Verified
U02726,Rajat,Kalita,Male,7576632777,L048,8/22/1976,7/19/2018,Verified
U02727,Radhika,Gaikwad,Female,7904702011,L028,7/21/1996,12/5/2021,Verified
U02728,Pooja,Pereira,Female,6600150443,L043,6/26/1974,5/7/2019,Failed
U02729,Rahul,Rao,Male,6261249379,L001,10/9/1992,2/28/2024,Verified
U02730,Chhavi,Ali,Female,7167293861,L009,9/29/1992,1/17/2020,Verified
U02731,Asif,Naidu,Male,8752121681,L023,9/8/1985,4/10/2023,Verified
U02732,Sneha,Sandhu,Female,6710473632,L002,12/22/1980,9/2/2020,Verified
U02733,Harini,Prasad,Female,6874521908,L027,4/6/1955,6/22/2019,Verified
U02734,Sonia,Das,Female,8829160971,L038,1/29/1983,1/28/2017,Verified
U02735,Sara,Bose,Female,7601934332,L030,3/23/1994,6/5/2021,Verified
U02736,Anu,George,Female,9651580944,L011,11/25/1990,4/4/2018,Verified
U02737,Aanya,Mittal,Female,6642624538,L032,11/16/1983,3/23/2024,Verified
U02738,Vikas,Nair,Male,6244174239,L023,8/12/1996,8/24/2021,Verified
U02739,Advik,Gaikwad,Male,9881000393,L041,8/12/1979,7/5/2020,Verified
U02740,Mercan,Kulkarni,Female,7911811881,L020,5/15/1970,1/30/2023,Verified
U02741,Vedant,Gill,Male,8449583977,L010,10/14/1961,5/13/2020,Pending
U02742,Imran,Chatterjee,Male,7758308160,L023,1/3/1987,5/31/2018,Pending
U02743,Zaid,Sikdar,Male,8306437762,L026,8/9/1982,8/16/2017,Verified
U02744,Aditi,Deshmukh,Female,7851176254,L006,3/26/2006,12/14/2022,Verified
U02745,Nikita,Pillai,Female,6277828097,L050,12/24/1997,7/20/2023,Verified
U02746,Ayush,Chauhan,Male,6520893967,L019,6/18/1974,3/3/2025,Failed
U02747,Sandeep,Patil,Male,9989535069,L048,7/17/1992,9/4/2025,Verified
U02748,Charu,Lal,Female,8565444449,L002,8/7/1960,8/15/2021,Verified
U02749,Madhu,Thomas,Female,6359608487,L032,7/1/2005,7/10/2021,Failed
U02750,Indu,Tiwari,Female,9182150446,L043,10/15/1983,8/22/2017,Verified
U02751,Lokesh,Pandey,Male,7987892345,L015,3/22/1967,8/25/2019,Verified
U02752,Prachi,Shaikh,Female,8625539389,L012,4/16/1974,6/23/2020,Verified
U02753,Aparna,Kulkarni,Female,9486017907,L010,8/24/2000,5/15/2020,Verified
U02754,Armaan,Rao,Male,6997556720,L044,9/24/1985,6/2/2023,Verified
U02755,Aman,Malhotra,Male,6363710297,L022,11/2/1999,7/13/2024,Failed
U02756,Tanvi,Patil,Female,6984519965,L008,12/16/1977,9/23/2020,Verified
U02757,Varun,Ali,Male,7712834006,L041,6/2/2003,4/20/2024,Verified
U02758,Parth,Nigam,Male,6247161669,L005,5/25/1984,5/10/2023,Verified
U02759,Sonal,Menon,Female,8263752311,L028,3/10/1994,10/27/2022,Verified
U02760,Mukesh,Fernandes,Male,8664967954,L050,8/9/2003,4/5/2021,Verified
U02761,Gaurav,Sharma,Male,6336889649,L003,3/20/1957,7/16/2020,Verified
U02762,Shruti,Chopra,Female,9532289241,L041,12/22/1962,9/21/2018,Verified
U02763,Radhika,D'Souza,Female,7476761370,L029,10/30/2007,5/25/2021,Verified
U02764,Ritika,Mahajan,Female,6716101071,L035,1/8/1970,7/17/2021,Verified
U02765,Naman,Puri,Male,6239393893,L011,9/22/1994,6/20/2019,Verified
U02766,Keerthi,Srivastava,Female,9819896086,L031,12/31/1960,3/15/2017,Verified
U02767,Uday,Shaikh,Male,7344728147,L016,2/6/1973,12/12/2024,Verified
U02768,Tanya,Sengar,Female,6369558268,L050,9/10/1968,11/13/2023,Verified
U02769,Sowmya,Joshi,Female,7836576887,L004,8/4/1966,8/8/2023,Verified
U02770,Kishore,Rao,Male,6435460162,L020,11/29/1993,7/3/2020,Verified
U02771,Farhan,Mahajan,Male,7206719251,L048,8/4/1991,11/28/2024,Verified
U02772,Uday,Sawant,Male,6927381255,L033,12/23/1975,2/15/2021,Verified
U02773,Sunil,Das,Male,7278530035,L019,6/18/1969,12/29/2017,Verified
U02774,Rahul,Malhotra,Male,7792891103,L049,12/21/1961,9/2/2023,Pending
U02775,Rupal,Menon,Female,9188113102,L048,11/23/1989,3/9/2018,Failed
U02776,Ruchi,Kalita,Female,8245562122,L036,3/29/1991,5/10/2019,Pending
U02777,Siddharth,Pawar,Male,9975298236,L039,10/24/1973,6/25/2018,Failed
U02778,Palak,Bhatia,Female,9393418357,L006,1/7/1973,11/11/2018,Verified
U02779,Vijay,Joseph,Male,9867194304,L030,9/7/1975,6/18/2020,Verified
U02780,Abhishek,Hegde,Male,7302976863,L037,3/3/1969,12/15/2020,Pending
U02781,Imran,Deshmukh,Male,7218129525,L012,7/25/1961,7/20/2020,Verified
U02782,Pooja,Syed,Female,9880425757,L011,3/22/1991,6/23/2019,Verified
U02783,Rashmi,Sandhu,Female,6465223686,L016,8/29/1979,6/8/2023,Pending
U02784,Ritvik,Ghosh,Male,7355449945,L045,6/14/1968,12/27/2023,Verified
U02785,Sushma,Naidu,Female,7498300377,L002,3/20/1969,7/8/2020,Pending
U02786,Neha,Dutta,Female,9646510170,L020,5/14/2006,2/11/2017,Verified
U02787,Parth,Bedi,Male,8354133540,L046,5/15/1974,11/21/2020,Pending
U02788,Aisha,Gaikwad,Female,8852782134,L027,4/6/1961,1/30/2025,Verified
U02789,Pradeep,Joshi,Male,9843559920,L045,3/18/1958,2/8/2024,Verified
U02790,Anu,Sawant,Female,8542718709,L009,8/12/1981,4/22/2024,Verified
U02791,Deepak,Roy,Male,9651502529,L041,7/5/1971,5/30/2024,Failed
U02792,Rohan,Menon,Male,9625838327,L044,12/16/1975,4/24/2019,Verified
U02793,Aisha,Reddy,Female,8283145670,L020,8/12/1991,10/20/2019,Verified
U02794,Laksh,Joshi,Male,7199900925,L027,2/4/1987,3/4/2019,Verified
U02795,Prachi,Verma,Female,9708592719,L024,3/20/1964,8/2/2018,Verified
U02796,Tejas,Lal,Male,7922124934,L008,5/5/1990,2/17/2024,Verified
U02797,Meera,Ahuja,Female,6205835891,L036,1/24/1979,5/3/2023,Verified
U02798,Prachi,Ansari,Female,6201713176,L044,11/24/1981,11/1/2019,Verified
U02799,Ruchi,Ansari,Female,9828445307,L040,3/6/1959,2/10/2022,Verified
U02800,Aryan,Chawla,Male,9811554448,L011,11/13/1972,5/16/2017,Verified
U02801,Priti,Syed,Female,8444779910,L020,11/2/2007,5/5/2020,Verified
U02802,Bharti,Saha,Female,9543735582,L048,12/8/1991,7/1/2021,Pending
U02803,Nikita,Dubey,Female,8384325717,L004,6/27/1997,3/13/2020,Verified
U02804,Sanjana,Yadav,Female,7152313867,L019,12/31/1971,9/13/2021,Verified
U02805,Ayaan,Chopra,Male,9134431502,L013,4/29/2007,10/15/2019,Verified
U02806,Rohit,Thakur,Male,9462585185,L015,12/3/1971,11/12/2017,Verified
U02807,Madhuri,Pandey,Female,8586910483,L045,5/1/1976,2/11/2021,Pending
U02808,Ishaan,Pawar,Male,9962582165,L018,9/9/1986,9/8/2020,Failed
U02809,Navya,More,Female,7920116539,L031,8/9/1958,9/1/2024,Verified
U02810,Om,Nigam,Male,8907756704,L042,8/18/1962,5/29/2019,Verified
U02811,Kiran,Srivastava,Female,8823488749,L038,8/15/1980,12/21/2024,Pending
U02812,Rashmi,Kulkarni,Female,7639208585,L028,10/30/1984,8/12/2018,Verified
U02813,Reyansh,Joshi,Male,9904228206,L010,7/5/1994,12/4/2019,Verified
U02814,Krishna,Yadav,Male,6850477840,L001,7/19/1984,3/25/2025,Verified
U02815,Rishabh,Bansal,Male,7213250624,L043,12/9/1982,7/15/2024,Failed
U02816,Nikhil,Lal,Male,7180732714,L012,10/5/1986,8/21/2018,Verified
U02817,Komal,Sandhu,Female,8604908866,L006,2/21/1970,6/1/2024,Verified
U02818,Priya,Kalita,Female,9262572450,L027,3/21/1974,9/7/2021,Failed
U02819,Ganesh,Jadhav,Male,8413167190,L008,3/25/1988,5/4/2022,Verified
U02820,Trisha,Tripathi,Female,6355841975,L020,12/20/1958,8/18/2024,Verified
U02821,Aditi,Agarwal,Female,6139218044,L038,2/9/1994,9/4/2022,Verified
U02822,Chirag,Ansari,Male,8461766948,L010,12/29/1977,12/27/2019,Pending
U02823,Krishna,Ansari,Male,9898162363,L017,7/6/1995,8/31/2018,Verified
U02824,Seema,Jain,Female,6470343229,L038,8/8/1993,8/17/2024,Verified
U02825,Anjali,Joshi,Female,8407530614,L040,6/26/1975,7/15/2019,Verified
U02826,Geeta,Lal,Female,8510194726,L018,7/14/1986,2/8/2021,Verified
U02827,Farhan,Mahajan,Male,8504332307,L031,9/4/1982,5/8/2023,Verified
U02828,Madhu,Kapoor,Female,8527550013,L011,6/20/1959,6/19/2023,Verified
U02829,Garima,Bansal,Female,8448293481,L041,4/22/1958,8/24/2023,Verified
U02830,Madhu,Baruah,Female,9984973430,L048,9/23/1976,5/3/2022,Verified
U02831,Seema,Gill,Female,7451420161,L015,3/22/1972,4/15/2023,Verified
U02832,Indu,Saikia,Female,7868438779,L047,2/21/1960,7/5/2018,Pending
U02833,Abhishek,More,Male,9531288524,L046,4/6/1988,10/30/2022,Verified
U02834,Nitin,Yadav,Male,9134643711,L026,9/29/1985,3/4/2025,Verified
U02835,Shaurya,Saha,Male,8642167689,L012,9/16/1964,11/2/2025,Pending
U02836,Kiran,Suri,Female,9787455587,L043,11/30/1986,8/2/2018,Verified
U02837,Naresh,Sawant,Male,7170485131,L033,5/11/1998,8/12/2018,Verified
U02838,Riya,Bedi,Female,7741631077,L023,6/25/1996,11/17/2018,Verified
U02839,Naman,Mahajan,Male,9895617109,L026,12/6/1976,6/21/2017,Verified
U02840,Farah,Ghosh,Female,6911140385,L039,5/13/1968,10/13/2024,Verified
U02841,Ira,Singh,Female,7321637544,L011,8/19/1965,11/11/2023,Verified
U02842,Salman,Sikdar,Male,8877319840,L016,9/19/1991,3/16/2021,Verified
U02843,Jyoti,Baruah,Female,6691328662,L024,11/9/1994,8/5/2023,Verified
U02844,Pooja,Bedi,Female,7320867205,L033,2/9/1961,4/21/2024,Verified
U02845,Shubham,Mahajan,Male,9175890259,L033,9/2/2006,5/12/2019,Pending
U02846,Preeti,Mehta,Female,6438760861,L040,3/3/1990,7/8/2020,Pending
U02847,Shruti,Ahuja,Female,8250869715,L040,10/26/2003,8/3/2022,Verified
U02848,Ishita,Bansal,Female,6606290041,L010,10/30/2007,7/10/2025,Verified
U02849,Deepika,Patil,Female,7334965159,L002,12/25/1961,12/14/2018,Verified
U02850,Kabir,Sengar,Male,8775292164,L023,5/1/1971,1/20/2023,Pending
U02851,Naman,Choudhary,Male,8137590940,L022,11/11/1986,8/30/2020,Verified
U02852,Kiran,Arora,Female,9269319300,L005,6/25/2006,3/10/2019,Verified
U02853,Shyam,Puri,Male,8482641041,L021,5/6/1999,2/23/2019,Verified
U02854,Pankaj,Kulkarni,Male,6846524996,L049,4/8/1970,10/16/2025,Verified
U02855,Sushma,Ansari,Female,7455187712,L037,1/13/1955,11/12/2024,Pending
U02856,Danish,Iyer,Male,8326690729,L047,11/2/1968,5/19/2025,Verified
U02857,Zaid,Saha,Male,6190611922,L025,11/9/1993,2/21/2020,Verified
U02858,Mehak,Nair,Female,6545805132,L026,2/24/1993,1/17/2017,Verified
U02859,Dev,Puri,Male,6826536500,L041,10/1/1968,9/18/2020,Verified
U02860,Om,Kalita,Male,8793053426,L001,7/24/1971,5/15/2022,Verified
U02861,Nandini,Malhotra,Female,6478448826,L003,9/14/1985,5/6/2020,Verified
U02862,Ajay,Bose,Male,8620919238,L014,10/28/1987,5/6/2024,Verified
U02863,Aarav,Roy,Male,8296401556,L021,8/21/1995,7/4/2017,Verified
U02864,Palak,Nigam,Female,7815059532,L022,5/13/1983,4/17/2023,Pending
U02865,Aanya,Pillai,Female,8240054635,L045,7/14/1973,6/27/2017,Verified
U02866,Gaurav,Das,Male,8267240837,L032,5/31/1991,10/9/2025,Verified
U02867,Faizan,Bose,Male,7893376274,L047,10/1/1998,9/18/2023,Verified
U02868,Vijay,Sandhu,Male,9703941285,L034,10/12/1969,7/1/2017,Verified
U02869,Komal,George,Female,7514134516,L010,6/10/1976,8/10/2018,Verified
U02870,Danish,Sandhu,Male,9831202149,L040,4/30/1986,4/24/2019,Verified
U02871,Uday,Sengar,Male,7518537084,L009,2/1/1995,4/23/2019,Verified
U02872,Sumit,Sengar,Male,7864717644,L044,9/11/2001,2/2/2021,Verified
U02873,Anil,Dubey,Male,8784861298,L016,11/25/1957,6/2/2023,Verified
U02874,Mukesh,Mukherjee,Male,9848378543,L040,1/9/1960,5/29/2018,Verified
U02875,Darshan,Khanna,Male,9727744413,L018,8/30/1973,8/3/2019,Verified
U02876,Tanya,Lal,Female,6733462748,L007,1/27/1969,10/31/2017,Verified
U02877,Lavanya,Khan,Female,9538965295,L049,1/21/1972,5/14/2018,Verified
U02878,Manav,Lalwani,Male,9620710243,L011,3/8/1999,2/17/2018,Verified
U02879,Lata,Narang,Female,8487390589,L028,5/31/1969,7/4/2024,Failed
U02880,Sameer,Naidu,Male,8203651764,L045,2/20/1999,2/18/2025,Verified
U02881,Aanya,Puri,Female,6297694431,L008,3/5/1976,4/7/2017,Verified
U02882,Akash,Ghosh,Male,7172287944,L034,4/6/1988,9/2/2019,Verified
U02883,Bhavesh,Shinde,Male,7911753235,L009,12/5/1986,5/28/2025,Verified
U02884,Rekha,Mittal,Female,7249635325,L020,1/5/1955,10/20/2019,Pending
U02885,Payal,Sethi,Female,7694046575,L022,6/2/1979,4/30/2018,Verified
U02886,Kavya,Sidhu,Female,6304649406,L035,3/4/1974,7/20/2021,Verified
U02887,Monika,Sharma,Female,6871876407,L045,1/8/1967,8/29/2024,Verified
U02888,Aparna,George,Female,9859934135,L048,1/28/1963,10/14/2019,Verified
U02889,Sneha,Dutta,Female,6679674932,L008,7/5/2005,4/28/2021,Verified
U02890,Saurabh,Thakur,Male,6820336882,L039,8/30/1959,5/28/2025,Verified
U02891,Pranav,Reddy,Male,8991357541,L036,11/27/1962,2/15/2021,Verified
U02892,Amit,Ghosh,Male,7220177159,L043,2/15/1981,9/25/2022,Failed
U02893,Kunal,Yadav,Male,9325239261,L022,2/27/1995,8/21/2025,Failed
U02894,Armaan,Pillai,Male,6221477565,L037,6/7/1997,3/20/2025,Pending
U02895,Sushma,Choudhary,Female,8336178284,L027,10/23/1997,11/24/2024,Verified
U02896,Karan,Chatterjee,Male,7689991762,L020,11/16/2004,2/25/2017,Verified
U02897,Lata,Ansari,Female,7828844563,L027,4/10/1996,5/2/2024,Verified
U02898,Farhan,Shetty,Male,6311355199,L027,4/1/1965,12/30/2023,Verified
U02899,Farah,Kakkar,Female,7118689298,L018,1/8/1982,9/23/2022,Pending
U02900,Ayush,Saxena,Male,9861025518,L025,5/19/1972,1/24/2025,Verified
U02901,Alina,Saxena,Female,7712471315,L007,4/8/1966,5/12/2025,Verified
U02902,Komal,Thakur,Female,8153512061,L027,8/8/1955,6/30/2025,Verified
U02903,Palak,Bedi,Female,6468356427,L027,7/31/1971,6/10/2019,Verified
U02904,Varsha,Agarwal,Female,7323940493,L022,9/17/2000,11/10/2020,Verified
U02905,Jatin,Pawar,Male,8651901250,L022,9/17/1955,8/10/2020,Verified
U02906,Rahul,D'Souza,Male,9165886289,L001,7/24/1960,8/14/2019,Verified
U02907,Salman,Kulkarni,Male,7210535137,L049,10/10/1956,1/28/2019,Verified
U02908,Aditi,Lal,Female,8983528526,L028,7/7/1970,11/13/2022,Verified
U02909,Lata,Bedi,Female,6443316583,L014,5/11/2004,6/2/2018,Verified
U02910,Ajay,Rao,Male,6519846514,L043,3/7/1961,9/7/2019,Verified
U02911,Aditi,Bhardwaj,Female,8375640122,L038,7/26/1980,5/12/2022,Verified
U02912,Myra,Naidu,Female,9629129571,L042,6/29/2000,9/22/2018,Verified
U02913,Darshan,Mishra,Male,7935297306,L009,4/29/2002,12/1/2025,Verified
U02914,Raj,Sikdar,Male,8660182063,L010,11/16/1955,10/14/2025,Verified
U02915,Jyoti,Chopra,Female,7907544505,L003,2/2/1994,12/2/2023,Pending
U02916,Deepak,Mathew,Male,9690705278,L032,6/25/2003,9/24/2023,Failed
U02917,Akash,Saha,Male,9801740967,L023,9/8/1968,9/2/2017,Verified
U02918,Mayank,Kamath,Male,7472475711,L027,9/28/1990,10/14/2021,Verified
U02919,Kusum,Menon,Female,8937508000,L045,3/29/2007,12/11/2019,Verified
U02920,Sneha,Patel,Female,8855769675,L028,7/8/1982,5/8/2017,Verified
U02921,Mehak,Fernandes,Female,6774662764,L024,4/9/1957,12/24/2021,Verified
U02922,Rajat,Gill,Male,7963034753,L001,2/11/1965,9/12/2020,Verified
U02923,Farhan,Banerjee,Male,8263526226,L036,8/31/1978,3/6/2025,Verified
U02924,Vijay,Hegde,Male,8376786999,L020,8/8/1966,10/18/2020,Verified
U02925,Laksh,Rao,Male,8800276167,L036,7/12/1975,11/9/2024,Verified
U02926,Ira,Das,Female,6564235808,L031,7/13/1994,4/22/2017,Verified
U02927,Preeti,Lalwani,Female,9140827245,L011,12/2/1987,1/10/2019,Verified
U02928,Farhan,Choudhary,Male,7550887082,L034,1/17/2007,9/17/2020,Verified
U02929,Ganesh,Ghosh,Male,6968784167,L008,12/20/1992,6/17/2025,Verified
U02930,Navya,Sharma,Female,9965161115,L037,6/21/2001,7/3/2023,Pending
U02931,Sonal,Verma,Female,7182926263,L045,3/31/1989,12/4/2025,Verified
U02932,Ayush,Negi,Male,7700285375,L019,4/13/1960,7/15/2023,Verified
U02933,Noor,Mittal,Female,9639731645,L008,6/27/1992,3/11/2022,Verified
U02934,Krishna,Kalita,Male,8538727844,L006,11/14/1960,3/20/2017,Verified
U02935,Sachin,Dutta,Male,7262519658,L008,5/27/1980,9/23/2021,Pending
U02936,Shreya,D'Souza,Female,9682634426,L045,12/5/1971,4/4/2022,Verified
U02937,Sakshi,Soni,Female,6403832328,L022,3/12/1974,10/24/2020,Failed
U02938,Sonia,Hegde,Female,9728904231,L042,9/2/1964,3/20/2018,Verified
U02939,Indu,Suri,Female,9560321855,L041,4/12/2003,6/11/2021,Verified
U02940,Shruti,Pinto,Female,7223210380,L030,12/20/1973,5/3/2025,Verified
U02941,Shyam,Narang,Male,9685109365,L046,7/9/1958,5/14/2019,Verified
U02942,Tushar,Singh,Male,9255012293,L015,7/24/2005,5/26/2025,Verified
U02943,Tarun,Sidhu,Male,8357669144,L003,11/30/1970,3/18/2025,Verified
U02944,Sonal,Shinde,Female,7376310177,L043,1/18/1980,11/4/2020,Verified
U02945,Harsh,Patil,Male,8963375312,L023,6/14/1985,3/6/2025,Failed
U02946,Nandini,Pillai,Female,7901660072,L003,8/25/1956,6/23/2024,Verified
U02947,Ira,Bedi,Female,6483714222,L034,7/6/1995,12/31/2021,Verified
U02948,Krishna,Singh,Male,7703967557,L029,3/16/1966,10/29/2018,Verified
U02949,Rashmi,Rana,Female,8100314697,L009,7/27/1995,1/2/2018,Verified
U02950,Preeti,Shinde,Female,7861612692,L050,9/6/2003,12/15/2018,Verified
U02951,Dhruv,Shaikh,Male,6322615779,L021,7/20/1957,4/30/2020,Pending
U02952,Aanya,Naidu,Female,9603964895,L042,11/26/1974,12/13/2025,Verified
U02953,Aman,Deshmukh,Male,6718591530,L029,8/5/1982,3/1/2018,Verified
U02954,Rehan,Fernandes,Male,8249664140,L034,12/23/1972,6/30/2018,Verified
U02955,Myra,Jain,Female,7189081313,L004,3/9/1991,2/27/2022,Verified
U02956,Atharv,Rana,Male,8131480851,L015,12/2/1999,7/6/2023,Verified
U02957,Rajat,Sharma,Male,6592556437,L031,1/19/2005,10/26/2019,Verified
U02958,Ira,Ahuja,Female,8930421135,L032,3/23/1977,11/21/2021,Failed
U02959,Amit,Dutta,Male,7457506717,L017,7/3/1971,9/8/2017,Verified
U02960,Alina,Thakur,Female,7378229686,L013,1/21/1957,7/23/2025,Verified
U02961,Farah,Kulkarni,Female,7706970549,L024,8/8/1975,5/1/2019,Verified
U02962,Rashmi,Mehta,Female,7333738798,L026,5/10/1992,11/28/2024,Verified
U02963,Anil,Saha,Male,6201707876,L018,2/22/1982,10/1/2023,Verified
U02964,Harini,Mittal,Female,7240382024,L028,12/27/1956,5/11/2018,Verified
U02965,Riya,Hegde,Female,9604188564,L038,5/22/1959,2/5/2025,Verified
U02966,Nazia,Kalita,Female,8291343919,L047,6/14/1972,10/5/2019,Verified
U02967,Deepika,Kumar,Female,8635743199,L007,12/22/1959,1/13/2022,Verified
U02968,Ayush,Sidhu,Male,7857155023,L014,12/29/1971,1/8/2023,Verified
U02969,Sneha,Ahuja,Female,9987904368,L002,6/24/1978,11/19/2018,Verified
U02970,Ileana,Negi,Female,7594468808,L004,9/20/1993,2/2/2018,Verified
U02971,Ishita,Srivastava,Female,9655665706,L009,2/3/1996,10/6/2021,Pending
U02972,Nikita,Gill,Female,6990228107,L048,8/23/1981,3/3/2017,Verified
U02973,Purnima,Puri,Female,6413813785,L021,7/22/1973,6/14/2018,Verified
U02974,Bhavesh,Mahajan,Male,9109171774,L017,1/15/1974,9/29/2018,Verified
U02975,Ishita,Sandhu,Female,6108696903,L004,5/1/1979,11/13/2021,Verified
U02976,Rehan,Mukherjee,Male,8591997375,L011,6/14/1969,5/15/2017,Verified
U02977,Anu,Bose,Female,8894297624,L029,10/16/1979,6/2/2019,Verified
U02978,Armaan,Sandhu,Male,9413269129,L022,9/18/1981,3/29/2017,Verified
U02979,Vihaan,Yadav,Male,7464701481,L030,12/7/1976,2/9/2025,Verified
U02980,Armaan,Malhotra,Male,9391728299,L033,12/17/1959,1/11/2021,Verified
U02981,Pallavi,Kapoor,Female,7258369868,L022,5/15/1977,1/21/2021,Verified
U02982,Ananya,Shinde,Female,9369952313,L006,1/6/1960,12/18/2019,Verified
U02983,Vedant,Sidhu,Male,9434363082,L049,9/19/1980,3/31/2019,Verified
U02984,Priya,Ahuja,Female,6160191934,L040,10/20/1960,3/20/2021,Verified
U02985,Mercan,Chauhan,Female,6361507221,L017,2/25/1967,5/9/2018,Verified
U02986,Diya,Bhardwaj,Female,7529955340,L036,9/10/1968,1/24/2025,Verified
U02987,Zaid,Ahuja,Male,6554279475,L005,3/25/1967,2/11/2023,Failed
U02988,Atharv,Mehta,Male,8802756616,L039,6/18/1985,4/26/2017,Verified
U02989,Tarun,Saha,Male,9658413860,L038,2/12/1980,4/14/2020,Verified
U02990,Pranav,Khan,Male,7379282678,L001,3/9/2004,2/18/2022,Verified
U02991,Nandini,Syed,Female,6864105411,L012,6/15/1955,5/23/2025,Verified
U02992,Parth,Das,Male,9983262356,L016,10/31/1990,3/31/2024,Verified
U02993,Renu,Sandhu,Female,6496951342,L026,1/3/1956,3/6/2023,Verified
U02994,Vinod,Mukherjee,Male,7376953100,L034,6/4/2000,6/30/2023,Verified
U02995,Ritika,Joshi,Female,7894424212,L034,6/26/1974,7/17/2022,Verified
U02996,Sunita,Kamath,Female,6808915074,L001,2/26/1983,3/6/2022,Pending
U02997,Rakesh,Saikia,Male,8828630828,L050,9/17/1960,7/31/2018,Verified
U02998,Charu,Gill,Female,6705609737,L006,2/8/1986,5/11/2020,Verified
U02999,Manish,Shetty,Male,6607782052,L036,7/18/1981,6/7/2019,Verified
U03000,Kiara,Mahajan,Female,6408862427,L022,11/1/2000,3/21/2017,Verified
U03001,Anita,Hegde,Female,7769515970,L010,4/21/1999,2/22/2020,Verified
U03002,Anil,Sengar,Male,9528768730,L020,4/14/1989,1/24/2017,Pending
U03003,Rehan,Bedi,Male,9761517693,L024,3/20/1963,4/26/2019,Verified
U03004,Amit,Malhotra,Male,9943864314,L026,1/9/1999,11/13/2020,Verified
U03005,Palak,Menon,Female,7871812032,L032,2/18/1987,7/23/2019,Verified
U03006,Sunil,Bedi,Male,7880703841,L031,1/4/1976,1/24/2022,Verified
U03007,Indu,Sikdar,Female,8200545901,L013,1/18/1974,1/22/2019,Verified
U03008,Krishna,Naidu,Male,8866160588,L013,3/18/1957,1/20/2024,Verified
U03009,Vaishnavi,Mukherjee,Female,7384150216,L033,7/11/2000,5/9/2018,Verified
U03010,Sheetal,Shaikh,Female,8415886096,L037,4/21/1998,9/25/2025,Verified
U03011,Alina,Pandey,Female,7136444357,L019,7/2/1967,3/3/2019,Verified
U03012,Muskan,Bansal,Female,6300401606,L014,12/28/2006,4/21/2019,Verified
U03013,Preeti,Rawat,Female,6606518909,L014,8/28/1985,4/17/2020,Verified
U03014,Uday,Soni,Male,7645005476,L017,3/17/1987,3/13/2025,Failed
U03015,Reyansh,Bora,Male,9419045644,L018,9/20/1959,10/22/2019,Verified
U03016,Nazia,Bansal,Female,6304083971,L023,11/5/1957,4/11/2019,Verified
U03017,Dinesh,Singh,Male,6878449790,L049,4/25/1968,7/5/2018,Verified
U03018,Anu,Ghosh,Female,8520620627,L020,9/29/1985,6/8/2025,Verified
U03019,Vivek,Patel,Male,9486908465,L042,10/26/1993,1/13/2018,Verified
U03020,Vivek,Negi,Male,7744633092,L010,3/3/1976,11/22/2020,Verified
U03021,Laksh,Saikia,Male,7981535879,L011,7/12/1985,1/3/2019,Pending
U03022,Ishita,Chauhan,Female,7770927972,L038,2/6/2001,1/15/2018,Verified
U03023,Laksh,Reddy,Male,8323708291,L037,8/15/1979,4/9/2020,Verified
U03024,Rudra,Bora,Male,9555470344,L014,3/25/1967,7/8/2018,Pending
U03025,Neha,Sethi,Female,6559048955,L018,1/13/1985,9/15/2020,Verified
U03026,Aditi,Shinde,Female,8530738654,L050,7/27/1968,6/12/2023,Verified
U03027,Mercan,Syed,Female,8220535481,L030,5/13/1979,6/15/2020,Pending
U03028,Ritika,Ahuja,Female,9209465714,L035,12/30/1994,3/6/2019,Verified
U03029,Divya,Thomas,Female,9426361162,L023,6/3/1963,4/6/2018,Verified
U03030,Sunita,Srivastava,Female,7928733345,L045,9/23/1962,4/12/2022,Verified
U03031,Hemant,Rawat,Male,6253296500,L032,7/4/2003,3/19/2022,Verified
U03032,Tarun,Patil,Male,9198517236,L041,5/10/1963,11/28/2019,Verified
U03033,Indu,Ahuja,Female,7517139572,L011,11/9/1955,10/8/2025,Verified
U03034,Manish,Pillai,Male,9540512954,L044,5/25/1986,8/3/2022,Verified
U03035,Armaan,Suri,Male,6703065708,L049,10/16/1956,3/4/2025,Verified
U03036,Hemant,D'Souza,Male,7171567634,L049,6/15/1975,10/15/2025,Verified
U03037,Lavanya,Pillai,Female,6284183694,L025,7/30/1998,12/15/2025,Verified
U03038,Rehan,Verma,Male,7956581892,L035,12/26/1997,5/1/2018,Verified
U03039,Yash,Deshmukh,Male,9584056022,L011,10/20/1971,3/13/2025,Verified
U03040,Raj,Mahajan,Male,9727768347,L029,9/19/2006,7/25/2017,Verified
U03041,Ganesh,Mukherjee,Male,9133283559,L018,11/18/1977,6/6/2022,Verified
U03042,Aisha,Nair,Female,6261083183,L010,8/18/1999,3/13/2017,Verified
U03043,Hina,Chauhan,Female,7416245218,L017,7/4/1984,2/11/2024,Verified
U03044,Tanya,Fernandes,Female,7799029802,L010,4/5/1964,7/1/2022,Verified
U03045,Rudra,Sengar,Male,8634096699,L039,4/9/1963,7/9/2017,Verified
U03046,Nandini,Kalita,Female,7919655433,L037,2/21/1986,5/10/2017,Verified
U03047,Rohit,Shetty,Male,6895716818,L015,7/12/1973,8/25/2020,Verified
U03048,Farhan,Rao,Male,9315429677,L022,9/26/1955,9/11/2024,Verified
U03049,Ishaan,Qureshi,Male,7545035190,L015,3/21/1966,10/19/2018,Verified
U03050,Danish,Sethi,Male,6490328569,L024,9/28/1958,8/21/2020,Verified
U03051,Garima,Rana,Female,8829787705,L045,6/6/1998,2/18/2019,Verified
U03052,Niharika,Chawla,Female,6139848705,L025,1/25/1989,4/22/2021,Verified
U03053,Kanchan,Sikdar,Female,8127614303,L004,9/21/1983,2/9/2023,Verified
U03054,Hemant,Ghosh,Male,9836911181,L044,8/18/2002,6/9/2017,Verified
U03055,Aditi,Bora,Female,7242809183,L008,1/28/1966,11/14/2017,Failed
U03056,Aditya,Singh,Male,9305777283,L011,11/30/2006,3/5/2019,Verified
U03057,Reyansh,Patel,Male,9140562717,L049,5/2/1993,11/5/2019,Verified
U03058,Preeti,Kamath,Female,8263613690,L012,8/19/1975,7/8/2020,Verified
U03059,Amit,Bose,Male,6623869356,L032,2/24/1990,4/11/2022,Verified
U03060,Simran,Dubey,Female,6268071817,L028,12/2/1956,3/31/2022,Verified
U03061,Noor,Bhatia,Female,8445836830,L043,10/17/1969,2/27/2018,Verified
U03062,Vikas,Bhardwaj,Male,8307619227,L042,9/3/1993,2/6/2021,Verified
U03063,Anusha,Bhardwaj,Female,9132956475,L029,6/24/1958,7/1/2020,Verified
U03064,Vedant,Rawat,Male,8736380854,L012,1/31/1972,9/13/2023,Verified
U03065,Sunita,Tiwari,Female,9839879575,L040,7/25/1987,3/2/2019,Verified
U03066,Palak,Arora,Female,8871259680,L032,12/18/2006,8/3/2021,Verified
U03067,Shreya,Puri,Female,7632320001,L008,3/4/2007,11/17/2025,Verified
U03068,Vinod,Dubey,Male,8961628300,L024,9/24/1974,7/9/2019,Verified
U03069,Madhu,Dutta,Female,9551801456,L050,1/25/1980,7/8/2017,Verified
U03070,Kanchan,Bansal,Female,6648170723,L028,4/4/2000,7/26/2024,Verified
U03071,Saurabh,Bansal,Male,7922769716,L004,1/25/2003,6/2/2020,Verified
U03072,Sheetal,Bhatia,Female,7478874160,L006,4/24/1971,2/26/2021,Verified
U03073,Sheetal,Malhotra,Female,6375916697,L031,8/12/2005,7/14/2022,Pending
U03074,Nitin,Chauhan,Male,6577083599,L046,10/17/1976,10/18/2024,Verified
U03075,Vaishnavi,Malhotra,Female,7195175052,L016,10/21/1967,4/20/2021,Verified
U03076,Sowmya,Prasad,Female,7650157197,L027,12/11/2001,11/1/2021,Verified
U03077,Tarun,Rana,Male,7471665236,L005,2/10/1997,2/12/2025,Verified
U03078,Khushi,Saikia,Female,9871127751,L020,1/5/1984,1/11/2020,Verified
U03079,Vedant,Kalita,Male,7339121906,L005,11/4/1988,7/29/2018,Verified
U03080,Salman,Roy,Male,9906433075,L014,11/25/2004,8/15/2022,Verified
U03081,Sumit,Naidu,Male,9297272677,L017,1/25/1987,4/12/2018,Failed
U03082,Meera,Kulkarni,Female,9462376575,L038,7/9/1999,7/24/2022,Verified
U03083,Sanjay,Pinto,Male,9300250787,L015,12/28/1972,2/25/2019,Verified
U03084,Dhruv,Mishra,Male,7705029432,L028,2/20/1988,1/17/2023,Verified
U03085,Rahul,Sidhu,Male,7657954404,L005,12/13/2002,7/5/2018,Verified
U03086,Deepika,Fernandes,Female,7792339640,L025,2/16/2001,4/12/2023,Verified
U03087,Komal,Iyer,Female,8522248334,L042,1/12/1998,3/25/2023,Pending
U03088,Ankit,Chatterjee,Male,9907030193,L004,6/27/1984,2/25/2019,Verified
U03089,Jyoti,Tripathi,Female,9565574705,L002,8/13/1991,4/12/2020,Verified
U03090,Ayush,Singh,Male,6493088263,L046,8/2/1956,5/26/2018,Verified
U03091,Navya,Chawla,Female,7956707233,L008,9/11/2005,5/6/2020,Verified
U03092,Keerthi,Reddy,Female,6447587946,L007,9/25/1964,3/4/2019,Verified
U03093,Farah,Chatterjee,Female,9127409901,L023,4/7/1997,3/8/2023,Verified
U03094,Pranav,Bhardwaj,Male,7757347843,L015,6/5/1989,11/28/2021,Verified
U03095,Kanchan,Negi,Female,6408227349,L023,8/21/1998,8/30/2025,Pending
U03096,Sanjay,Gupta,Male,9339343964,L017,3/20/1974,10/26/2024,Verified
U03097,Mayank,Reddy,Male,9508407296,L043,1/10/1955,5/26/2025,Pending
U03098,Vikas,Gupta,Male,6995500409,L004,3/14/1995,12/11/2018,Verified
U03099,Zaid,Nair,Male,6352687287,L045,6/13/1965,5/3/2017,Verified
U03100,Amit,Mathew,Male,6589992284,L014,5/27/1982,1/26/2019,Verified
U03101,Neha,Sethi,Female,6580469493,L047,11/23/1988,11/24/2017,Verified
U03102,Madhu,Goel,Female,7391640089,L019,4/20/1993,7/5/2017,Pending
U03103,Varsha,More,Female,8476581088,L029,9/26/1972,3/15/2020,Verified
U03104,Geeta,Bansal,Female,8994995576,L019,11/4/1962,8/28/2023,Verified
U03105,Palak,Deshmukh,Female,9398647512,L003,9/6/1996,1/1/2019,Verified
U03106,Swati,Banerjee,Female,7295710211,L005,3/24/1987,5/19/2021,Verified
U03107,Aparna,Sethi,Female,8264620634,L049,6/8/1975,11/24/2020,Verified
U03108,Imran,Choudhary,Male,7695378383,L027,3/29/1983,10/14/2021,Verified
U03109,Noor,Bose,Female,6158675645,L021,6/7/1973,9/30/2023,Verified
U03110,Shyam,Bose,Male,6673663763,L011,7/27/1981,9/6/2023,Verified
U03111,Rishabh,Kohli,Male,6644287974,L029,6/3/1962,7/21/2022,Verified
U03112,Tanvi,Saxena,Female,9195464480,L009,4/28/1968,4/11/2021,Verified
U03113,Rupal,Patil,Female,6407798508,L018,11/27/1956,2/24/2017,Verified
U03114,Alina,Das,Female,8614297428,L003,3/1/1983,5/28/2025,Verified
U03115,Charu,Chopra,Female,7601349161,L031,4/9/1958,2/25/2020,Verified
U03116,Anusha,Patel,Female,7521590803,L032,1/5/1993,12/29/2023,Verified
U03117,Ashish,Fernandes,Male,7802425018,L004,2/10/1959,6/30/2018,Pending
U03118,Trisha,Jain,Female,6424695036,L020,3/15/1978,3/9/2025,Pending
U03119,Pradeep,Bedi,Male,8392829605,L046,1/13/1963,6/29/2017,Verified
U03120,Laksh,Prasad,Male,8570635530,L032,7/8/1961,4/27/2024,Verified
U03121,Diya,Mathew,Female,8772344691,L044,8/28/1993,3/7/2021,Pending
U03122,Zoya,Ahuja,Female,8757508676,L044,7/1/1990,11/3/2018,Verified
U03123,Harsh,Shetty,Male,6601902472,L034,4/17/1984,1/27/2024,Verified
U03124,Akash,Bhatia,Male,9150764846,L012,2/18/1964,11/11/2025,Pending
U03125,Asif,Nair,Male,7658330157,L012,7/30/1989,5/3/2020,Pending
U03126,Shreya,Negi,Female,8388630655,L042,5/11/2002,6/13/2017,Verified
U03127,Karan,Negi,Male,9774634631,L045,7/3/1962,2/20/2021,Verified
U03128,Chirag,Reddy,Male,8144539939,L035,5/21/1988,10/13/2017,Verified
U03129,Bharti,Das,Female,8941796309,L012,10/31/1983,4/4/2019,Verified
U03130,Mayank,Srivastava,Male,8702834116,L005,4/13/1990,1/31/2017,Verified
U03131,Trisha,Goel,Female,8514133907,L006,2/24/1966,8/16/2017,Verified
U03132,Rohit,Menon,Male,8352799073,L029,6/5/1995,10/11/2020,Verified
U03133,Niharika,Reddy,Female,8780373957,L009,11/14/1992,10/11/2024,Verified
U03134,Sameer,Bhardwaj,Male,8127311152,L003,6/23/1982,3/31/2018,Failed
U03135,Monika,Sawant,Female,9759210126,L049,10/16/1955,8/27/2024,Pending
U03136,Purnima,Kamath,Female,7873287329,L032,12/7/1973,9/11/2019,Failed
U03137,Kusum,Das,Female,7327468223,L035,3/28/1989,12/31/2024,Verified
U03138,Bhavesh,Kulkarni,Male,8305647042,L028,6/6/1958,11/26/2021,Verified
U03139,Laksh,Narang,Male,7739167491,L023,12/24/2005,5/29/2024,Pending
U03140,Radhika,Chopra,Female,6301867063,L047,5/8/1961,6/15/2019,Verified
U03141,Aisha,Banerjee,Female,9467686986,L004,2/17/1989,7/12/2021,Verified
U03142,Bhavna,Joseph,Female,9796300805,L041,9/19/1972,10/4/2022,Verified
U03143,Sumit,Qureshi,Male,9546310502,L019,11/19/1964,3/24/2018,Verified
U03144,Gaurav,Soni,Male,7125196501,L046,1/6/1966,8/23/2018,Verified
U03145,Karan,Menon,Male,6206993755,L023,9/21/1959,10/25/2019,Pending
U03146,Navya,Bhardwaj,Female,8557777327,L045,11/3/1970,2/1/2020,Verified
U03147,Anjali,Mittal,Female,9678377433,L015,4/6/1964,8/15/2020,Verified
U03148,Meera,Srivastava,Female,6773716142,L009,10/29/1975,7/31/2024,Verified
U03149,Kabir,Sikdar,Male,7671758886,L002,12/13/1968,8/31/2024,Verified
U03150,Ishaan,Qureshi,Male,8920611313,L021,9/2/1962,2/3/2018,Verified
U03151,Madhuri,Joseph,Female,9929007252,L025,8/23/1994,4/7/2019,Verified
U03152,Harsh,Bedi,Male,8103826633,L048,10/8/1955,5/12/2024,Verified
U03153,Radhika,Reddy,Female,9894514372,L001,9/1/1970,7/4/2019,Verified
U03154,Lavanya,Mishra,Female,9271080786,L010,12/7/1970,3/13/2017,Verified
U03155,Nisha,Jadhav,Female,6735852526,L044,7/26/1959,10/16/2017,Failed
U03156,Hemant,Bedi,Male,9487255573,L046,7/25/1964,2/14/2025,Verified
U03157,Armaan,Rao,Male,6683364422,L032,6/2/2006,3/14/2024,Verified
U03158,Ileana,Nigam,Female,6910315769,L045,10/17/1973,2/18/2019,Verified
U03159,Dhruv,Pillai,Male,7429236588,L003,10/29/1979,2/14/2022,Verified
U03160,Sunil,Thomas,Male,7852395358,L037,4/3/1982,3/4/2018,Verified
U03161,Indu,Roy,Female,6120986924,L041,1/26/1979,9/23/2023,Pending
U03162,Tarun,Thomas,Male,8599029944,L019,2/13/1993,5/18/2022,Verified
U03163,Yash,Mehta,Male,6976034960,L032,10/13/2005,3/14/2023,Failed
U03164,Reshma,Verma,Female,7525033363,L026,5/24/1970,1/28/2022,Verified
U03165,Preeti,Rao,Female,9720053939,L009,8/5/1973,1/2/2020,Verified
U03166,Lavanya,Kakkar,Female,7704771583,L007,8/17/1996,2/17/2019,Verified
U03167,Anusha,Narang,Female,7840564131,L020,7/2/1977,1/11/2022,Verified
U03168,Sowmya,Bose,Female,6791203422,L008,4/9/1955,4/22/2023,Verified
U03169,Sunil,Saikia,Male,8233117568,L031,5/22/1979,9/1/2020,Verified
U03170,Chirag,Bhatia,Male,9748200666,L020,8/28/1975,4/1/2024,Verified
U03171,Reyansh,Saxena,Male,6886597258,L015,3/28/1992,7/24/2025,Verified
U03172,Yash,Choudhary,Male,8120563027,L025,7/7/1975,5/19/2024,Verified
U03173,Madhu,Bora,Female,8959674053,L046,9/23/1958,7/23/2022,Verified
U03174,Yash,Kohli,Male,7481276177,L023,9/8/1965,4/3/2024,Verified
U03175,Diya,Chatterjee,Female,6592642954,L041,11/9/1989,8/1/2017,Verified
U03176,Meera,Rana,Female,6208962552,L009,8/4/2005,1/18/2020,Verified
U03177,Riya,Agarwal,Female,9658317418,L020,5/1/1974,6/17/2017,Verified
U03178,Khushi,Choudhary,Female,8995749057,L002,10/30/1978,9/29/2017,Verified
U03179,Mukesh,Malhotra,Male,7708707812,L004,6/20/1975,5/17/2018,Verified
U03180,Mansi,Sidhu,Female,7975602239,L018,4/15/1987,10/27/2023,Verified
U03181,Lokesh,Thomas,Male,9287694661,L013,6/15/1968,3/8/2019,Verified
U03182,Saurabh,Kulkarni,Male,7355907044,L030,12/5/2003,1/23/2024,Verified
U03183,Aryan,Tiwari,Male,7610497931,L028,9/28/1996,10/6/2018,Verified
U03184,Pankaj,Gaikwad,Male,8409863539,L046,9/13/1966,10/9/2023,Verified
U03185,Rupal,Shetty,Female,7935219173,L025,5/7/1993,3/13/2018,Verified
U03186,Sunil,Pinto,Male,8940540505,L037,4/28/1980,4/11/2020,Verified
U03187,Simran,Mittal,Female,9842064836,L006,4/7/2006,2/22/2024,Failed
U03188,Mercan,George,Female,6487393265,L017,11/6/1979,10/4/2021,Pending
U03189,Charu,Joshi,Female,8560424436,L028,1/16/2002,1/5/2017,Verified
U03190,Varsha,Chawla,Female,6646328561,L015,8/14/1964,7/29/2018,Verified
U03191,Aman,Agarwal,Male,6538025911,L045,2/8/1955,8/12/2018,Verified
U03192,Ankita,Chawla,Female,8288042541,L048,10/26/1963,2/11/2020,Pending
U03193,Shaurya,Nair,Male,7466150724,L022,1/13/1959,1/1/2024,Verified
U03194,Anita,Nigam,Female,9921245131,L009,10/13/1990,3/18/2020,Verified
U03195,Noor,Pandey,Female,6976483890,L024,2/12/1960,6/26/2025,Pending
U03196,Kunal,Tiwari,Male,6497270544,L027,1/13/2003,9/24/2017,Verified
U03197,Harini,Mukherjee,Female,7726653166,L002,8/31/1980,9/28/2022,Verified
U03198,Akash,Mittal,Male,6432107827,L002,3/23/1992,3/26/2019,Verified
U03199,Pooja,Bose,Female,6838024076,L037,2/3/1964,7/20/2024,Verified
U03200,Aditya,Lalwani,Male,8686684375,L038,3/28/1986,8/31/2022,Pending
U03201,Kishore,Gupta,Male,9371830649,L022,3/11/1981,8/25/2017,Verified
U03202,Keerthi,Tiwari,Female,6547446749,L039,3/30/1975,6/2/2023,Pending
U03203,Dhruv,Sawant,Male,8254649757,L041,10/16/1976,6/8/2022,Verified
U03204,Rahul,Shaikh,Male,9821430645,L029,8/22/1994,6/26/2021,Verified
U03205,Ravi,George,Male,9241767973,L029,2/16/1991,12/1/2023,Verified
U03206,Vaishnavi,Baruah,Female,6328855938,L013,9/27/1963,1/3/2020,Verified
U03207,Vivek,Pinto,Male,8685966570,L006,4/21/1955,1/2/2021,Verified
U03208,Tushar,Soni,Male,8900323680,L022,1/9/1987,5/26/2021,Verified
U03209,Ankit,Joseph,Male,9987221535,L036,3/28/2007,6/17/2021,Verified
U03210,Ananya,Bose,Female,8229334385,L042,10/7/1979,3/3/2021,Pending
U03211,Preeti,Pinto,Female,8777523596,L007,10/9/1979,3/5/2020,Verified
U03212,Komal,Bose,Female,6343349128,L050,10/15/1999,12/15/2022,Verified
U03213,Komal,Joseph,Female,8400256311,L017,10/7/1966,2/13/2023,Verified
U03214,Naveen,Singh,Male,8928119932,L011,3/7/1988,6/23/2025,Verified
U03215,Sanjay,Bora,Male,7852749433,L013,4/12/1984,2/12/2018,Verified
U03216,Shalini,Bose,Female,8989540215,L023,2/7/1974,10/8/2017,Verified
U03217,Ganesh,Rana,Male,6792675121,L012,1/30/1973,9/29/2022,Verified
U03218,Amit,Puri,Male,6556714019,L021,10/2/1991,11/6/2022,Verified
U03219,Chhavi,Malhotra,Female,6373842017,L044,3/28/1975,6/23/2024,Verified
U03220,Rajat,Nair,Male,9370556238,L012,8/28/2007,12/6/2024,Verified
U03221,Pooja,Bhatia,Female,6392579681,L047,12/5/2002,11/23/2019,Verified
U03222,Mukesh,Rao,Male,6900934101,L016,7/20/1957,3/22/2023,Verified
U03223,Kiran,Hegde,Female,9167535458,L041,5/19/1971,6/8/2020,Verified
U03224,Palak,Kapoor,Female,6229487903,L025,1/13/1986,9/18/2017,Verified
U03225,Deepak,Sikdar,Male,9731714396,L004,5/4/1979,8/28/2018,Verified
U03226,Harini,Qureshi,Female,8355812439,L028,11/19/1956,7/5/2017,Verified
U03227,Akash,Nigam,Male,9449961502,L032,1/16/1978,7/10/2020,Failed
U03228,Rajat,Rao,Male,6142978884,L037,7/30/2000,12/27/2018,Verified
U03229,Uma,Mishra,Female,7978858959,L028,3/3/1998,1/29/2020,Verified
U03230,Vikas,Saxena,Male,8572328790,L040,4/6/1997,7/8/2025,Pending
U03231,Rupal,Bansal,Female,8105176338,L045,8/26/1993,9/29/2020,Verified
U03232,Rishabh,Thakur,Male,6452755008,L011,5/15/1961,9/4/2024,Verified
U03233,Aditya,Banerjee,Male,6636046416,L011,7/9/2005,2/13/2017,Verified
U03234,Lata,Gupta,Female,9503200749,L021,5/7/1969,4/20/2024,Verified
U03235,Nikhil,Chawla,Male,8470165790,L036,9/22/1969,1/18/2021,Pending
U03236,Myra,Kulkarni,Female,9158184344,L049,11/13/1959,3/21/2023,Verified
U03237,Manav,Sharma,Male,6381525300,L006,5/6/1975,12/30/2019,Verified
U03238,Meera,Puri,Female,6427684076,L048,1/3/1996,7/3/2017,Verified
U03239,Noor,Pandey,Female,7155843828,L042,11/21/1967,7/4/2017,Verified
U03240,Charu,Joseph,Female,8919148091,L002,11/9/2006,7/24/2020,Verified
U03241,Aryan,Joshi,Male,6274611575,L011,10/15/1998,8/10/2019,Verified
U03242,Tushar,Pawar,Male,6462438563,L048,9/23/2003,11/3/2025,Verified
U03243,Nandini,Agarwal,Female,6916702180,L004,6/16/1967,9/24/2020,Verified
U03244,Atharv,Prasad,Male,8726583067,L037,11/25/1970,11/1/2023,Verified
U03245,Varun,Kohli,Male,8331224931,L005,6/25/1985,5/14/2017,Verified
U03246,Ruchi,Gupta,Female,9797562176,L041,5/3/2001,11/18/2020,Pending
U03247,Garima,Mahajan,Female,8654402398,L023,11/25/1966,6/7/2024,Verified
U03248,Nikita,Pillai,Female,8905026411,L039,4/16/1993,4/16/2023,Verified
U03249,Shaurya,Ali,Male,9661929607,L004,10/28/2004,8/7/2018,Verified
U03250,Vidya,Chauhan,Female,7269563474,L028,6/3/2004,11/6/2024,Verified
U03251,Rohit,Dutta,Male,9929610372,L004,7/17/1994,2/8/2025,Failed
U03252,Chhavi,Kulkarni,Female,9463535300,L046,8/10/1995,9/20/2022,Verified
U03253,Kiran,Nigam,Female,9978998846,L009,1/12/2004,5/17/2020,Verified
U03254,Ruchi,Singh,Female,9400354754,L023,8/19/1960,3/29/2019,Verified
U03255,Sameer,Choudhary,Male,8839471501,L005,7/13/1986,10/29/2017,Failed
U03256,Payal,Mathew,Female,6904322503,L047,5/26/1966,7/31/2025,Failed
U03257,Advik,Mishra,Male,8502172297,L032,3/15/2004,10/10/2018,Verified
U03258,Niharika,Menon,Female,9456511373,L042,8/22/1971,11/7/2022,Verified
U03259,Kishore,Kapoor,Male,7699838944,L014,5/29/1988,9/24/2024,Verified
U03260,Dinesh,Sawant,Male,9776160067,L039,5/13/1990,7/3/2023,Failed
U03261,Niharika,Bose,Female,7597539289,L040,3/17/1956,9/22/2022,Verified
U03262,Pankaj,Jain,Male,7536181782,L044,1/23/1985,4/28/2023,Verified
U03263,Armaan,Qureshi,Male,6871976807,L020,7/6/1993,9/21/2023,Verified
U03264,Sakshi,Joshi,Female,6260803402,L013,12/11/1984,2/17/2021,Verified
U03265,Anjali,Bose,Female,8403981253,L003,9/22/1964,3/12/2018,Verified
U03266,Anil,Ahuja,Male,6921106233,L003,1/25/1982,11/5/2025,Verified
U03267,Muskan,Mukherjee,Female,8303112958,L041,5/7/1968,9/22/2020,Verified
U03268,Rohit,Chawla,Male,9489612150,L017,3/2/1967,1/16/2021,Verified
U03269,Akash,Joshi,Male,6613611929,L021,8/12/1982,12/17/2017,Pending
U03270,Darshan,Tiwari,Male,6981606243,L018,5/5/1999,4/2/2018,Verified
U03271,Krishna,Bora,Male,6105252805,L049,8/9/2002,1/23/2025,Verified
U03272,Meera,D'Souza,Female,6947345649,L026,11/23/1989,8/13/2023,Verified
U03273,Saurabh,Bora,Male,8111182107,L011,3/30/1972,2/25/2022,Verified
U03274,Myra,Jain,Female,6338196951,L011,6/11/2000,10/22/2023,Verified
U03275,Nikhil,Pereira,Male,9224490084,L001,1/11/2006,2/21/2021,Verified
U03276,Mukesh,Pawar,Male,7322600059,L046,12/27/1968,5/4/2022,Verified
U03277,Anita,Rao,Female,6867245179,L032,4/4/1966,5/12/2023,Verified
U03278,Manav,Bedi,Male,9103696054,L027,2/13/1994,4/17/2022,Verified
U03279,Shreya,Shinde,Female,8228548757,L049,9/5/1972,5/17/2020,Verified
U03280,Aarav,Tripathi,Male,6990565290,L035,10/24/1963,8/22/2020,Verified
U03281,Laksh,Ghosh,Male,8908557572,L027,11/5/1989,8/17/2024,Verified
U03282,Payal,Saxena,Female,6852165032,L001,12/3/2002,7/19/2018,Verified
U03283,Sushma,Patil,Female,9956460598,L032,12/18/1956,1/2/2024,Verified
U03284,Muskan,Shetty,Female,8934510715,L020,4/19/1962,11/11/2024,Verified
U03285,Nandini,Mittal,Female,6101941973,L050,1/13/1982,7/11/2023,Verified
U03286,Rudra,Chauhan,Male,8613428673,L017,6/30/1959,2/22/2023,Verified
U03287,Farhan,Narang,Male,9314083869,L008,3/11/1962,5/8/2023,Verified
U03288,Harsh,Gupta,Male,6826944307,L006,6/17/1960,7/3/2022,Verified
U03289,Jatin,Naidu,Male,8840397980,L027,7/1/1974,12/13/2017,Verified
U03290,Rehan,Joshi,Male,6261481601,L012,8/25/1979,8/8/2017,Verified
U03291,Kiara,Thakur,Female,7380963179,L047,11/30/1997,12/31/2025,Verified
U03292,Naveen,Joseph,Male,6750891525,L038,2/19/1994,8/7/2023,Verified
U03293,Rekha,Soni,Female,6711367451,L050,7/21/1983,4/1/2021,Verified
U03294,Bhavesh,Shetty,Male,7512007142,L003,8/12/1982,4/9/2021,Verified
U03295,Aarav,Bora,Male,9542153317,L030,8/15/1968,2/11/2017,Verified
U03296,Preeti,Shaikh,Female,7185766102,L047,12/6/1976,3/9/2018,Verified
U03297,Divya,Jadhav,Female,7983747477,L038,7/20/1988,5/4/2022,Verified
U03298,Vedant,Kalita,Male,9157167033,L031,5/2/1995,1/3/2024,Verified
U03299,Abhishek,Reddy,Male,6237613965,L034,9/27/1961,5/3/2025,Verified
U03300,Vedant,Tripathi,Male,7219949951,L047,4/2/2003,11/13/2024,Verified
U03301,Pooja,Shaikh,Female,8619957282,L028,5/12/1996,7/21/2019,Verified
U03302,Rahul,Ahuja,Male,8235119570,L041,3/29/1960,1/28/2017,Verified
U03303,Rashmi,Kumar,Female,7118668745,L026,2/13/1986,11/3/2022,Verified
U03304,Priti,Ghosh,Female,8306742975,L013,7/1/1956,1/27/2020,Verified
U03305,Sunita,Chawla,Female,8807408787,L047,10/25/1959,1/17/2017,Verified
U03306,Ira,Saikia,Female,9398691192,L050,3/2/1984,11/1/2018,Verified
U03307,Shyam,Bose,Male,7501981273,L002,6/26/1962,8/5/2021,Verified
U03308,Bhavna,Khan,Female,6985669887,L047,1/27/2002,10/8/2020,Verified
U03309,Kiran,Jain,Female,8913187985,L011,9/29/1999,8/1/2021,Verified
U03310,Charu,Pandey,Female,7864876593,L025,9/30/1974,9/13/2025,Verified
U03311,Divya,Naidu,Female,8370392385,L029,9/14/1992,8/11/2024,Verified
U03312,Deepika,Dubey,Female,6227171298,L012,11/23/1993,7/5/2019,Verified
U03313,Advik,Nair,Male,8160950207,L014,11/25/1993,2/12/2025,Verified
U03314,Tushar,Lalwani,Male,9375764790,L036,4/21/1979,8/22/2021,Failed
U03315,Noor,D'Souza,Female,7160523542,L048,10/15/1973,9/8/2022,Verified
U03316,Pallavi,Thomas,Female,8243720475,L033,4/23/1956,10/18/2020,Verified
U03317,Sameer,Patel,Male,9410787982,L038,12/6/2006,3/1/2017,Verified
U03318,Madhu,Malhotra,Female,6115336726,L007,7/6/1975,2/12/2021,Verified
U03319,Yash,George,Male,6414512683,L045,6/11/1990,1/31/2017,Verified
U03320,Reshma,Gill,Female,6544299969,L006,8/15/1977,10/11/2021,Verified
U03321,Rupal,Mathew,Female,8496840220,L050,5/8/1992,3/29/2025,Verified
U03322,Ajay,Shaikh,Male,8268163514,L016,11/20/1979,7/13/2023,Verified
U03323,Harini,Agarwal,Female,8267922914,L049,7/3/1996,2/3/2024,Verified
U03324,Rehan,Banerjee,Male,7504832187,L009,9/7/1973,1/23/2024,Verified
U03325,Shubham,Verma,Male,9122017170,L006,8/27/1985,10/10/2025,Verified
U03326,Sunil,Joshi,Male,7679782021,L036,9/30/1980,12/13/2019,Verified
U03327,Armaan,Shinde,Male,8183161751,L046,2/17/1967,1/1/2020,Verified
U03328,Priya,Rawat,Female,6366561457,L022,5/28/1978,1/7/2017,Verified
U03329,Palak,Sandhu,Female,8904379294,L032,1/30/1982,11/13/2020,Verified
U03330,Rahul,Shinde,Male,6167725592,L020,4/9/1998,7/22/2017,Verified
U03331,Nikhil,Sengar,Male,9208944227,L004,11/24/1999,3/4/2019,Verified
U03332,Rishabh,Tripathi,Male,7924508482,L049,9/20/1965,9/18/2020,Verified
U03333,Hina,Patel,Female,8424344634,L009,6/21/1957,9/8/2024,Verified
U03334,Vikas,Syed,Male,8997607167,L017,3/16/1965,10/8/2019,Verified
U03335,Vivaan,Soni,Male,7245739281,L047,12/17/1955,10/5/2021,Verified
U03336,Ritvik,Suri,Male,8918059741,L009,2/14/1963,2/17/2024,Pending
U03337,Priti,Lal,Female,6793839710,L027,6/10/1988,12/26/2023,Verified
U03338,Sheetal,Saikia,Female,7319591455,L002,8/8/1963,8/15/2019,Verified
U03339,Ishita,Bose,Female,6633147334,L018,8/14/2001,2/25/2025,Verified
U03340,Danish,Joseph,Male,7109324807,L013,10/16/1995,7/23/2019,Verified
U03341,Ritika,Kakkar,Female,9230251687,L003,8/19/1991,1/25/2018,Verified
U03342,Mukesh,Kumar,Male,7347792673,L027,7/19/1987,10/31/2019,Verified
U03343,Darshan,Mehta,Male,9678417247,L023,11/7/1966,10/9/2021,Pending
U03344,Sumit,Sandhu,Male,7512588105,L037,12/12/1990,10/27/2020,Verified
U03345,Shruti,Chauhan,Female,8849675436,L012,10/28/1966,8/14/2022,Pending
U03346,Sumit,Shaikh,Male,6996226020,L003,11/6/1998,8/18/2024,Verified
U03347,Nazia,Mahajan,Female,7488518067,L024,12/2/1975,10/26/2024,Verified
U03348,Nikhil,Gaikwad,Male,8882439665,L017,1/26/2006,7/14/2021,Verified
U03349,Madhuri,Bansal,Female,9900804319,L044,2/23/2002,10/26/2021,Pending
U03350,Noor,Sawant,Female,9621137545,L005,3/2/1973,10/30/2021,Verified
U03351,Rohit,Roy,Male,7545896545,L026,7/22/1986,1/31/2020,Verified
U03352,Ritika,Saikia,Female,6331942665,L042,1/15/1975,12/19/2020,Verified
U03353,Naveen,Arora,Male,9793268426,L033,8/19/1963,2/27/2022,Verified
U03354,Kavya,Sharma,Female,9394263098,L036,8/8/1977,5/26/2025,Verified
U03355,Kartik,Sawant,Male,8233963511,L022,1/18/2005,5/5/2019,Pending
U03356,Chhavi,Kamath,Female,9931137586,L003,3/20/1995,6/8/2020,Verified
U03357,Mohit,Hegde,Male,6534980383,L045,4/18/1982,5/26/2019,Verified
U03358,Vaishnavi,Soni,Female,6385549917,L020,1/13/1999,10/14/2021,Verified
U03359,Sonal,Nair,Female,9512537159,L032,8/29/1961,10/24/2021,Verified
U03360,Aditya,Malhotra,Male,9290265525,L033,8/27/1989,12/3/2018,Verified
U03361,Trisha,Pandey,Female,8530594840,L011,8/19/1969,10/3/2022,Verified
U03362,Geeta,Jain,Female,8117829042,L013,9/29/1975,4/21/2022,Verified
U03363,Sachin,Soni,Male,6926421214,L042,9/16/1969,4/6/2017,Verified
U03364,Pooja,Mishra,Female,8582852392,L019,5/21/1964,3/19/2025,Verified
U03365,Sara,Saxena,Female,9488002975,L031,11/9/1978,8/26/2022,Verified
U03366,Ayush,Sethi,Male,8990965012,L041,11/15/1997,3/17/2021,Pending
U03367,Saurabh,George,Male,9148151487,L023,1/13/2003,3/5/2020,Verified
U03368,Myra,Shinde,Female,6798769725,L005,4/1/1970,11/5/2024,Verified
U03369,Naveen,Lalwani,Male,7263774944,L043,1/21/1998,5/1/2024,Pending
U03370,Pallavi,Tripathi,Female,9687769018,L031,1/9/1969,9/5/2019,Verified
U03371,Rupal,Joshi,Female,6450839371,L035,3/10/1958,11/30/2022,Verified
U03372,Imran,Gill,Male,9421019152,L040,2/17/1986,7/22/2017,Verified
U03373,Alina,D'Souza,Female,6567774957,L006,3/20/1977,6/15/2017,Verified
U03374,Dinesh,Saxena,Male,9612047921,L014,6/17/1960,1/10/2023,Verified
U03375,Vivek,Ansari,Male,8379984735,L023,3/22/1963,1/8/2025,Verified
U03376,Garima,Baruah,Female,8925939931,L039,1/30/1971,10/8/2021,Verified
U03377,Kanchan,Goel,Female,9120605582,L045,5/16/1975,9/12/2021,Pending
U03378,Prachi,Saikia,Female,8746446364,L019,8/27/2005,9/21/2022,Verified
U03379,Bharti,Iyer,Female,8449822996,L014,5/14/1988,11/12/2024,Pending
U03380,Siddharth,Saxena,Male,7641570371,L049,9/2/1973,5/18/2025,Verified
U03381,Ayush,Ali,Male,8279374130,L022,1/8/1988,12/30/2018,Verified
U03382,Renu,Hegde,Female,8961461633,L027,7/14/2005,5/27/2025,Verified
U03383,Sara,Agarwal,Female,9309375520,L044,8/19/1959,12/4/2024,Verified
U03384,Mehak,Sharma,Female,6582350890,L015,1/4/1992,6/29/2021,Verified
U03385,Niharika,Sidhu,Female,9350554470,L032,5/11/1967,12/28/2017,Verified
U03386,Laksh,Mahajan,Male,9129682462,L033,4/9/1985,9/11/2019,Verified
U03387,Dev,Chatterjee,Male,9274702737,L005,3/3/1997,1/10/2025,Verified
U03388,Ashish,Khanna,Male,9954160454,L015,11/5/1982,10/21/2023,Verified
U03389,Shaurya,Reddy,Male,6834201260,L044,9/1/1965,11/15/2024,Verified
U03390,Uma,Naidu,Female,9205412133,L050,3/7/1975,8/22/2019,Verified
U03391,Kiran,Lal,Female,7360917875,L007,12/16/1967,10/31/2023,Verified
U03392,Nikhil,Bora,Male,6588009401,L037,9/11/1968,12/1/2024,Pending
U03393,Gaurav,Bhardwaj,Male,8116233434,L033,2/6/2007,8/31/2018,Verified
U03394,Ritika,Bedi,Female,9662289258,L032,5/13/2000,8/31/2017,Failed
U03395,Atharv,George,Male,8541788964,L027,7/5/1985,6/2/2021,Pending
U03396,Parth,Sandhu,Male,7313465461,L044,7/25/2000,10/19/2024,Verified
U03397,Siya,Gaikwad,Female,6287101181,L045,3/3/1965,3/8/2024,Verified
U03398,Sara,Reddy,Female,7727201217,L022,7/11/1996,5/9/2018,Verified
U03399,Ankita,Srivastava,Female,9148823642,L044,8/29/2007,3/7/2023,Verified
U03400,Pallavi,Kamath,Female,9272612505,L023,3/19/2007,10/23/2023,Verified
U03401,Faizan,Sandhu,Male,8434546051,L047,3/15/1979,6/23/2017,Verified
U03402,Ankita,Kalita,Female,6141589383,L002,1/28/1996,6/8/2020,Verified
U03403,Farah,Joshi,Female,9368103926,L043,6/20/1996,4/7/2020,Verified
U03404,Pankaj,Sikdar,Male,8707890562,L041,3/3/1993,9/22/2023,Verified
U03405,Meera,Prasad,Female,6550389726,L027,4/12/1965,2/15/2020,Verified
U03406,Sachin,Joseph,Male,9211764263,L047,6/22/1969,10/14/2017,Verified
U03407,Shyam,Malhotra,Male,6785658762,L048,4/8/1963,11/10/2021,Verified
U03408,Sandeep,Singh,Male,7580035945,L004,10/30/1989,4/13/2019,Verified
U03409,Kusum,Patil,Female,6335332558,L019,11/6/1996,9/18/2017,Verified
U03410,Farhan,Dubey,Male,6212068750,L031,1/7/1984,2/26/2018,Verified
U03411,Tanya,Khan,Female,8408114008,L026,4/14/1968,4/19/2025,Verified
U03412,Priya,Dubey,Female,7997989797,L049,3/4/1959,4/24/2022,Verified
U03413,Kishore,Saxena,Male,8551888251,L017,9/21/1955,10/12/2024,Failed
U03414,Aditi,Dutta,Female,7629802965,L041,3/22/1979,12/18/2018,Verified
U03415,Siddharth,Gupta,Male,6272662781,L009,3/9/2006,9/21/2025,Verified
U03416,Mayank,Pawar,Male,7807745016,L032,3/20/1982,3/2/2018,Verified
U03417,Farhan,Sawant,Male,9280214247,L032,11/21/1971,12/15/2021,Pending
U03418,Madhuri,Choudhary,Female,7831421349,L035,7/27/1959,5/15/2018,Verified
U03419,Ashish,D'Souza,Male,9885390687,L045,1/15/1963,8/17/2025,Failed
U03420,Sanjay,Kamath,Male,8728647547,L026,8/14/1984,9/21/2022,Verified
U03421,Vidya,Shinde,Female,8525243186,L029,5/1/1998,9/5/2024,Verified
U03422,Vivek,Sikdar,Male,8688416234,L001,11/21/1965,3/12/2019,Pending
U03423,Vaishnavi,Soni,Female,8565817002,L037,7/29/1974,7/20/2021,Verified
U03424,Keerthi,Soni,Female,7762038963,L019,6/24/1979,6/13/2017,Verified
U03425,Manish,Negi,Male,7770317429,L035,7/17/1999,5/20/2021,Verified
U03426,Krishna,Rana,Male,8219772805,L010,4/15/2005,11/18/2021,Verified
U03427,Myra,Saha,Female,6978043082,L004,11/27/1964,11/17/2019,Verified
U03428,Sakshi,Saikia,Female,8918419349,L044,8/15/1987,6/25/2017,Failed
U03429,Sanjay,Pandey,Male,6307184813,L005,11/26/1997,1/26/2023,Verified
U03430,Siya,Thomas,Female,9430026969,L009,7/11/1975,2/17/2024,Verified
U03431,Atharv,Jadhav,Male,8981386182,L042,10/28/2002,2/15/2019,Verified
U03432,Sanjay,Bedi,Male,7890741833,L005,7/26/1975,10/25/2025,Verified
U03433,Simran,Mahajan,Female,6642724001,L037,12/25/1981,8/31/2021,Verified
U03434,Jatin,Nair,Male,6348931012,L030,8/16/1962,8/7/2018,Verified
U03435,Ankit,Rawat,Male,8838064697,L003,4/23/1993,10/27/2019,Verified
U03436,Chirag,Chawla,Male,9237476977,L040,1/13/1993,5/28/2025,Verified
U03437,Rekha,Chatterjee,Female,8115761446,L046,12/26/2002,12/29/2023,Verified
U03438,Niharika,Sawant,Female,7344634346,L012,4/18/1972,2/20/2021,Verified
U03439,Aanya,Mathew,Female,7778701872,L033,7/2/1966,11/21/2024,Verified
U03440,Sushma,Prasad,Female,7936568554,L040,2/26/1971,11/7/2023,Verified
U03441,Ayush,Agarwal,Male,8185078379,L029,9/8/1987,2/24/2022,Pending
U03442,Riya,Sengar,Female,6532772351,L044,5/15/2000,9/15/2022,Pending
U03443,Sonia,Thomas,Female,7561630593,L024,5/22/2004,1/13/2017,Verified
U03444,Chhavi,Nair,Female,9746993263,L039,1/6/1957,12/31/2025,Verified
U03445,Shyam,Mehta,Male,7519578757,L046,2/18/2004,12/7/2020,Verified
U03446,Varsha,Lal,Female,6551107884,L029,7/31/1986,12/27/2019,Verified
U03447,Asif,Iyer,Male,8989897800,L029,4/6/1981,5/4/2020,Verified
U03448,Imran,Bhardwaj,Male,7296298082,L048,1/4/1969,2/22/2017,Verified
U03449,Ira,Saxena,Female,6563634979,L021,7/15/1975,11/28/2020,Verified
U03450,Madhu,Mehta,Female,6728271397,L023,5/17/1987,5/13/2023,Failed
U03451,Renu,Pillai,Female,8352631897,L050,5/4/1966,11/21/2025,Verified
U03452,Divya,Nair,Female,7900121033,L007,2/25/1980,8/3/2017,Verified
U03453,Imran,Mahajan,Male,9129873890,L050,12/27/1978,3/23/2025,Verified
U03454,Preeti,Pillai,Female,8298953185,L015,10/28/1998,5/2/2020,Verified
U03455,Anjali,Mittal,Female,9928914799,L004,7/14/1987,9/11/2017,Verified
U03456,Tarun,Verma,Male,8659988519,L037,5/7/1998,10/29/2024,Verified
U03457,Madhu,Tiwari,Female,7990191258,L022,2/1/1959,1/12/2019,Verified
U03458,Radhika,Thomas,Female,6428403567,L002,5/7/1957,7/31/2017,Verified
U03459,Lokesh,Sethi,Male,8669222710,L004,1/3/1992,1/25/2020,Verified
U03460,Ritvik,Sengar,Male,6212508413,L016,6/2/1999,6/1/2022,Verified
U03461,Zaid,Srivastava,Male,9524222311,L002,8/12/1967,11/29/2024,Verified
U03462,Naveen,Mukherjee,Male,8522682333,L035,2/4/1986,8/16/2017,Verified
U03463,Kishore,Hegde,Male,6240853841,L009,6/27/1970,9/19/2021,Verified
U03464,Shreya,Ghosh,Female,7854996054,L004,11/9/1997,4/23/2019,Verified
U03465,Rehan,Syed,Male,9184996343,L026,9/15/1961,10/31/2023,Verified
U03466,Ira,Pandey,Female,7199225961,L048,1/4/1979,1/3/2024,Verified
U03467,Dinesh,Pawar,Male,8847095083,L039,7/30/1966,5/19/2024,Pending
U03468,Dhruv,Ali,Male,7756414958,L011,5/19/2005,2/17/2018,Verified
U03469,Darshan,Lalwani,Male,6203718653,L021,5/27/1992,12/16/2025,Verified
U03470,Kishore,Bedi,Male,6114976246,L005,10/11/1956,10/17/2024,Verified
U03471,Sunil,Thomas,Male,7325439539,L017,5/3/1969,8/8/2025,Verified
U03472,Aditya,Malhotra,Male,8951652013,L004,1/9/1975,2/14/2024,Verified
U03473,Harini,Pillai,Female,8880911346,L002,3/31/1981,6/12/2022,Verified
U03474,Anil,Lalwani,Male,6945729613,L002,11/8/1968,3/7/2025,Verified
U03475,Uma,Suri,Female,9361888304,L020,10/17/2006,4/23/2019,Verified
U03476,Kabir,Baruah,Male,9314658288,L011,4/4/2002,12/13/2025,Verified
U03477,Renu,Banerjee,Female,6207516634,L019,1/25/1959,12/12/2018,Pending
U03478,Pankaj,Mishra,Male,7384168521,L042,12/19/1998,9/18/2019,Pending
U03479,Aanya,Mittal,Female,7135713011,L042,5/20/1978,12/11/2019,Verified
U03480,Dinesh,Deshmukh,Male,7206960341,L026,11/6/1968,7/29/2017,Verified
U03481,Rashmi,Joshi,Female,8725909117,L002,11/14/1956,1/17/2025,Pending
U03482,Riya,Rawat,Female,6490453751,L010,2/21/1984,1/16/2020,Failed
U03483,Ruchi,Rana,Female,7520195150,L016,9/30/1982,6/19/2023,Verified
U03484,Keerthi,Syed,Female,8144623995,L040,11/11/1959,9/7/2022,Verified
U03485,Madhuri,Narang,Female,9417782789,L009,8/6/1958,4/13/2022,Failed
U03486,Kanchan,Prasad,Female,6779938797,L017,6/11/1967,2/4/2020,Verified
U03487,Shaurya,Deshmukh,Male,6337992821,L042,9/18/1957,3/11/2019,Pending
U03488,Sowmya,Pandey,Female,8603238433,L007,8/26/1980,6/12/2017,Verified
U03489,Sandeep,Soni,Male,6984498489,L006,12/27/1969,4/16/2025,Verified
U03490,Nazia,Pillai,Female,9425081222,L015,8/30/2006,4/8/2017,Verified
U03491,Shreya,Dutta,Female,9977348389,L017,8/20/2006,2/14/2024,Verified
U03492,Naveen,Negi,Male,6643363443,L018,2/7/1976,2/2/2017,Verified
U03493,Jatin,Mathew,Male,8860749125,L024,12/19/1965,7/10/2025,Verified
U03494,Kabir,Chatterjee,Male,6795938323,L034,12/6/1988,2/21/2017,Verified
U03495,Rupal,Jain,Female,6464678325,L019,8/13/1987,1/24/2018,Verified
U03496,Tushar,Bhardwaj,Male,6530729427,L040,11/25/1982,8/10/2024,Verified
U03497,Ritvik,Agarwal,Male,6137739238,L030,12/16/1968,4/23/2017,Verified
U03498,Siya,Bedi,Female,6819917692,L024,8/2/2001,9/11/2018,Failed
U03499,Vikas,Sethi,Male,7652635810,L040,12/19/1998,8/14/2024,Verified
U03500,Keerthi,Bansal,Female,8534611875,L016,3/12/1989,10/18/2021,Verified
U03501,Rishabh,Rao,Male,6189828709,L005,12/8/1967,2/15/2019,Failed
U03502,Trisha,Bhatia,Female,6519716200,L043,3/9/1961,6/28/2020,Verified
U03503,Aparna,Reddy,Female,9131958768,L037,11/28/1990,10/13/2020,Verified
U03504,Anusha,Deshmukh,Female,7747475197,L027,5/4/1974,1/28/2023,Verified
U03505,Purnima,Puri,Female,6733335648,L032,5/12/1995,12/18/2023,Verified
U03506,Shalini,Suri,Female,8623187186,L036,2/24/1986,9/9/2024,Verified
U03507,Gaurav,Nigam,Male,8844663178,L046,9/11/1969,11/6/2020,Pending
U03508,Kartik,Mehta,Male,9881384741,L044,4/13/1978,2/18/2017,Verified
U03509,Ishaan,Srivastava,Male,8721656009,L007,10/11/1972,1/2/2019,Verified
U03510,Neha,Prasad,Female,7813877938,L002,1/4/1960,8/6/2020,Verified
U03511,Krishna,Mishra,Male,7371968332,L017,10/31/1972,10/23/2019,Verified
U03512,Sandeep,Ghosh,Male,9351576909,L044,8/2/1994,11/12/2022,Verified
U03513,Fatima,Bose,Female,7776480398,L011,11/9/1981,3/9/2017,Verified
U03514,Mercan,Mathew,Female,9398493832,L032,9/20/1980,10/15/2024,Verified
U03515,Kiran,Thakur,Female,9161248492,L035,8/20/1964,3/9/2017,Verified
U03516,Ganesh,Hegde,Male,6302482222,L023,6/2/1965,7/26/2018,Verified
U03517,Siddharth,Ghosh,Male,8952162636,L005,1/25/1978,8/31/2018,Verified
U03518,Sneha,Mathew,Female,8226061035,L031,1/5/1968,12/7/2017,Verified
U03519,Ajay,Arora,Male,6140251235,L039,2/2/1996,3/28/2021,Verified
U03520,Saurabh,Yadav,Male,7528044664,L003,4/19/1970,10/25/2024,Verified
U03521,Tanya,Banerjee,Female,9885265270,L021,3/21/1959,7/28/2017,Verified
U03522,Vikas,Saxena,Male,7439555033,L004,3/25/1977,7/11/2022,Verified
U03523,Aarav,George,Male,7608551088,L012,8/31/2000,2/23/2024,Verified
U03524,Mehak,Syed,Female,8180719836,L034,3/28/1987,1/8/2017,Verified
U03525,Naresh,Verma,Male,7869647743,L020,7/2/1985,1/7/2022,Verified
U03526,Ravi,Agarwal,Male,8150227984,L024,1/12/1993,11/8/2017,Verified
U03527,Ishita,Sethi,Female,6203519193,L017,7/21/2007,11/30/2018,Verified
U03528,Rudra,Dutta,Male,9457457077,L050,3/15/1992,3/20/2021,Verified
U03529,Charu,Thomas,Female,9739614040,L047,8/10/1981,9/25/2024,Verified
U03530,Ashish,Bansal,Male,6127754890,L001,12/5/1956,6/9/2025,Verified
U03531,Harini,Pawar,Female,6722603243,L003,11/16/1967,4/25/2022,Verified
U03532,Zaid,Patil,Male,8635074801,L006,10/2/1958,5/5/2023,Verified
U03533,Rajat,Mathew,Male,7639071393,L016,7/29/1965,4/19/2025,Verified
U03534,Aman,Nigam,Male,9167609251,L030,3/6/1981,10/23/2017,Verified
U03535,Nikhil,Malhotra,Male,6754391664,L032,6/13/1963,9/25/2025,Verified
U03536,Shubham,Pandey,Male,6302551438,L012,6/19/1967,4/1/2018,Verified
U03537,Om,Agarwal,Male,7444797250,L030,10/9/1987,5/13/2020,Verified
U03538,Garima,Bora,Female,6710447822,L040,12/18/1974,3/15/2020,Verified
U03539,Uma,Saxena,Female,8220088436,L033,2/27/1967,6/27/2024,Verified
U03540,Rohit,Shaikh,Male,9613705877,L015,9/2/1975,8/11/2020,Verified
U03541,Vijay,Banerjee,Male,8786830374,L034,8/23/2005,9/9/2018,Verified
U03542,Tushar,D'Souza,Male,9329532135,L027,1/27/1992,9/13/2019,Pending
U03543,Anu,Shinde,Female,6876402836,L038,3/29/1999,1/21/2019,Pending
U03544,Anu,Dubey,Female,7213972555,L039,8/2/1980,1/24/2025,Verified
U03545,Ayush,Pereira,Male,9641783712,L034,2/28/1983,6/12/2018,Verified
U03546,Aarav,Bhatia,Male,9536683971,L028,4/6/2004,2/4/2020,Verified
U03547,Mayank,Naidu,Male,8227506863,L001,11/15/1961,3/15/2023,Verified
U03548,Ganesh,Joshi,Male,9432784910,L047,9/9/1976,3/17/2025,Verified
U03549,Arnav,Bedi,Male,6828363067,L048,9/12/1969,8/11/2020,Failed
U03550,Ritika,Gupta,Female,8219474300,L026,10/19/1962,2/24/2022,Verified
U03551,Pradeep,Pereira,Male,8962964882,L003,9/16/1999,4/21/2022,Failed
U03552,Kanchan,Prasad,Female,8609421473,L029,11/19/1963,10/18/2020,Failed
U03553,Navya,Pereira,Female,9898828951,L015,10/28/1978,9/17/2021,Verified
U03554,Shyam,Nair,Male,7586754929,L026,9/2/1980,7/31/2024,Verified
U03555,Myra,Agarwal,Female,7287893245,L041,10/8/1995,5/18/2023,Verified
U03556,Arjun,George,Male,7339851095,L021,3/21/1993,7/31/2017,Verified
U03557,Rohan,Pandey,Male,8743033032,L043,7/22/1956,10/8/2019,Failed
U03558,Noor,Gaikwad,Female,7525103854,L031,3/1/1996,4/23/2025,Verified
U03559,Sanjay,Baruah,Male,9810095516,L001,10/12/1976,9/21/2019,Verified
U03560,Sonal,Pillai,Female,9409677329,L024,2/2/2006,2/1/2017,Verified
U03561,Vivek,Syed,Male,6311230473,L037,5/4/1991,11/22/2022,Verified
U03562,Kabir,Bansal,Male,8247590823,L011,5/30/1957,12/16/2022,Verified
U03563,Deepak,Mahajan,Male,9839046880,L034,7/4/1967,7/4/2019,Failed
U03564,Ankita,Saikia,Female,6930095481,L038,4/24/1991,4/8/2024,Failed
U03565,Kishore,Mishra,Male,8426366252,L041,7/23/1960,8/18/2022,Verified
U03566,Sachin,Pandey,Male,6678245118,L023,1/18/1998,1/11/2024,Verified
U03567,Shalini,George,Female,7542320965,L023,3/28/1973,7/1/2019,Verified
U03568,Harini,Das,Female,6134162810,L009,8/5/1969,3/12/2024,Verified
U03569,Kunal,Ali,Male,9839697590,L030,2/15/1999,4/14/2020,Failed
U03570,Fatima,Tiwari,Female,9445840217,L026,5/18/1960,6/15/2021,Verified
U03571,Nisha,Yadav,Female,6494033725,L018,11/15/2007,3/14/2017,Verified
U03572,Uday,Baruah,Male,8444038917,L007,11/4/1963,12/3/2024,Verified
U03573,Sonal,Jadhav,Female,8710302277,L006,12/26/1957,10/21/2022,Verified
U03574,Rupal,Verma,Female,6316680388,L010,5/6/1970,1/10/2018,Verified
U03575,Vikas,Banerjee,Male,6556821577,L015,5/15/2004,8/23/2018,Failed
U03576,Riya,Shinde,Female,6475691784,L032,7/4/1994,10/2/2025,Verified
U03577,Ganesh,Ghosh,Male,6986111024,L007,12/26/2003,5/25/2020,Pending
U03578,Lokesh,Chatterjee,Male,7106224057,L028,9/5/1999,6/1/2017,Verified
U03579,Abhishek,Nair,Male,7682511175,L042,11/5/1969,1/18/2019,Verified
U03580,Anita,Gaikwad,Female,9432194633,L050,5/25/1968,3/12/2019,Verified
U03581,Arjun,Chopra,Male,9678659414,L014,6/26/1960,5/3/2022,Verified
U03582,Vijay,Verma,Male,7225888347,L033,10/11/1973,8/6/2024,Verified
U03583,Rohit,Ahuja,Male,7700005315,L016,8/12/1977,8/29/2022,Verified
U03584,Madhuri,Joshi,Female,9598826646,L039,10/31/1994,2/6/2021,Verified
U03585,Shyam,Roy,Male,7631284683,L007,4/16/1978,10/8/2019,Pending
U03586,Sunil,Mehta,Male,8430776650,L043,2/2/1972,5/20/2025,Verified
U03587,Sheetal,Joseph,Female,6446463268,L013,7/22/1999,2/18/2018,Verified
U03588,Kabir,Sidhu,Male,9151486042,L050,9/21/1979,6/5/2022,Pending
U03589,Rupal,Gaikwad,Female,7996813588,L020,7/29/1958,11/1/2017,Verified
U03590,Sumit,Thakur,Male,8347542461,L031,11/25/1957,4/11/2022,Failed
U03591,Vaishnavi,Shaikh,Female,9164098526,L030,11/4/1983,1/22/2018,Failed
U03592,Monika,Kalita,Female,9776377714,L014,8/17/1961,12/9/2022,Verified
U03593,Vijay,D'Souza,Male,7348868294,L046,12/16/1990,1/20/2020,Verified
U03594,Aisha,Sidhu,Female,6519536266,L013,6/2/1999,9/12/2025,Verified
U03595,Vaishnavi,Lalwani,Female,7341508258,L020,2/18/1965,1/16/2024,Verified
U03596,Renu,Kulkarni,Female,7665350709,L040,5/11/1979,8/22/2021,Verified
U03597,Kanchan,Gupta,Female,7195003203,L040,7/8/2003,3/11/2024,Verified
U03598,Rahul,Verma,Male,9388746809,L028,5/5/1974,3/11/2023,Verified
U03599,Mercan,Sharma,Female,6113994188,L037,5/13/1996,7/9/2020,Pending
U03600,Vihaan,Kakkar,Male,8347069060,L014,10/1/1967,11/25/2025,Verified
U03601,Pallavi,Dutta,Female,8302331275,L022,6/14/1989,6/18/2021,Verified
U03602,Vaishnavi,Singh,Female,8369235498,L002,3/20/1970,11/8/2017,Verified
U03603,Armaan,Soni,Male,7235881041,L039,4/16/1978,6/15/2024,Verified
U03604,Imran,Ghosh,Male,6509735885,L045,1/1/1966,4/24/2018,Failed
U03605,Armaan,Ghosh,Male,8143423515,L002,6/27/1961,3/1/2017,Failed
U03606,Madhu,Lal,Female,9537674668,L004,8/3/2005,11/28/2021,Verified
U03607,Yash,Pinto,Male,6960761351,L050,12/30/1969,1/14/2022,Verified
U03608,Uma,Yadav,Female,8696236822,L014,6/27/1978,12/1/2019,Verified
U03609,Arnav,Rana,Male,7353463933,L004,11/9/1993,2/13/2025,Verified
U03610,Myra,Patil,Female,9249505333,L012,5/1/1984,10/17/2018,Verified
U03611,Nazia,Mahajan,Female,7362357730,L039,8/24/1955,11/7/2019,Pending
U03612,Raj,Qureshi,Male,9345861240,L045,5/20/2003,5/11/2017,Verified
U03613,Tanya,Singh,Female,8963534922,L045,1/2/1987,2/3/2018,Verified
U03614,Radhika,D'Souza,Female,9980477427,L050,12/10/2002,8/29/2024,Pending
U03615,Komal,Negi,Female,6166890110,L049,6/22/2001,8/29/2017,Failed
U03616,Rahul,Ghosh,Male,8884368816,L031,7/4/2007,3/28/2018,Verified
U03617,Preeti,Mukherjee,Female,9774467040,L032,6/20/1988,11/22/2018,Pending
U03618,Naveen,Chawla,Male,7982508768,L030,4/20/1981,11/14/2024,Pending
U03619,Advik,Negi,Male,6761301033,L019,7/6/1963,6/17/2025,Pending
U03620,Vijay,Sharma,Male,8482602425,L045,1/4/1974,1/1/2017,Verified
U03621,Ayaan,Kalita,Male,7567822654,L023,9/4/1972,5/27/2024,Verified
U03622,Vinod,Kakkar,Male,8418707353,L048,9/29/2004,11/19/2022,Pending
U03623,Muskan,Rana,Female,6461109866,L022,4/5/1985,5/14/2018,Verified
U03624,Jyoti,Iyer,Female,7573326741,L006,6/16/1970,3/27/2019,Verified
U03625,Lavanya,Kulkarni,Female,6749890439,L026,5/7/2004,6/16/2025,Verified
U03626,Nazia,Shinde,Female,9317660847,L019,6/19/1981,1/18/2018,Verified
U03627,Ajay,Suri,Male,9106253685,L014,4/12/1991,11/28/2022,Verified
U03628,Tushar,Sengar,Male,6116963380,L025,5/12/1967,5/29/2018,Verified
U03629,Fatima,Bansal,Female,7707432514,L012,2/16/1985,3/2/2017,Verified
U03630,Uma,Prasad,Female,6426627165,L002,2/22/1998,2/17/2025,Failed
U03631,Ankita,Saha,Female,8836432794,L043,4/1/1986,7/20/2024,Verified
U03632,Rishabh,Reddy,Male,6239059614,L021,10/1/1976,3/16/2024,Verified
U03633,Uday,Prasad,Male,8976879341,L026,3/14/1956,11/13/2023,Verified
U03634,Simran,Sidhu,Female,7184364790,L010,10/16/1966,1/21/2023,Verified
U03635,Navya,Singh,Female,8584922987,L050,12/15/1993,10/28/2023,Verified
U03636,Shreya,Qureshi,Female,9822858268,L038,3/22/1995,9/20/2025,Verified
U03637,Mukesh,Tripathi,Male,7634523243,L031,6/28/2004,11/24/2017,Verified
U03638,Sanjana,Saikia,Female,9598945386,L005,12/16/1997,12/16/2025,Verified
U03639,Naresh,Choudhary,Male,7127375384,L045,2/24/1974,3/19/2025,Verified
U03640,Saurabh,Menon,Male,8960844683,L037,10/9/1971,8/30/2019,Verified
U03641,Mehak,Ahuja,Female,6753916060,L026,9/24/1983,2/17/2019,Verified
U03642,Ankit,Saha,Male,9564672508,L046,2/24/1998,7/17/2025,Verified
U03643,Mercan,Jain,Female,6717590174,L007,11/10/1998,9/21/2023,Verified
U03644,Zaid,Negi,Male,9123660902,L005,7/12/1983,8/18/2023,Verified
U03645,Simran,Ansari,Female,7604516396,L041,10/31/1974,7/8/2022,Verified
U03646,Rahul,Kamath,Male,7435540520,L040,11/22/1960,3/30/2021,Verified
U03647,Farah,Patel,Female,7530754199,L008,12/28/2007,12/1/2019,Verified
U03648,Anil,More,Male,6568304848,L024,1/17/1970,12/17/2021,Verified
U03649,Indu,Sikdar,Female,7581545488,L031,12/19/1972,3/24/2021,Verified
U03650,Mayank,Mukherjee,Male,8753456460,L014,9/9/1983,10/22/2018,Verified
U03651,Dhruv,Verma,Male,9891709931,L039,4/16/1966,2/11/2024,Verified
U03652,Rajat,Joseph,Male,9760418575,L004,11/28/1986,2/14/2017,Verified
U03653,Renu,Kapoor,Female,8330426102,L005,9/15/1983,7/18/2017,Verified
U03654,Ananya,Shaikh,Female,9988065944,L048,1/27/1982,7/12/2018,Verified
U03655,Anil,Chawla,Male,8138499263,L011,8/11/1982,3/23/2017,Failed
U03656,Advik,Dubey,Male,8332245000,L006,5/12/1975,5/26/2019,Pending
U03657,Aman,Bora,Male,7162394798,L041,7/22/1956,10/7/2020,Verified
U03658,Reyansh,Chawla,Male,6591569388,L043,6/27/1970,8/29/2024,Verified
U03659,Anusha,Kalita,Female,6372978844,L040,4/3/1982,9/8/2021,Verified
U03660,Uday,Saha,Male,8352554662,L037,3/5/1973,5/13/2024,Verified
U03661,Farah,Chopra,Female,9260745555,L020,7/24/1963,5/18/2021,Verified
U03662,Zaid,Bansal,Male,7531387226,L038,3/9/1979,5/24/2022,Verified
U03663,Siddharth,Pawar,Male,7853209229,L041,10/2/1963,11/5/2024,Verified
U03664,Manav,Hegde,Male,9788949734,L042,6/24/1986,12/22/2017,Verified
U03665,Aanya,Lal,Female,9249759801,L020,9/30/1985,12/16/2023,Verified
U03666,Aditi,Khanna,Female,8726178690,L008,10/22/1973,4/13/2023,Verified
U03667,Rudra,Ali,Male,9193836664,L004,10/30/1998,5/15/2023,Verified
U03668,Ankit,Patil,Male,6948676240,L045,12/10/1968,6/12/2018,Verified
U03669,Kishore,Bose,Male,6183095361,L026,10/15/1981,11/12/2021,Verified
U03670,Anu,Lal,Female,9683883447,L033,2/9/1998,10/7/2021,Verified
U03671,Pradeep,Sikdar,Male,8880088099,L045,11/12/1980,10/24/2024,Verified
U03672,Armaan,Bhatia,Male,6863981531,L010,2/3/1961,3/29/2024,Verified
U03673,Ramesh,Goel,Male,8355854344,L043,1/24/1955,5/30/2022,Verified
U03674,Rajat,Lalwani,Male,9147262951,L002,11/23/1973,10/6/2019,Verified
U03675,Aditi,Pereira,Female,7904028777,L005,11/5/2003,5/29/2023,Verified
U03676,Navya,Kalita,Female,9125422105,L020,6/16/1968,11/24/2025,Verified
U03677,Divya,Fernandes,Female,8748686672,L001,3/7/1987,8/6/2023,Verified
U03678,Anil,Reddy,Male,9873765208,L034,5/3/1979,2/17/2018,Verified
U03679,Jyoti,D'Souza,Female,9276659500,L016,7/8/1959,9/20/2022,Verified
U03680,Indu,Ali,Female,7580960990,L040,10/30/2000,6/19/2020,Verified
U03681,Varun,Roy,Male,6133707984,L008,3/17/1983,3/10/2021,Verified
U03682,Mukesh,Reddy,Male,6111075944,L010,7/19/1988,11/25/2017,Verified
U03683,Naveen,Negi,Male,8712463439,L038,8/7/1973,5/5/2017,Verified
U03684,Mohit,Bora,Male,6959198441,L032,4/6/1979,8/14/2021,Pending
U03685,Shreya,Kakkar,Female,8702674342,L011,4/7/1970,10/20/2022,Verified
U03686,Shubham,Roy,Male,7506171086,L018,11/11/1979,1/11/2024,Verified
U03687,Ritvik,Ali,Male,8889740396,L019,12/29/1998,4/10/2020,Verified
U03688,Pallavi,Sikdar,Female,8334235778,L007,2/16/1976,8/12/2023,Verified
U03689,Harini,Syed,Female,6692192454,L005,3/19/1959,2/6/2022,Verified
U03690,Ajay,Jain,Male,7732433945,L026,4/21/1974,12/12/2022,Verified
U03691,Sonal,Ali,Female,6605960473,L028,12/10/1985,3/28/2024,Verified
U03692,Ishaan,Kakkar,Male,7672018669,L005,8/24/1955,3/10/2019,Pending
U03693,Seema,Shaikh,Female,6788760445,L034,9/14/1982,4/25/2024,Verified
U03694,Priya,Mishra,Female,8130248682,L040,3/30/1961,7/21/2018,Pending
U03695,Harshit,Sharma,Male,9893465374,L046,1/10/1965,8/30/2025,Verified
U03696,Vinod,Kakkar,Male,9420880933,L038,10/5/1982,6/6/2021,Verified
U03697,Rajesh,Goel,Male,6685750635,L038,11/5/1972,2/26/2025,Verified
U03698,Farhan,Khanna,Male,6308332995,L012,3/5/1958,12/29/2022,Verified
U03699,Shubham,Thomas,Male,8619170069,L011,4/25/2002,7/30/2020,Verified
U03700,Uma,Yadav,Female,6532163681,L033,8/1/1973,12/30/2023,Verified
U03701,Khushi,Roy,Female,9677641294,L037,8/12/1971,2/10/2024,Pending
U03702,Anusha,Arora,Female,8532420371,L030,7/18/1990,10/29/2019,Verified
U03703,Noor,Bhatia,Female,9588467396,L009,7/8/1984,6/2/2023,Verified
U03704,Ileana,Lalwani,Female,8634795483,L028,6/6/1976,12/5/2022,Verified
U03705,Vaishnavi,Ghosh,Female,7286605614,L004,10/30/1983,1/3/2019,Verified
U03706,Pranav,Gill,Male,9307895025,L036,2/23/1975,7/20/2019,Failed
U03707,Advik,Singh,Male,6978584374,L003,1/9/1965,10/6/2023,Verified
U03708,Sameer,Dutta,Male,6432611142,L046,6/19/1962,9/6/2020,Verified
U03709,Kusum,Bose,Female,7152004507,L043,1/6/1980,7/24/2021,Pending
U03710,Sandeep,Lalwani,Male,8369527931,L002,7/2/1982,9/18/2018,Verified
U03711,Kiara,Chatterjee,Female,7128553213,L015,3/6/2005,11/4/2023,Verified
U03712,Abhishek,Pawar,Male,7771635630,L027,1/9/1983,8/14/2020,Verified
U03713,Deepika,Dubey,Female,7155202027,L027,1/16/1995,3/23/2019,Verified
U03714,Zoya,Gill,Female,8935067588,L006,10/31/1959,10/2/2025,Verified
U03715,Anil,Chawla,Male,9566577612,L026,4/4/1983,3/26/2019,Verified
U03716,Chirag,Bhardwaj,Male,8218513168,L037,9/8/2001,2/21/2022,Verified
U03717,Krishna,Khanna,Male,9972820688,L047,3/27/1984,4/22/2017,Verified
U03718,Sowmya,Ghosh,Female,9349497154,L019,5/14/1977,8/30/2018,Verified
U03719,Pranav,Das,Male,9181637571,L045,12/17/2003,9/4/2021,Verified
U03720,Nazia,Mishra,Female,9352265776,L014,1/29/1974,3/19/2024,Verified
U03721,Ramesh,Arora,Male,8357095344,L036,4/24/1967,6/23/2020,Verified
U03722,Swati,Soni,Female,8796685542,L041,11/10/1973,3/26/2023,Pending
U03723,Ileana,Saikia,Female,9296254783,L046,10/6/2005,4/6/2022,Verified
U03724,Meera,Chatterjee,Female,6818342014,L002,1/2/2005,6/15/2024,Verified
U03725,Rekha,Gupta,Female,9252503446,L028,7/29/1972,2/4/2017,Verified
U03726,Shubham,Mehta,Male,6635967546,L038,9/24/1955,10/19/2023,Verified
U03727,Advik,Mishra,Male,6338719970,L015,5/25/2001,4/16/2020,Verified
U03728,Monika,Naidu,Female,9485471570,L020,7/17/1985,11/4/2018,Pending
U03729,Deepak,Jadhav,Male,6531760688,L002,11/28/1979,5/5/2018,Verified
U03730,Nitin,Tiwari,Male,7108406035,L041,10/18/1992,4/16/2022,Verified
U03731,Bhavesh,Mahajan,Male,8424394898,L007,8/11/1967,3/27/2023,Verified
U03732,Tanya,Kapoor,Female,7988061519,L036,12/10/2005,8/30/2019,Pending
U03733,Shyam,Chauhan,Male,9816902212,L044,11/12/1998,8/26/2023,Verified
U03734,Naveen,Kulkarni,Male,7112457516,L034,1/15/1962,10/1/2017,Pending
U03735,Rehan,Soni,Male,6420802728,L033,4/15/1959,11/9/2018,Verified
U03736,Divya,Kumar,Female,9762991824,L038,3/27/1991,9/13/2018,Pending
U03737,Sara,Shinde,Female,8723527712,L021,11/21/1969,8/4/2022,Verified
U03738,Ayush,Ansari,Male,9407896866,L044,5/2/1986,9/11/2022,Verified
U03739,Rajat,Nair,Male,9708326897,L009,1/16/1971,10/18/2019,Failed
U03740,Tushar,Malhotra,Male,7995151251,L005,1/6/1993,3/19/2018,Pending
U03741,Neha,Jain,Female,9886489209,L004,3/6/1970,4/14/2017,Pending
U03742,Geeta,Dutta,Female,8389330250,L043,5/3/1972,4/10/2019,Verified
U03743,Ganesh,Ahuja,Male,7367289857,L040,10/8/1993,12/1/2023,Verified
U03744,Sonia,Dutta,Female,7835888528,L027,7/27/1984,8/6/2023,Verified
U03745,Kusum,D'Souza,Female,7675181352,L012,10/3/2005,10/1/2019,Verified
U03746,Ramesh,Rana,Male,7941043105,L014,6/9/1958,6/23/2024,Verified
U03747,Rajesh,Tripathi,Male,8999510473,L024,6/16/1984,11/27/2022,Verified
U03748,Simran,Shinde,Female,9616478744,L026,8/10/2005,1/20/2020,Pending
U03749,Sachin,Shinde,Male,6172188118,L012,5/12/1955,11/29/2020,Pending
U03750,Jyoti,Khan,Female,8116658353,L026,9/6/1976,9/8/2023,Verified
U03751,Ishaan,Jain,Male,9807850884,L005,12/21/1985,4/24/2019,Verified
U03752,Uma,Bose,Female,8699144722,L032,4/26/1984,10/4/2017,Verified
U03753,Lavanya,Ahuja,Female,9695586818,L012,9/11/1975,3/22/2024,Verified
U03754,Naresh,Mishra,Male,8213981491,L036,12/5/1982,2/25/2017,Verified
U03755,Vidya,Deshmukh,Female,6338728170,L027,10/7/1981,9/4/2019,Verified
U03756,Lavanya,Lal,Female,6881590423,L003,1/7/1970,8/28/2021,Pending
U03757,Siya,Menon,Female,8728892062,L013,12/23/1970,12/9/2023,Verified
U03758,Advik,Ahuja,Male,7414310012,L027,11/2/1996,1/21/2023,Pending
U03759,Sachin,Bhatia,Male,6133461523,L047,1/20/2001,12/10/2020,Verified
U03760,Ankit,Pandey,Male,6518074162,L036,4/27/1967,11/4/2018,Verified
U03761,Vijay,Yadav,Male,7776966206,L016,10/23/1955,9/29/2020,Verified
U03762,Ileana,Banerjee,Female,6630344647,L030,12/4/1994,3/10/2025,Pending
U03763,Deepak,Sandhu,Male,7243465438,L050,11/21/1969,12/11/2024,Failed
U03764,Uma,Qureshi,Female,6381019265,L021,3/21/1960,12/14/2020,Verified
U03765,Kanchan,Kulkarni,Female,8856067598,L028,7/20/1965,1/28/2022,Verified
U03766,Nikita,Choudhary,Female,9572431754,L018,7/24/1997,5/31/2025,Verified
U03767,Ayaan,Kulkarni,Male,8454152911,L045,1/8/2006,4/19/2018,Verified
U03768,Tushar,Dubey,Male,8974674318,L030,10/17/1980,8/6/2018,Verified
U03769,Rohit,Kamath,Male,7920175295,L008,3/3/2001,8/16/2017,Verified
U03770,Ajay,Ansari,Male,7878754416,L035,3/23/1986,4/13/2024,Verified
U03771,Chhavi,Verma,Female,6831016029,L014,11/22/1990,8/14/2020,Verified
U03772,Rudra,Rao,Male,6909095748,L011,4/16/1985,1/25/2022,Verified
U03773,Salman,Sawant,Male,9191268917,L013,12/12/1967,8/24/2017,Verified
U03774,Vikas,Banerjee,Male,8839238083,L017,5/27/2001,8/7/2024,Verified
U03775,Anusha,Kulkarni,Female,7884130435,L027,5/20/1984,3/30/2023,Verified
U03776,Aanya,Bose,Female,7421557198,L045,2/22/1963,9/19/2022,Verified
U03777,Jyoti,Reddy,Female,9720704323,L040,6/19/1960,2/15/2024,Verified
U03778,Sushma,D'Souza,Female,6504556948,L016,3/23/1960,1/12/2019,Verified
U03779,Chirag,Iyer,Male,8896085527,L025,6/6/1980,12/25/2025,Verified
U03780,Arnav,Tripathi,Male,7670793596,L043,1/30/1993,10/1/2022,Verified
U03781,Ritvik,Pinto,Male,6167031779,L019,6/12/1989,11/18/2017,Verified
U03782,Ishita,Ghosh,Female,6361937463,L033,6/5/1962,6/18/2017,Verified
U03783,Kiran,George,Female,7724209357,L024,6/26/2003,8/2/2023,Verified
U03784,Kabir,Malhotra,Male,6459771147,L014,5/21/1993,5/21/2018,Verified
U03785,Shreya,Mathew,Female,7703678915,L047,8/18/1960,11/16/2023,Verified
U03786,Garima,Ahuja,Female,9339939600,L046,12/11/1973,3/25/2024,Verified
U03787,Atharv,Goel,Male,8618942553,L016,11/12/1963,4/19/2022,Verified
U03788,Dhruv,Kamath,Male,6637188888,L046,11/8/1979,12/24/2020,Pending
U03789,Uday,Ahuja,Male,8367242969,L029,1/15/1972,1/2/2025,Verified
U03790,Harshit,Das,Male,7787446379,L046,5/27/1974,11/13/2022,Verified
U03791,Ankit,Rao,Male,7910970894,L001,3/14/1993,2/6/2024,Verified
U03792,Kunal,Thomas,Male,7101922338,L005,3/20/1967,4/5/2025,Verified
U03793,Fatima,Malhotra,Female,6530828045,L049,6/30/1962,1/9/2021,Verified
U03794,Deepak,Deshmukh,Male,6953626448,L025,1/29/1986,11/11/2018,Failed
U03795,Arjun,Chawla,Male,7484329860,L015,3/20/1974,8/8/2017,Verified
U03796,Prachi,George,Female,8445396110,L011,11/6/1970,5/16/2022,Verified
U03797,Kishore,Pawar,Male,9941265636,L013,10/3/1956,3/6/2025,Verified
U03798,Ruchi,Kakkar,Female,6947274710,L015,12/9/1986,8/31/2025,Verified
U03799,Sakshi,Rawat,Female,8640092593,L041,12/12/2005,10/25/2025,Verified
U03800,Aanya,Thakur,Female,9369891601,L007,12/18/1960,7/9/2020,Verified
U03801,Varun,Shetty,Male,6613371263,L009,5/26/1975,1/29/2023,Pending
U03802,Mayank,Srivastava,Male,8231122119,L002,8/1/1960,1/7/2022,Verified
U03803,Salman,Thomas,Male,7605475653,L024,1/1/2002,8/25/2022,Verified
U03804,Karan,Shaikh,Male,8404877438,L046,7/12/1990,1/10/2024,Verified
U03805,Nazia,Joseph,Female,7648203323,L024,6/29/1974,3/13/2021,Verified
U03806,Keerthi,Pawar,Female,7478006404,L039,6/23/1993,1/12/2025,Verified
U03807,Monika,Sharma,Female,6892601387,L012,9/10/2006,5/24/2025,Verified
U03808,Ruchi,Fernandes,Female,6144276884,L045,7/1/1984,5/1/2020,Verified
U03809,Pranav,Kalita,Male,7115024596,L038,10/23/2007,4/16/2020,Verified
U03810,Nikhil,Rana,Male,6146304881,L036,4/27/1962,10/29/2020,Verified
U03811,Ayush,Bose,Male,9457441702,L010,1/20/1991,12/16/2024,Verified
U03812,Ramesh,Ansari,Male,9802076784,L045,11/10/1986,5/14/2023,Pending
U03813,Aisha,More,Female,7901106000,L034,10/9/1991,4/10/2025,Verified
U03814,Vinod,Chopra,Male,9337161879,L011,3/17/1971,8/4/2021,Verified
U03815,Vihaan,More,Male,9658253765,L011,7/8/1961,10/10/2020,Verified
U03816,Manav,Agarwal,Male,8303024627,L038,9/27/1978,8/14/2017,Verified
U03817,Sanjana,Patel,Female,6515975359,L019,9/14/1968,10/29/2025,Verified
U03818,Varsha,Ali,Female,8989577214,L008,6/16/2004,1/14/2020,Verified
U03819,Sachin,Patil,Male,9873242749,L028,9/3/1988,3/2/2023,Verified
U03820,Zaid,Kapoor,Male,9279768647,L049,9/13/1999,12/1/2019,Verified
U03821,Ananya,Qureshi,Female,9913794175,L021,2/24/1961,11/17/2019,Verified
U03822,Shaurya,Bansal,Male,6342800593,L047,7/11/2006,12/28/2022,Verified
U03823,Ashish,Dubey,Male,9468037412,L038,9/25/1988,8/28/2024,Failed
U03824,Ayush,Shaikh,Male,8770161583,L035,9/25/1964,6/7/2018,Verified
U03825,Nazia,Mathew,Female,6858224132,L007,1/4/1973,4/11/2020,Verified
U03826,Shalini,Chawla,Female,8956502352,L023,8/24/1958,9/15/2023,Pending
U03827,Mayank,Ahuja,Male,7484115402,L049,12/27/1982,8/2/2024,Verified
U03828,Ishaan,Sandhu,Male,9847213931,L039,4/10/1981,12/16/2020,Pending
U03829,Ankita,Yadav,Female,7296950089,L042,8/18/1986,2/19/2019,Verified
U03830,Pankaj,Qureshi,Male,9987082376,L036,6/7/1957,11/26/2025,Verified
U03831,Sneha,Qureshi,Female,8798730852,L034,5/9/1967,12/22/2018,Verified
U03832,Bhavesh,Mahajan,Male,7724135158,L015,2/21/1998,6/26/2021,Pending
U03833,Siya,Gaikwad,Female,7643309560,L040,11/9/1967,5/27/2025,Verified
U03834,Rehan,Khanna,Male,7859563441,L042,4/8/1970,7/27/2024,Verified
U03835,Jyoti,Shetty,Female,7347078615,L011,2/16/1990,3/11/2025,Verified
U03836,Madhu,Hegde,Female,8122938273,L013,11/25/1976,12/4/2023,Verified
U03837,Diya,Bhatia,Female,9159038283,L042,6/3/1982,1/2/2024,Verified
U03838,Amit,Narang,Male,9455022133,L050,7/13/1988,5/28/2022,Verified
U03839,Aarav,Pillai,Male,9210509465,L022,12/13/1983,12/8/2022,Verified
U03840,Vivaan,Sharma,Male,8481956228,L027,12/7/2007,9/30/2024,Pending
U03841,Siddharth,Dutta,Male,8874664822,L018,1/7/1995,12/26/2017,Verified
U03842,Niharika,Reddy,Female,9736877529,L014,5/27/1983,8/29/2025,Verified
U03843,Sakshi,Nair,Female,9543866439,L043,9/15/2002,5/20/2022,Verified
U03844,Kanchan,Bora,Female,6620804697,L006,7/1/1992,1/7/2020,Verified
U03845,Vaishnavi,Das,Female,9284726281,L034,2/25/1993,8/27/2023,Verified
U03846,Kusum,Gaikwad,Female,7826972826,L003,4/26/1997,4/30/2021,Verified
U03847,Pankaj,Pandey,Male,9182619314,L047,11/3/1983,11/16/2023,Verified
U03848,Reshma,Bansal,Female,8337123197,L050,1/8/1999,1/16/2017,Verified
U03849,Dinesh,Khanna,Male,7481701007,L009,12/11/1987,2/22/2022,Verified
U03850,Rishabh,Gupta,Male,6833135859,L043,9/29/1978,5/25/2020,Verified
U03851,Aarav,Nair,Male,9306989162,L018,10/14/1956,9/11/2019,Verified
U03852,Riya,Qureshi,Female,8537675976,L013,2/21/1960,8/11/2023,Verified
U03853,Harini,Deshmukh,Female,8997705708,L021,4/21/1965,5/18/2023,Verified
U03854,Monika,Bansal,Female,6720266126,L012,8/21/1978,1/14/2023,Verified
U03855,Sachin,Rao,Male,8377603235,L043,8/10/1998,4/5/2022,Verified
U03856,Swati,Patil,Female,7680029887,L038,1/9/2002,6/13/2017,Verified
U03857,Harsh,Khan,Male,8220421110,L009,3/24/2002,3/18/2023,Failed
U03858,Tushar,Bedi,Male,6140922490,L023,10/30/1956,10/4/2023,Pending
U03859,Hina,Goel,Female,8169685763,L030,3/6/1995,4/1/2017,Verified
U03860,Asif,Das,Male,6626129259,L006,9/9/1957,8/18/2019,Verified
U03861,Shyam,Saikia,Male,8245750334,L024,11/18/2000,1/11/2023,Verified
U03862,Pranav,Mahajan,Male,6519117970,L029,11/6/1974,12/7/2023,Verified
U03863,Palak,Sidhu,Female,7509012829,L039,4/1/1955,6/8/2022,Verified
U03864,Uma,Tripathi,Female,6710864131,L001,7/5/2005,11/2/2023,Verified
U03865,Mayank,Thomas,Male,6637762323,L027,10/24/1981,6/7/2023,Verified
U03866,Nikita,Jain,Female,8522705193,L035,10/24/1993,12/26/2019,Verified
U03867,Ritika,Mukherjee,Female,6782204361,L024,9/16/1975,5/4/2019,Verified
U03868,Sneha,Kumar,Female,9695199907,L041,1/5/1974,3/26/2019,Verified
U03869,Sachin,Kumar,Male,7202575497,L011,7/27/1971,4/2/2024,Verified
U03870,Palak,Joseph,Female,7191058595,L010,1/21/1980,3/17/2021,Verified
U03871,Nisha,Reddy,Female,7453453084,L032,3/15/1962,2/16/2019,Failed
U03872,Shreya,Bora,Female,8800276650,L016,12/20/1971,8/15/2018,Failed
U03873,Kusum,Puri,Female,8206879027,L040,2/12/1969,3/7/2017,Pending
U03874,Rishabh,Mehta,Male,6793394440,L016,1/15/1987,8/25/2022,Verified
U03875,Sakshi,Syed,Female,6208125783,L020,2/4/1964,6/3/2020,Verified
U03876,Preeti,Gill,Female,6520160251,L004,6/4/1980,10/28/2022,Verified
U03877,Diya,Thakur,Female,6906687044,L033,6/19/1961,10/8/2025,Verified
U03878,Sameer,Dutta,Male,8556989724,L049,3/17/1980,5/17/2018,Verified
U03879,Tushar,Yadav,Male,7472707102,L040,5/7/1964,4/22/2018,Failed
U03880,Noor,Ali,Female,7919544374,L010,7/5/1960,3/29/2019,Verified
U03881,Alina,Kumar,Female,6489120881,L038,3/21/1977,3/14/2021,Verified
U03882,Keerthi,Shetty,Female,8293661643,L011,7/12/2006,1/10/2024,Verified
U03883,Abhishek,Sandhu,Male,7402869798,L011,3/14/2006,4/11/2017,Verified
U03884,Uma,Sandhu,Female,8976117702,L036,4/9/1984,9/13/2025,Verified
U03885,Vedant,Joshi,Male,6998491709,L048,4/20/1962,10/9/2022,Verified
U03886,Mercan,Kulkarni,Female,9631409454,L041,5/1/1958,1/6/2019,Verified
U03887,Nitin,Puri,Male,8915650670,L028,1/6/1975,1/13/2020,Verified
U03888,Laksh,Pereira,Male,7434809554,L008,10/13/2007,4/19/2022,Verified
U03889,Harini,Saikia,Female,7291701967,L012,9/18/1961,12/1/2021,Verified
U03890,Arnav,Patil,Male,7272062043,L043,4/10/2007,1/22/2025,Verified
U03891,Riya,Rana,Female,7686712546,L001,5/24/1973,3/31/2025,Verified
U03892,Kunal,Narang,Male,9961632035,L019,1/21/1960,1/13/2020,Verified
U03893,Bharti,Malhotra,Female,8904747844,L001,11/28/1988,9/4/2018,Pending
U03894,Salman,Iyer,Male,6778129961,L005,6/15/2007,9/16/2022,Verified
U03895,Shruti,Hegde,Female,9397135184,L018,10/26/1963,6/16/2020,Verified
U03896,Nandini,Reddy,Female,6184963024,L025,1/2/1966,8/27/2017,Pending
U03897,Deepak,Tiwari,Male,7155968785,L013,12/2/1986,3/1/2022,Verified
U03898,Shreya,Bedi,Female,8664862192,L007,9/10/2005,5/21/2019,Verified
U03899,Divya,Shinde,Female,7479834815,L044,4/28/1991,2/22/2024,Verified
U03900,Lokesh,Chauhan,Male,8398711741,L017,2/1/1958,9/14/2023,Verified
U03901,Raj,Khanna,Male,9938866080,L038,12/11/1987,11/2/2020,Verified
U03902,Pranav,Kalita,Male,9608107747,L048,1/28/1987,2/3/2023,Verified
U03903,Alina,Pandey,Female,9341860635,L040,7/20/2003,12/6/2024,Verified
U03904,Ira,Sharma,Female,6201890212,L026,10/15/1991,1/16/2021,Verified
U03905,Chirag,Shinde,Male,8216535680,L012,9/6/1989,3/16/2017,Verified
U03906,Om,Bansal,Male,6426652367,L026,1/10/1983,5/6/2020,Verified
U03907,Nandini,Chopra,Female,7563194357,L008,8/13/1971,12/12/2021,Verified
U03908,Manish,Thomas,Male,7815388249,L045,11/25/1987,7/27/2021,Verified
U03909,Radhika,Nair,Female,7905901896,L010,12/18/1979,5/3/2022,Verified
U03910,Darshan,Pinto,Male,7736205259,L008,12/12/1965,2/20/2022,Pending
U03911,Aarav,Singh,Male,8528313155,L036,12/6/1958,11/5/2017,Verified
U03912,Mansi,Puri,Female,8559107802,L002,7/10/1980,4/15/2022,Pending
U03913,Atharv,Nair,Male,7738312932,L025,9/2/1976,12/2/2023,Verified
U03914,Rishabh,Mehta,Male,9476849800,L029,3/15/1969,7/25/2024,Failed
U03915,Anita,Kohli,Female,9957642978,L004,12/15/1995,8/8/2020,Verified
U03916,Mercan,Pinto,Female,6120555223,L022,3/31/2003,10/28/2025,Verified
U03917,Ananya,Pinto,Female,7338567239,L015,10/11/1960,7/11/2017,Verified
U03918,Farah,Chatterjee,Female,8594266925,L042,2/10/1974,1/15/2018,Verified
U03919,Indu,Dutta,Female,8755659531,L009,11/22/1971,3/5/2025,Pending
U03920,Laksh,Kapoor,Male,8284985903,L004,8/1/1969,4/27/2020,Verified
U03921,Tarun,Naidu,Male,7739788328,L002,3/20/2004,8/8/2017,Verified
U03922,Sowmya,Rana,Female,9137702841,L048,7/7/1976,9/16/2017,Verified
U03923,Pooja,Banerjee,Female,6209675783,L022,1/15/1973,12/25/2022,Verified
U03924,Renu,Shaikh,Female,9627392805,L034,8/20/1977,7/18/2024,Verified
U03925,Tarun,Iyer,Male,9152777443,L001,4/12/1958,1/19/2019,Verified
U03926,Farah,Chatterjee,Female,8298347297,L031,9/8/1986,11/24/2023,Verified
U03927,Anjali,Fernandes,Female,7501283478,L033,5/25/1988,3/23/2021,Pending
U03928,Ananya,Baruah,Female,8196397947,L003,12/28/1955,9/20/2025,Verified
U03929,Manish,Bansal,Male,6100908063,L045,6/22/1990,7/17/2023,Verified
U03930,Ayush,Chawla,Male,7407180163,L018,11/19/1956,10/3/2017,Failed
U03931,Madhu,Kamath,Female,6757692698,L027,2/18/1966,8/17/2017,Failed
U03932,Tarun,Kapoor,Male,8186764077,L023,7/27/1957,11/26/2022,Verified
U03933,Lokesh,Das,Male,7113961768,L018,4/5/1987,11/2/2019,Verified
U03934,Mercan,Kapoor,Female,7133230397,L028,11/1/1988,2/4/2024,Verified
U03935,Tanvi,Thakur,Female,6619935534,L036,5/8/1972,1/1/2021,Verified
U03936,Prachi,George,Female,9934999068,L025,11/12/2006,2/20/2022,Verified
U03937,Ajay,Reddy,Male,8886004330,L017,5/21/1979,12/3/2023,Verified
U03938,Asif,Prasad,Male,7791813626,L017,10/17/1963,8/15/2023,Verified
U03939,Tanya,Saikia,Female,7241081053,L033,8/24/1971,2/15/2018,Pending
U03940,Keerthi,Arora,Female,8215215940,L019,6/19/1978,11/11/2022,Verified
U03941,Kunal,Kakkar,Male,9653724300,L025,7/17/1967,7/12/2021,Failed
U03942,Yash,Ghosh,Male,6430889578,L028,6/2/1987,7/10/2022,Pending
U03943,Sanjay,Pereira,Male,6549466936,L045,11/23/1961,8/31/2025,Verified
U03944,Siya,Joseph,Female,6612501979,L011,7/5/1978,12/20/2024,Verified
U03945,Rupal,Prasad,Female,7367708898,L012,12/22/1985,8/7/2017,Verified
U03946,Sunil,Pandey,Male,6533232749,L002,9/13/2005,10/21/2022,Verified
U03947,Shreya,Patil,Female,9469310018,L040,12/10/1975,8/5/2023,Verified
U03948,Mohit,Kakkar,Male,6534243730,L028,7/19/1978,10/28/2023,Pending
U03949,Ishaan,Shinde,Male,7312636303,L036,1/10/1962,6/3/2025,Verified
U03950,Pooja,Rao,Female,8113879048,L024,4/22/1968,2/28/2019,Verified
U03951,Sameer,Sandhu,Male,8839126437,L020,1/30/1966,5/29/2025,Verified
U03952,Ramesh,Narang,Male,7690818719,L029,3/17/1998,4/20/2017,Verified
U03953,Neha,Pinto,Female,6757474418,L037,9/19/1964,12/3/2022,Verified
U03954,Vidya,Chawla,Female,7836783601,L033,3/3/1988,6/7/2024,Verified
U03955,Rekha,Rawat,Female,6296437700,L015,3/31/1979,5/7/2019,Verified
U03956,Tejas,Jadhav,Male,8284781328,L025,5/15/1957,7/14/2019,Pending
U03957,Noor,Sethi,Female,6253442061,L030,4/22/1983,11/4/2019,Verified
U03958,Siddharth,Reddy,Male,6363531551,L009,5/15/1975,12/4/2022,Verified
U03959,Manish,Naidu,Male,8164635228,L047,10/18/1999,4/17/2019,Verified
U03960,Indu,Pawar,Female,9254713566,L035,5/24/1977,11/3/2019,Verified
U03961,Darshan,Ansari,Male,8965890457,L003,3/2/1969,12/6/2022,Verified
U03962,Faizan,Agarwal,Male,6348631380,L041,12/2/1996,8/20/2022,Verified
U03963,Vihaan,Banerjee,Male,6302020721,L019,4/19/2004,12/7/2020,Verified
U03964,Kiran,Gaikwad,Female,7997768200,L039,7/30/1995,6/13/2020,Verified
U03965,Ganesh,Prasad,Male,6751506258,L029,12/2/1972,8/1/2020,Verified
U03966,Kartik,Das,Male,9667173791,L041,2/13/1955,2/5/2020,Verified
U03967,Shreya,Ansari,Female,8973358035,L037,6/4/1981,1/22/2020,Pending
U03968,Shyam,Dutta,Male,9346112537,L031,7/6/1955,8/25/2020,Verified
U03969,Siddharth,Tiwari,Male,6361491944,L035,6/10/1997,3/5/2017,Verified
U03970,Saurabh,Chawla,Male,8957494675,L035,5/27/1965,5/23/2018,Verified
U03971,Farah,Shaikh,Female,9748838942,L043,12/19/1980,3/8/2024,Failed
U03972,Priti,Pinto,Female,9489086024,L041,7/8/1967,12/16/2021,Pending
U03973,Ankit,Arora,Male,6292114260,L032,12/28/1986,5/18/2023,Verified
U03974,Naresh,Saha,Male,7734365385,L027,2/27/1975,5/4/2017,Failed
U03975,Shubham,Mahajan,Male,8450628114,L050,11/15/1964,1/5/2021,Verified
U03976,Garima,George,Female,7438561218,L022,4/5/1983,6/22/2023,Verified
U03977,Priti,Mishra,Female,8512056569,L045,11/19/1982,10/13/2023,Verified
U03978,Mansi,Bansal,Female,7249328678,L002,3/10/1961,2/1/2023,Verified
U03979,Tushar,Bora,Male,9707388105,L030,2/26/1984,11/1/2020,Verified
U03980,Krishna,Fernandes,Male,6706945895,L029,3/3/1997,5/3/2021,Pending
U03981,Dinesh,Sidhu,Male,9819881165,L034,7/23/1987,6/27/2017,Verified
U03982,Tejas,Joshi,Male,8627479070,L023,5/30/1986,12/28/2020,Verified
U03983,Pradeep,Rawat,Male,9675663042,L044,8/30/1980,9/1/2023,Verified
U03984,Kunal,Gupta,Male,9152137346,L042,4/16/2007,7/9/2021,Verified
U03985,Mayank,Saikia,Male,6661838973,L021,7/24/1989,12/17/2019,Verified
U03986,Swati,D'Souza,Female,7196618397,L019,4/25/1985,9/16/2018,Verified
U03987,Rahul,Syed,Male,7639626826,L021,2/16/1961,11/12/2021,Verified
U03988,Darshan,Jain,Male,7942526311,L032,1/19/2000,2/21/2019,Verified
U03989,Purnima,Lalwani,Female,9998933851,L029,8/8/1990,9/23/2025,Verified
U03990,Bharti,Pereira,Female,6135406810,L031,9/15/1998,2/25/2020,Verified
U03991,Jyoti,Menon,Female,7355768299,L023,9/27/1964,7/2/2023,Verified
U03992,Rashmi,Ali,Female,7674899278,L009,1/31/1994,12/10/2021,Verified
U03993,Pooja,Puri,Female,8527181414,L035,1/31/1956,11/8/2025,Verified
U03994,Pranav,Gaikwad,Male,7885461352,L016,9/16/1971,10/27/2022,Failed
U03995,Trisha,Choudhary,Female,6348336883,L026,8/7/1980,6/23/2021,Verified
U03996,Ravi,Negi,Male,7977165614,L048,3/10/1970,5/22/2021,Verified
U03997,Ankita,Fernandes,Female,8902664308,L016,7/17/1961,10/4/2022,Verified
U03998,Aarav,Choudhary,Male,6481764087,L023,1/4/1968,10/3/2024,Verified
U03999,Aisha,Kumar,Female,6707577894,L036,1/12/1968,1/12/2019,Verified
U04000,Siya,Mahajan,Female,9829021593,L047,1/4/1955,8/4/2021,Verified
U04001,Payal,Goel,Female,6223881442,L023,4/11/1961,6/28/2017,Verified
U04002,Naman,Nigam,Male,7226694296,L008,10/30/1962,3/30/2017,Verified
U04003,Rahul,Yadav,Male,9351267070,L012,8/13/1956,11/2/2022,Verified
U04004,Mehak,Shaikh,Female,6990863486,L001,8/1/1998,10/16/2017,Verified
U04005,Darshan,Arora,Male,8731101886,L007,8/9/2005,5/21/2024,Verified
U04006,Rupal,Singh,Female,6436902459,L018,6/23/2001,10/13/2019,Pending
U04007,Arjun,Bora,Male,8919931058,L039,7/2/1962,3/5/2017,Verified
U04008,Vinod,Deshmukh,Male,6607416286,L034,7/8/1994,7/21/2021,Pending
U04009,Arjun,Gaikwad,Male,8448493350,L050,4/12/1977,12/12/2020,Verified
U04010,Ayush,Khan,Male,9135521777,L045,9/26/1998,8/31/2025,Verified
U04011,Radhika,George,Female,7871614273,L037,11/17/1998,4/21/2022,Verified
U04012,Lavanya,Goel,Female,9338349028,L023,3/14/1968,5/27/2019,Verified
U04013,Sheetal,Jadhav,Female,6236542681,L040,8/8/1997,8/25/2020,Pending
U04014,Ajay,Kohli,Male,9446495139,L049,9/9/1959,11/5/2018,Verified
U04015,Sowmya,More,Female,7602086772,L042,4/18/2001,5/29/2022,Verified
U04016,Shreya,Rao,Female,7479473396,L047,9/18/1992,10/21/2022,Verified
U04017,Tejas,Gill,Male,9792404580,L030,10/22/1968,9/11/2020,Verified
U04018,Radhika,Narang,Female,8180232165,L028,9/25/2001,8/13/2018,Verified
U04019,Sonia,Bedi,Female,6347984260,L050,3/21/2000,12/13/2021,Pending
U04020,Madhu,Negi,Female,9581636165,L018,11/8/1959,1/14/2023,Pending
U04021,Harshit,Patil,Male,8664731125,L024,8/2/1956,1/21/2018,Verified
U04022,Swati,Fernandes,Female,9420008253,L004,9/6/1997,6/28/2017,Verified
U04023,Harshit,Mahajan,Male,9630036649,L008,12/21/1972,4/27/2025,Verified
U04024,Keerthi,Mishra,Female,6833238178,L023,9/30/1965,8/23/2021,Verified
U04025,Tarun,Singh,Male,6749581975,L032,7/18/1971,1/17/2017,Verified
U04026,Farah,Patil,Female,6867352502,L022,9/4/1977,3/23/2023,Verified
U04027,Laksh,Chatterjee,Male,9314639640,L011,12/3/1989,12/11/2021,Verified
U04028,Farhan,Deshmukh,Male,7866809533,L042,4/24/2003,4/5/2018,Verified
U04029,Ajay,More,Male,7648252368,L048,7/17/1979,12/13/2025,Verified
U04030,Pranav,Das,Male,7381504992,L010,3/30/1968,4/26/2018,Verified
U04031,Tushar,Sawant,Male,9998938908,L037,1/22/1994,11/13/2023,Verified
U04032,Kartik,Gupta,Male,9573443927,L037,1/14/1965,6/6/2019,Verified
U04033,Advik,Kapoor,Male,6920606816,L036,11/4/1989,9/9/2017,Verified
U04034,Kabir,Syed,Male,6398306744,L043,7/6/1958,8/6/2023,Verified
U04035,Geeta,Ahuja,Female,8260121245,L005,5/28/1964,10/23/2022,Verified
U04036,Kanchan,Khan,Female,9640882139,L015,3/8/1987,8/28/2021,Verified
U04037,Abhishek,Naidu,Male,6607593611,L005,12/16/1979,9/10/2024,Verified
U04038,Mansi,Prasad,Female,7863453856,L028,5/28/1990,2/2/2017,Verified
U04039,Atharv,Joshi,Male,8299461688,L005,12/1/1966,9/14/2021,Verified
U04040,Swati,Reddy,Female,9116171408,L040,11/21/1993,1/22/2020,Verified
U04041,Aanya,Suri,Female,7701746473,L045,3/23/2001,5/17/2017,Verified
U04042,Om,Menon,Male,7379582486,L011,10/7/1956,5/9/2019,Verified
U04043,Sakshi,Syed,Female,7591578855,L001,4/28/1998,4/24/2023,Verified
U04044,Shaurya,Mishra,Male,8209315885,L023,4/25/1965,3/30/2018,Verified
U04045,Navya,Pinto,Female,8400651387,L050,9/24/1970,12/26/2023,Verified
U04046,Rudra,Puri,Male,8432039778,L048,12/6/1969,11/8/2022,Verified
U04047,Shreya,Joshi,Female,6409657321,L004,1/23/1994,6/23/2020,Pending
U04048,Priya,Rana,Female,9295097331,L021,8/1/1972,1/27/2020,Verified
U04049,Zaid,Das,Male,8833054337,L009,12/16/1964,5/29/2018,Verified
U04050,Kiara,Kamath,Female,9749784686,L021,9/7/2006,10/6/2025,Verified
U04051,Akash,Mathew,Male,8597457214,L030,10/11/1996,5/20/2018,Pending
U04052,Jatin,Joshi,Male,9895066943,L017,9/29/1962,6/6/2025,Verified
U04053,Vaishnavi,Jain,Female,7366047796,L020,6/25/2005,4/17/2022,Verified
U04054,Sneha,Naidu,Female,9819424099,L030,3/29/1994,4/20/2018,Verified
U04055,Sara,Sidhu,Female,7413957426,L030,9/11/1986,8/18/2020,Verified
U04056,Khushi,Lal,Female,7228186514,L015,5/28/1983,10/16/2023,Pending
U04057,Deepak,Rana,Male,9102769103,L026,2/11/1991,10/31/2018,Verified
U04058,Ajay,Roy,Male,8928320066,L036,2/27/2007,9/3/2020,Verified
U04059,Aman,Patel,Male,6488724133,L047,12/10/1972,8/15/2025,Verified
U04060,Atharv,Fernandes,Male,7172465806,L007,1/25/1985,10/31/2021,Verified
U04061,Preeti,Sengar,Female,9474364239,L044,10/7/1978,10/4/2025,Verified
U04062,Sara,Soni,Female,6720004713,L030,5/24/1961,1/18/2025,Verified
U04063,Purnima,Dubey,Female,8209338939,L009,1/15/1969,5/8/2020,Verified
U04064,Uday,Dutta,Male,9591843833,L050,12/14/1968,4/29/2025,Verified
U04065,Kabir,Sidhu,Male,6995260246,L035,10/31/2000,5/7/2023,Verified
U04066,Karan,Pillai,Male,6464478862,L045,3/28/1987,9/22/2022,Verified
U04067,Payal,Malhotra,Female,7237587791,L004,7/12/1963,10/21/2023,Verified
U04068,Charu,Kohli,Female,8936896630,L031,2/7/1971,3/27/2020,Verified
U04069,Aparna,Iyer,Female,7171775321,L017,5/19/2003,2/16/2019,Verified
U04070,Sowmya,Nair,Female,6338825004,L038,9/23/1978,11/3/2019,Verified
U04071,Pranav,Rawat,Male,6510301592,L028,10/22/1974,10/6/2020,Verified
U04072,Asif,Baruah,Male,6722764486,L034,10/15/1983,6/22/2023,Pending
U04073,Radhika,Dutta,Female,8218320915,L034,8/12/1978,8/8/2024,Verified
U04074,Tanvi,Saikia,Female,7351911498,L012,3/15/2005,12/30/2022,Verified
U04075,Ankit,Chawla,Male,7677192807,L048,1/1/2004,8/21/2023,Verified
U04076,Rishabh,Prasad,Male,7862422684,L048,6/18/2007,11/3/2020,Verified
U04077,Gaurav,Shaikh,Male,8672016627,L039,3/12/1982,12/17/2019,Verified
U04078,Shyam,Qureshi,Male,9655793792,L029,2/7/1995,6/11/2021,Pending
U04079,Bhavna,Bose,Female,8502823612,L036,10/27/1965,9/16/2021,Verified
U04080,Payal,Reddy,Female,7186318970,L044,12/18/1966,6/30/2019,Verified
U04081,Harini,Sidhu,Female,8414016772,L010,1/6/1988,9/21/2021,Verified
U04082,Vivek,Mittal,Male,7126039391,L045,11/11/1966,10/4/2021,Verified
U04083,Preeti,Sawant,Female,9584834499,L041,8/20/2004,10/13/2023,Verified
U04084,Ishaan,Dutta,Male,8922089404,L015,2/7/1970,8/2/2025,Pending
U04085,Vivaan,Patil,Male,9500282376,L034,8/8/2000,5/26/2024,Pending
U04086,Nikita,Soni,Female,6597403823,L019,5/29/1957,6/2/2023,Verified
U04087,Atharv,Suri,Male,8663974212,L028,11/3/1963,5/24/2019,Failed
U04088,Ajay,Khanna,Male,8108241387,L003,8/22/1961,4/4/2018,Verified
U04089,Anil,Lalwani,Male,6332973224,L045,1/6/1992,4/18/2018,Verified
U04090,Sanjay,Baruah,Male,6396946194,L030,7/9/2000,9/12/2023,Verified
U04091,Rakesh,Jadhav,Male,8719306199,L007,3/17/1958,4/16/2024,Verified
U04092,Rehan,Roy,Male,8684682407,L018,5/18/1987,10/24/2020,Verified
U04093,Nisha,Dutta,Female,7817756065,L046,9/24/1968,10/22/2018,Verified
U04094,Sushma,Syed,Female,9422393385,L048,10/24/1998,10/12/2022,Verified
U04095,Prachi,Chopra,Female,8576118589,L042,10/14/1987,2/13/2022,Verified
U04096,Rehan,Shaikh,Male,7610619442,L012,8/22/1971,3/18/2024,Verified
U04097,Hina,Ali,Female,9354494791,L016,10/23/1981,11/29/2022,Verified
U04098,Kanchan,Verma,Female,9864107498,L015,10/14/1981,11/9/2025,Verified
U04099,Charu,Arora,Female,6938361692,L026,4/22/1977,4/13/2017,Pending
U04100,Tejas,Bansal,Male,9935585370,L010,1/3/2001,7/15/2025,Failed
U04101,Purnima,Tiwari,Female,9378768502,L008,10/12/1990,4/7/2018,Verified
U04102,Kavya,Fernandes,Female,9556805749,L007,1/6/2002,12/2/2021,Verified
U04103,Vaishnavi,Gill,Female,8974087457,L049,4/8/1981,2/24/2019,Pending
U04104,Anusha,Shinde,Female,6297306785,L011,3/6/1957,12/17/2019,Failed
U04105,Nitin,Hegde,Male,9472929031,L005,3/13/1963,8/12/2018,Failed
U04106,Rohit,Puri,Male,6263725449,L050,11/27/1963,8/31/2018,Verified
U04107,Kiran,Sengar,Female,9394477340,L004,11/5/2004,2/26/2024,Verified
U04108,Anita,Choudhary,Female,7961299534,L013,10/12/1979,6/5/2018,Verified
U04109,Sachin,Choudhary,Male,9836164297,L034,8/16/2001,4/30/2023,Verified
U04110,Pooja,George,Female,7311109860,L022,11/27/1967,2/22/2023,Verified
U04111,Sneha,Thomas,Female,9244794302,L034,8/17/1994,8/26/2025,Verified
U04112,Rashmi,Kapoor,Female,7791114755,L025,4/3/2003,1/4/2025,Pending
U04113,Mayank,Joshi,Male,6484625075,L027,6/10/1962,1/13/2020,Pending
U04114,Jyoti,Naidu,Female,8219862754,L023,3/25/1958,10/7/2018,Failed
U04115,Ritvik,Ahuja,Male,8260015998,L003,11/2/2004,1/30/2020,Verified
U04116,Ravi,Qureshi,Male,7184734303,L005,8/23/1959,5/17/2025,Verified
U04117,Tushar,Nair,Male,6879891679,L040,6/30/1998,2/17/2025,Verified
U04118,Sonia,Reddy,Female,7222610881,L011,2/9/1984,6/1/2019,Verified
U04119,Shubham,Chauhan,Male,8878602228,L019,6/15/1968,9/1/2022,Pending
U04120,Varsha,Bhatia,Female,6978739523,L023,1/5/1990,5/28/2017,Pending
U04121,Garima,Banerjee,Female,6583399360,L023,1/25/1976,4/1/2019,Verified
U04122,Riya,Gaikwad,Female,9590873307,L046,7/9/1986,4/1/2025,Verified
U04123,Shubham,Sandhu,Male,8965965531,L024,7/9/1994,11/17/2022,Verified
U04124,Harshit,Chatterjee,Male,7183798268,L035,7/9/1971,1/26/2025,Failed
U04125,Pooja,Bansal,Female,8777680834,L015,10/16/1980,10/1/2025,Verified
U04126,Aditya,Reddy,Male,9486425094,L020,11/6/1976,7/26/2021,Verified
U04127,Danish,Kakkar,Male,9191905264,L045,7/2/1993,4/17/2023,Pending
U04128,Pooja,Chawla,Female,8310199925,L004,10/21/1959,11/27/2020,Verified
U04129,Uday,Banerjee,Male,8148837268,L014,7/11/1979,4/2/2017,Verified
U04130,Shruti,Sandhu,Female,7973535565,L026,11/5/1955,5/30/2019,Verified
U04131,Jatin,Bose,Male,6607691706,L009,8/22/1966,3/17/2025,Verified
U04132,Rohit,Syed,Male,7799758288,L050,12/26/1987,10/17/2025,Verified
U04133,Swati,Sharma,Female,9772650563,L026,8/12/1957,7/10/2021,Verified
U04134,Vidya,Puri,Female,7251138987,L040,1/11/1976,10/7/2020,Verified
U04135,Deepika,Malhotra,Female,9152922653,L002,8/7/1960,3/29/2018,Pending
U04136,Anu,Naidu,Female,6784441764,L029,2/3/1982,7/6/2019,Verified
U04137,Rohan,Pandey,Male,7110452701,L015,10/3/1964,1/18/2021,Verified
U04138,Vijay,Chatterjee,Male,8147033683,L034,8/2/1990,7/13/2021,Pending
U04139,Shruti,Sethi,Female,9615073356,L021,7/22/1986,7/31/2020,Failed
U04140,Anusha,Bhardwaj,Female,6627607152,L025,5/5/1993,9/7/2018,Verified
U04141,Rajesh,Pinto,Male,8769989494,L034,10/21/2001,7/7/2023,Pending
U04142,Sonal,Pinto,Female,8824366334,L009,12/11/1981,9/30/2019,Verified
U04143,Sunil,Sharma,Male,7634884377,L010,3/23/1977,3/20/2022,Pending
U04144,Madhuri,Shetty,Female,6925578210,L030,11/10/1999,11/25/2017,Verified
U04145,Salman,Agarwal,Male,9606329731,L036,8/23/1993,1/25/2025,Verified
U04146,Pallavi,Mishra,Female,7783944570,L020,5/30/1955,5/25/2018,Verified
U04147,Aanya,Bedi,Female,9507116117,L014,8/7/1957,7/29/2020,Verified
U04148,Radhika,Kapoor,Female,9582434544,L045,2/29/1972,6/30/2022,Verified
U04149,Vikas,Malhotra,Male,7383812127,L036,4/25/1982,9/17/2017,Verified
U04150,Danish,Chopra,Male,7222196848,L029,8/26/1971,1/16/2018,Verified
U04151,Naveen,Tiwari,Male,6943364731,L006,10/17/1963,6/11/2023,Verified
U04152,Vidya,Tiwari,Female,8427092500,L001,8/13/1979,12/6/2024,Verified
U04153,Ramesh,Gill,Male,6668809685,L003,3/26/1977,12/29/2024,Verified
U04154,Ravi,Saxena,Male,8569089178,L030,11/13/1983,6/6/2019,Verified
U04155,Shruti,Bansal,Female,8484664093,L015,10/11/1979,2/22/2024,Verified
U04156,Imran,Arora,Male,7298065237,L033,10/30/1988,6/30/2020,Verified
U04157,Khushi,Bose,Female,8204108849,L021,9/4/1992,12/9/2022,Verified
U04158,Fatima,Puri,Female,9471401087,L032,1/18/2007,4/12/2021,Verified
U04159,Rashmi,Kohli,Female,7919696898,L025,12/15/2001,4/11/2022,Verified
U04160,Noor,Ahuja,Female,6540983955,L034,5/8/2000,7/2/2023,Verified
U04161,Rashmi,George,Female,7760249051,L011,1/19/1955,11/12/2023,Verified
U04162,Garima,Saikia,Female,8803620139,L022,9/3/1999,9/22/2020,Verified
U04163,Reshma,Mittal,Female,7517756961,L042,11/28/1995,4/6/2023,Verified
U04164,Ayush,Nair,Male,7400929916,L008,12/12/1981,1/18/2024,Verified
U04165,Hemant,Malhotra,Male,9255399174,L046,7/16/1993,1/7/2017,Verified
U04166,Ritika,Reddy,Female,8334410833,L016,6/6/1993,12/29/2023,Verified
U04167,Madhuri,Dutta,Female,6519843137,L043,5/22/1988,6/20/2020,Verified
U04168,Shruti,Yadav,Female,6479533583,L045,2/11/1987,8/7/2019,Verified
U04169,Uday,Kumar,Male,8909472603,L001,4/3/1966,1/29/2019,Verified
U04170,Ajay,Mehta,Male,6443477399,L026,10/24/1984,7/30/2017,Verified
U04171,Tarun,Puri,Male,9879965468,L025,10/30/2002,4/26/2017,Verified
U04172,Sakshi,Saxena,Female,9110312281,L041,2/4/1957,4/12/2018,Verified
U04173,Shyam,Lalwani,Male,8300093267,L005,10/16/2003,6/5/2024,Verified
U04174,Shaurya,Lal,Male,6418307612,L016,2/1/1989,4/8/2017,Verified
U04175,Purnima,Chauhan,Female,9805403057,L008,10/3/1955,1/21/2024,Verified
U04176,Ayaan,Banerjee,Male,6924399560,L025,12/21/1958,11/13/2020,Verified
U04177,Aparna,Yadav,Female,9539718295,L035,12/30/1991,1/28/2017,Verified
U04178,Ankita,Jain,Female,9254468061,L050,4/2/2001,3/15/2017,Verified
U04179,Salman,Mishra,Male,8967671180,L041,10/30/2001,11/4/2023,Pending
U04180,Imran,Shinde,Male,6430363707,L013,9/12/1968,11/28/2022,Verified
U04181,Madhu,Sharma,Female,7135180614,L036,6/28/1963,1/26/2021,Verified
U04182,Dhruv,Verma,Male,6377590036,L050,4/14/1998,8/14/2019,Failed
U04183,Fatima,Lal,Female,8441074145,L031,12/24/1997,6/13/2024,Verified
U04184,Mohit,Kalita,Male,8231431507,L036,11/13/1972,9/21/2021,Verified
U04185,Tanvi,Rawat,Female,8587630693,L044,9/29/1988,7/11/2025,Verified
U04186,Shruti,Pawar,Female,9355646046,L003,6/7/2000,12/8/2024,Verified
U04187,Sowmya,Ghosh,Female,7356594270,L021,4/26/2005,7/6/2024,Verified
U04188,Shyam,Patil,Male,9117453362,L002,10/6/1957,4/5/2017,Verified
U04189,Mansi,More,Female,9643149611,L037,9/22/1998,12/14/2019,Verified
U04190,Meera,Verma,Female,6837178480,L031,10/18/1985,9/8/2019,Verified
U04191,Sanjay,Pereira,Male,9888052366,L014,1/17/1956,9/5/2023,Verified
U04192,Hina,Kohli,Female,8303131752,L029,4/12/2005,5/25/2025,Verified
U04193,Hina,Jadhav,Female,9199182805,L044,1/30/1987,10/31/2025,Verified
U04194,Ruchi,Sawant,Female,8754743170,L015,2/12/1972,4/25/2020,Verified
U04195,Aisha,Rao,Female,8763458145,L039,12/9/2003,1/3/2020,Verified
U04196,Tanya,Choudhary,Female,7364552431,L049,8/5/2006,11/27/2023,Verified
U04197,Rajat,Qureshi,Male,7578436712,L020,10/27/1986,6/11/2023,Pending
U04198,Parth,Gupta,Male,6645943192,L034,9/9/1959,12/20/2018,Verified
U04199,Tanvi,Shaikh,Female,8628097448,L043,6/8/1970,12/4/2018,Verified
U04200,Nandini,Sethi,Female,6119562925,L029,4/26/1993,3/11/2025,Failed
U04201,Aman,Narang,Male,6802893428,L035,1/6/1975,10/20/2020,Verified
U04202,Ayush,Negi,Male,8475079461,L024,6/6/2007,7/30/2025,Verified
U04203,Chirag,George,Male,6703701797,L040,8/17/1989,10/30/2020,Verified
U04204,Pooja,Singh,Female,8266052985,L002,2/11/1978,11/24/2020,Verified
U04205,Vidya,Mahajan,Female,7706366072,L022,10/1/2000,6/10/2017,Failed
U04206,Asif,Tiwari,Male,8471956653,L015,8/14/1992,6/2/2022,Verified
U04207,Ankit,Khan,Male,8536463437,L042,11/10/1966,7/14/2020,Verified
U04208,Atharv,Arora,Male,8794875285,L024,4/25/2004,5/20/2023,Verified
U04209,Jatin,Gaikwad,Male,8720806965,L008,2/8/1990,7/27/2022,Verified
U04210,Rajesh,Rana,Male,6557955936,L050,3/27/1966,10/1/2023,Verified
U04211,Deepak,Gupta,Male,7778970794,L047,9/24/2005,11/11/2024,Verified
U04212,Vikas,Banerjee,Male,8491852645,L038,10/27/1994,12/3/2021,Verified
U04213,Fatima,Goel,Female,6366985161,L024,12/20/1998,1/27/2025,Verified
U04214,Vidya,Kulkarni,Female,7213265140,L019,5/28/1975,8/8/2018,Verified
U04215,Imran,Bedi,Male,7446067455,L016,3/1/1990,5/12/2023,Verified
U04216,Jyoti,Thakur,Female,9675331913,L031,4/4/1960,7/28/2023,Verified
U04217,Tanvi,Shetty,Female,8389064628,L032,7/30/1985,1/28/2018,Pending
U04218,Madhuri,Qureshi,Female,7689152448,L048,8/31/1968,9/29/2019,Verified
U04219,Reshma,Nigam,Female,9977897206,L006,1/3/1998,9/19/2017,Verified
U04220,Ayaan,Verma,Male,8960028982,L011,7/10/1999,12/25/2024,Verified
U04221,Akash,Soni,Male,8782083137,L022,9/11/2006,1/28/2020,Verified
U04222,Arnav,Sandhu,Male,6107238955,L042,6/29/1995,2/11/2021,Verified
U04223,Ishaan,Mittal,Male,6673925501,L011,2/23/1986,5/23/2019,Verified
U04224,Farhan,D'Souza,Male,9523662541,L001,2/26/1980,4/27/2019,Verified
U04225,Harini,Qureshi,Female,7816809366,L013,9/7/2002,1/19/2018,Verified
U04226,Naman,Lal,Male,9848152654,L016,4/3/1965,12/23/2022,Verified
U04227,Nandini,Nigam,Female,7514945942,L030,7/10/1973,12/23/2022,Verified
U04228,Harshit,Mittal,Male,8752428733,L001,11/10/1978,11/17/2017,Verified
U04229,Dhruv,Nigam,Male,7246109201,L019,3/9/1998,7/19/2022,Verified
U04230,Atharv,Hegde,Male,9422604648,L025,11/28/1972,10/13/2019,Verified
U04231,Vivek,Malhotra,Male,6855073748,L006,1/11/1969,8/5/2021,Verified
U04232,Uday,Lalwani,Male,7235696470,L017,9/24/1986,2/7/2025,Verified
U04233,Naman,Pillai,Male,9148067179,L003,5/29/1981,7/6/2025,Verified
U04234,Parth,Sawant,Male,8486537484,L017,12/18/2001,9/16/2022,Verified
U04235,Sanjana,Bansal,Female,9710545458,L025,4/5/2004,8/22/2020,Verified
U04236,Lavanya,Khanna,Female,6250158444,L047,6/27/2003,1/13/2025,Verified
U04237,Ritvik,Sandhu,Male,9805688731,L027,9/29/1996,8/3/2024,Failed
U04238,Dhruv,Dubey,Male,9466657900,L046,7/11/1969,1/31/2024,Verified
U04239,Riya,Saha,Female,6435409073,L039,3/15/1976,11/4/2025,Verified
U04240,Sandeep,Mehta,Male,6552296021,L031,7/2/1982,11/9/2025,Verified
U04241,Pooja,Ahuja,Female,9862508545,L041,1/17/1999,5/16/2024,Verified
U04242,Danish,Jadhav,Male,8229972501,L047,6/21/1960,6/8/2017,Pending
U04243,Varun,Fernandes,Male,9467824312,L025,12/9/1981,3/8/2019,Verified
U04244,Saurabh,Fernandes,Male,9487404826,L010,10/3/1986,7/20/2020,Verified
U04245,Harini,Bhatia,Female,6725708445,L023,5/22/1974,10/6/2021,Verified
U04246,Krishna,Joshi,Male,8722034672,L032,12/26/2000,9/7/2022,Verified
U04247,Charu,Roy,Female,7984774597,L029,12/4/1955,6/8/2024,Verified
U04248,Bhavesh,Jain,Male,8399701923,L014,10/25/1963,4/6/2023,Verified
U04249,Sneha,Pillai,Female,6628316053,L023,9/5/1995,3/23/2018,Verified
U04250,Arnav,Gaikwad,Male,7529787934,L010,4/24/1994,1/22/2019,Verified
U04251,Sunita,Bhatia,Female,6399428839,L017,3/21/1997,3/25/2021,Verified
U04252,Naveen,Malhotra,Male,8543739207,L025,3/14/1988,9/24/2022,Failed
U04253,Ganesh,Roy,Male,6112711878,L043,8/4/1979,9/9/2023,Verified
U04254,Pradeep,Joshi,Male,8655565752,L040,6/8/1985,4/12/2020,Verified
U04255,Muskan,Baruah,Female,9490848217,L003,8/31/1962,6/4/2017,Verified
U04256,Rudra,Kapoor,Male,7460165206,L008,7/25/2002,1/29/2018,Verified
U04257,Advik,Prasad,Male,8377958716,L019,2/22/1977,4/20/2022,Verified
U04258,Mayank,Khanna,Male,8655489546,L048,3/1/1988,1/30/2019,Verified
U04259,Rajat,Mukherjee,Male,7491746108,L005,7/21/1999,1/30/2019,Verified
U04260,Niharika,Kohli,Female,7661186288,L014,8/2/2006,4/11/2020,Verified
U04261,Manish,Lal,Male,9259493087,L042,11/18/1974,5/30/2019,Verified
U04262,Kavya,Dubey,Female,9866643294,L005,9/7/1966,2/1/2017,Verified
U04263,Rashmi,Chawla,Female,9339054455,L029,3/22/1955,10/24/2021,Verified
U04264,Kartik,Thakur,Male,7283337053,L023,5/15/2001,6/1/2021,Pending
U04265,Sachin,Gupta,Male,8517208898,L031,12/29/1979,3/8/2025,Verified
U04266,Vivek,Choudhary,Male,6952657350,L020,7/9/2007,1/2/2024,Failed
U04267,Anusha,Qureshi,Female,9392577717,L020,5/11/1990,3/17/2019,Verified
U04268,Saurabh,Khanna,Male,8287544592,L036,10/26/1968,9/14/2018,Verified
U04269,Deepika,Sawant,Female,7381816606,L023,5/18/1963,11/21/2020,Verified
U04270,Vedant,Gill,Male,8940451306,L015,12/14/1985,11/24/2023,Verified
U04271,Siya,Syed,Female,7300407719,L010,1/15/1995,4/16/2019,Verified
U04272,Rishabh,Sidhu,Male,8345509198,L049,11/19/1981,7/30/2019,Verified
U04273,Nikita,Kalita,Female,9813086915,L022,5/15/1978,6/22/2025,Verified
U04274,Yash,Narang,Male,6185804148,L007,9/6/1997,1/1/2019,Verified
U04275,Dhruv,Kalita,Male,8244378920,L020,2/9/1978,11/9/2020,Verified
U04276,Ira,Qureshi,Female,7598013554,L037,5/19/2003,2/4/2021,Verified
U04277,Karan,Bose,Male,8290416669,L046,4/25/1976,8/25/2019,Failed
U04278,Navya,Lalwani,Female,6806837069,L005,8/22/1958,3/5/2022,Verified
U04279,Ishaan,Suri,Male,8398056536,L042,10/20/1956,10/7/2024,Failed
U04280,Zaid,Soni,Male,6569297400,L019,7/5/1977,3/8/2023,Verified
U04281,Mayank,Sharma,Male,9459726691,L025,8/25/2001,12/7/2025,Verified
U04282,Muskan,Chawla,Female,7140336864,L019,5/31/1972,3/1/2022,Verified
U04283,Nazia,Sawant,Female,8775253940,L050,10/31/1973,5/5/2024,Verified
U04284,Kiran,Ansari,Female,7644952021,L041,4/30/2000,11/21/2023,Verified
U04285,Ayush,Sethi,Male,6521095623,L015,10/3/2007,3/24/2024,Verified
U04286,Anil,Pandey,Male,7769915520,L029,1/25/2004,1/1/2020,Verified
U04287,Sonia,Saxena,Female,7632573801,L007,1/9/2004,1/20/2018,Verified
U04288,Manish,Pawar,Male,9670025625,L033,11/13/1963,4/15/2017,Failed
U04289,Swati,Tiwari,Female,9215178325,L034,3/10/1982,6/6/2023,Verified
U04290,Ayaan,Kohli,Male,7643334922,L001,3/13/1962,4/7/2019,Verified
U04291,Aparna,Jadhav,Female,6609019270,L031,4/29/1997,5/4/2017,Verified
U04292,Kishore,Kumar,Male,7786807672,L033,1/13/2003,2/12/2020,Verified
U04293,Ashish,Mehta,Male,8175315997,L002,4/1/1991,10/8/2023,Verified
U04294,Ajay,Bora,Male,7457561740,L017,5/2/2007,5/24/2025,Verified
U04295,Imran,Mahajan,Male,7530733180,L011,5/19/2003,8/21/2020,Verified
U04296,Rohan,Bose,Male,7431033632,L017,8/20/1976,6/22/2017,Verified
U04297,Ravi,Joseph,Male,8560870084,L045,5/17/1966,9/24/2025,Verified
U04298,Nisha,Khanna,Female,9231934318,L013,5/18/1966,8/20/2020,Verified
U04299,Rajesh,Lalwani,Male,7725026272,L011,12/5/1990,2/1/2017,Verified
U04300,Om,Singh,Male,9208853716,L044,5/13/1960,4/2/2025,Verified
U04301,Nikita,Ali,Female,6600795898,L043,1/14/1966,8/22/2017,Verified
U04302,Aanya,Shinde,Female,7369734861,L009,8/4/1999,8/13/2018,Verified
U04303,Shyam,Das,Male,9865785023,L001,2/27/2002,11/27/2023,Verified
U04304,Gaurav,Mukherjee,Male,9406665324,L047,3/11/2001,5/9/2018,Verified
U04305,Sanjana,Yadav,Female,9527321911,L016,12/15/1994,4/10/2020,Verified
U04306,Kishore,Lalwani,Male,8139216793,L032,7/28/1958,9/17/2025,Verified
U04307,Salman,Roy,Male,8968383970,L020,12/28/1979,2/17/2018,Verified
U04308,Atharv,Bedi,Male,8143154502,L014,8/26/1977,2/11/2020,Failed
U04309,Geeta,Choudhary,Female,8828771884,L015,4/7/1993,12/22/2022,Verified
U04310,Ganesh,Khanna,Male,8110314307,L016,7/8/1976,12/6/2023,Verified
U04311,Sara,Khan,Female,8550237113,L022,4/22/1972,11/4/2019,Verified
U04312,Divya,Bose,Female,7896070254,L006,10/27/1964,7/25/2025,Verified
U04313,Bhavesh,Joseph,Male,8409488250,L022,9/7/1958,2/17/2025,Pending
U04314,Armaan,Tiwari,Male,8930160879,L046,4/16/1977,12/13/2024,Verified
U04315,Advik,Kumar,Male,6751406351,L019,6/7/1984,8/27/2017,Verified
U04316,Advik,Arora,Male,8784145897,L037,6/9/1993,1/10/2023,Verified
U04317,Sowmya,Lalwani,Female,8432793662,L050,1/9/1968,11/17/2018,Pending
U04318,Navya,Jain,Female,9565123025,L003,11/29/1992,6/19/2020,Verified
U04319,Atharv,Gaikwad,Male,7791579152,L039,4/10/1986,3/28/2024,Verified
U04320,Aditi,Yadav,Female,8498336215,L008,3/11/1977,8/18/2025,Verified
U04321,Manish,Banerjee,Male,8332653185,L003,8/23/2002,7/22/2021,Verified
U04322,Kusum,Mittal,Female,6353154862,L012,10/16/1987,1/4/2022,Verified
U04323,Noor,Ghosh,Female,9243307398,L007,11/12/1958,7/30/2017,Verified
U04324,Anu,Puri,Female,7367121181,L007,3/15/1968,12/23/2023,Verified
U04325,Charu,Prasad,Female,6947653035,L013,10/8/1975,6/6/2019,Failed
U04326,Sanjay,Thomas,Male,7479829819,L029,3/26/1995,7/2/2022,Verified
U04327,Naresh,Kumar,Male,6858086288,L050,6/1/1991,3/12/2025,Verified
U04328,Sowmya,Naidu,Female,8819789969,L048,12/31/1984,10/10/2023,Verified
U04329,Aryan,Chatterjee,Male,7409816419,L007,3/17/1985,9/30/2025,Verified
U04330,Mayank,Hegde,Male,8731416690,L044,4/23/1976,7/9/2023,Verified
U04331,Jyoti,Dubey,Female,9730301104,L032,8/30/1984,10/13/2018,Verified
U04332,Nazia,Narang,Female,8776158010,L021,4/1/1983,11/21/2020,Verified
U04333,Krishna,Suri,Male,6947344341,L013,6/23/1960,2/8/2025,Failed
U04334,Muskan,Banerjee,Female,6738094178,L009,7/2/1975,6/16/2017,Verified
U04335,Mercan,Bhardwaj,Female,9623196033,L047,9/15/1955,1/16/2025,Verified
U04336,Sumit,Arora,Male,9664870744,L018,7/2/1984,1/2/2023,Verified
U04337,Ankita,Suri,Female,8103027632,L004,4/30/1981,7/3/2020,Verified
U04338,Karan,Baruah,Male,6844249627,L033,1/2/2000,11/12/2018,Pending
U04339,Sonia,Kulkarni,Female,8196850748,L022,5/26/1962,5/2/2018,Verified
U04340,Tarun,Chopra,Male,8901448408,L014,5/18/1979,12/27/2019,Verified
U04341,Rishabh,Saikia,Male,9807806462,L043,11/8/1983,10/6/2024,Verified
U04342,Sanjana,Lalwani,Female,6597243275,L049,9/20/1964,4/15/2025,Verified
U04343,Rohit,Syed,Male,8949531441,L021,12/24/1966,6/23/2021,Verified
U04344,Manish,Jadhav,Male,6112560936,L031,7/25/1983,9/8/2022,Failed
U04345,Naveen,Khanna,Male,9346183351,L044,6/11/1966,12/2/2022,Verified
U04346,Rohit,Kulkarni,Male,7315938137,L002,2/28/1997,5/23/2022,Pending
U04347,Bharti,Das,Female,7275989120,L045,10/6/1968,11/5/2025,Verified
U04348,Manish,Suri,Male,7909940206,L010,1/9/1992,2/14/2017,Verified
U04349,Anil,Bose,Male,7841639809,L022,4/22/1970,5/10/2018,Failed
U04350,Rahul,Bhardwaj,Male,6909276433,L031,8/12/2000,12/15/2018,Verified
U04351,Ananya,Kamath,Female,7469270070,L044,3/31/1971,5/30/2020,Verified
U04352,Akash,Lalwani,Male,8908887111,L015,12/18/1967,7/2/2017,Verified
U04353,Riya,Mathew,Female,7581719458,L012,3/3/1960,2/3/2021,Verified
U04354,Palak,Khanna,Female,9627771048,L021,1/23/1980,11/5/2024,Verified
U04355,Vihaan,Mishra,Male,6561584844,L029,4/8/2003,6/19/2021,Verified
U04356,Harshit,Choudhary,Male,9853702937,L040,2/7/1996,2/15/2023,Verified
U04357,Rajesh,Bedi,Male,6507580043,L045,1/14/2000,6/5/2024,Verified
U04358,Noor,Lalwani,Female,6649607284,L035,9/21/2001,3/2/2024,Failed
U04359,Hina,Menon,Female,6174009403,L027,9/8/1971,9/5/2019,Verified
U04360,Faizan,Thomas,Male,8627163295,L021,7/13/1984,3/6/2025,Verified
U04361,Sachin,Kumar,Male,9974411580,L039,12/5/1981,5/2/2024,Pending
U04362,Krishna,Bedi,Male,6634237010,L040,12/28/1980,6/2/2021,Failed
U04363,Varsha,Kakkar,Female,6705251982,L032,9/29/1994,4/16/2020,Verified
U04364,Noor,Khanna,Female,9718583276,L023,5/13/2002,12/3/2020,Verified
U04365,Arnav,Nair,Male,7631599472,L037,12/12/1963,8/25/2019,Verified
U04366,Sneha,Nigam,Female,6370137009,L007,12/23/1969,8/13/2020,Verified
U04367,Trisha,Hegde,Female,9997128678,L011,4/29/1990,2/20/2025,Verified
U04368,Charu,Tiwari,Female,7840044073,L042,11/10/1988,2/2/2017,Verified
U04369,Monika,Sandhu,Female,7600829173,L045,11/29/1991,12/16/2017,Pending
U04370,Deepak,Shaikh,Male,8849497722,L013,11/27/1972,3/4/2022,Verified
U04371,Vedant,Kapoor,Male,8408799070,L037,2/7/1976,9/26/2023,Verified
U04372,Rishabh,Fernandes,Male,7423357283,L048,12/19/2004,10/16/2024,Verified
U04373,Lavanya,George,Female,9181203319,L044,3/13/1974,11/9/2025,Verified
U04374,Tushar,Sikdar,Male,6887524626,L038,7/16/2004,8/17/2020,Verified
U04375,Vihaan,Sawant,Male,9951551303,L010,10/31/2003,1/23/2022,Failed
U04376,Keerthi,Pawar,Female,9405153578,L026,10/19/2001,10/10/2023,Verified
U04377,Amit,Gaikwad,Male,9918837173,L019,8/16/2000,1/15/2020,Verified
U04378,Aryan,Kohli,Male,8941811641,L046,12/24/1958,3/7/2020,Verified
U04379,Rohan,Mishra,Male,8673780267,L005,6/14/1972,12/20/2024,Verified
U04380,Fatima,Sawant,Female,7666103667,L035,7/27/1959,4/5/2025,Pending
U04381,Vedant,Gupta,Male,9339408996,L050,2/24/1955,12/26/2019,Verified
U04382,Sara,Ansari,Female,8742796160,L043,5/19/2001,6/14/2018,Verified
U04383,Tushar,Srivastava,Male,8501732064,L013,4/24/1986,7/2/2023,Verified
U04384,Anil,Syed,Male,7564138876,L007,4/7/1965,8/16/2022,Verified
U04385,Ritvik,Shinde,Male,7123868789,L034,7/3/1988,5/31/2018,Verified
U04386,Bhavesh,Puri,Male,8666879474,L002,12/16/1958,12/9/2017,Verified
U04387,Arnav,Deshmukh,Male,9903827440,L022,2/24/1980,10/22/2025,Failed
U04388,Kiran,Khan,Female,9661862214,L007,4/11/1991,8/27/2019,Verified
U04389,Kiara,Pawar,Female,9116009591,L019,10/6/1980,9/11/2024,Verified
U04390,Tejas,Sikdar,Male,8218637319,L039,9/24/1987,6/20/2020,Verified
U04391,Myra,Das,Female,8859170810,L034,4/24/1996,1/30/2021,Verified
U04392,Kiara,Ansari,Female,8491481065,L048,11/9/1975,8/5/2021,Verified
U04393,Jyoti,Tripathi,Female,6774622100,L005,4/30/2001,6/25/2019,Verified
U04394,Deepak,Kakkar,Male,9102612172,L019,12/2/1990,10/2/2020,Verified
U04395,Mohit,Verma,Male,6863228799,L045,1/12/1964,1/26/2018,Verified
U04396,Amit,Ali,Male,7159007839,L038,12/18/1975,3/22/2018,Verified
U04397,Vaishnavi,Fernandes,Female,6154894823,L016,1/24/1974,4/1/2024,Verified
U04398,Ira,Kalita,Female,8431321604,L050,6/12/1970,2/3/2022,Verified
U04399,Mehak,Arora,Female,8503661181,L013,10/20/1987,9/10/2020,Pending
U04400,Nitin,Puri,Male,8897396232,L033,1/18/2000,1/10/2021,Verified
U04401,Aanya,Narang,Female,6361370223,L022,8/9/1986,4/2/2023,Failed
U04402,Muskan,Patel,Female,7388014288,L047,7/20/2004,10/12/2022,Verified
U04403,Harsh,Patil,Male,8526278423,L010,4/13/1975,10/30/2021,Verified
U04404,Rajesh,Mehta,Male,6810449501,L040,1/11/1987,8/28/2020,Verified
U04405,Swati,Reddy,Female,9854506947,L032,5/23/1981,11/25/2023,Verified
U04406,Anil,Bhatia,Male,9304914982,L002,1/5/1988,6/18/2021,Verified
U04407,Mercan,Verma,Female,6522357965,L023,8/6/1974,8/12/2020,Verified
U04408,Fatima,Kulkarni,Female,6467959520,L049,2/3/1991,11/28/2017,Verified
U04409,Alina,Qureshi,Female,9646386358,L033,5/6/1957,3/30/2018,Verified
U04410,Ankit,Lalwani,Male,7437779178,L002,11/19/1968,3/14/2021,Verified
U04411,Nazia,Tiwari,Female,7610995189,L037,12/11/2000,2/9/2020,Verified
U04412,Ashish,Saxena,Male,8144195743,L008,9/10/1991,12/15/2020,Verified
U04413,Varsha,Shetty,Female,8170754269,L031,4/24/1963,12/11/2024,Verified
U04414,Rajesh,Sikdar,Male,6904158154,L039,7/14/1988,2/12/2019,Verified
U04415,Pooja,Sandhu,Female,6990287017,L005,1/20/1965,11/28/2024,Verified
U04416,Laksh,Ahuja,Male,9345978723,L040,1/9/1979,6/21/2017,Verified
U04417,Farah,Puri,Female,6603419294,L023,5/14/1956,6/27/2019,Verified
U04418,Kiran,Bose,Female,6290571084,L046,6/22/1961,11/5/2022,Verified
U04419,Komal,Lal,Female,8493469589,L050,8/14/1983,3/16/2021,Pending
U04420,Geeta,Rawat,Female,9591424087,L037,12/29/2001,7/20/2023,Verified
U04421,Sheetal,Banerjee,Female,9564394039,L040,2/17/1982,6/12/2025,Verified
U04422,Akash,Suri,Male,8734445014,L035,7/19/2005,1/11/2020,Verified
U04423,Siya,Nair,Female,6219667124,L009,6/5/1959,11/26/2018,Pending
U04424,Rakesh,Das,Male,9230840305,L001,11/21/1988,8/21/2023,Verified
U04425,Uday,Patel,Male,6226535905,L039,4/3/1989,7/16/2022,Verified
U04426,Bhavna,Kulkarni,Female,8161743850,L023,4/28/1993,9/2/2019,Failed
U04427,Sushma,Deshmukh,Female,9756094988,L012,7/27/1965,4/29/2025,Verified
U04428,Sandeep,Kalita,Male,9534164403,L039,4/1/1981,2/16/2021,Verified
U04429,Sunita,Kohli,Female,8304444950,L037,11/28/1971,10/12/2022,Verified
U04430,Kabir,Lal,Male,6706925775,L011,9/2/1983,9/11/2023,Verified
U04431,Faizan,Kalita,Male,6403141444,L041,8/7/1986,1/7/2018,Verified
U04432,Ishita,Kohli,Female,9385223593,L010,1/18/1996,5/20/2023,Verified
U04433,Mansi,Shetty,Female,6302609453,L042,11/8/2004,10/16/2021,Failed
U04434,Harini,More,Female,7890219464,L026,4/16/1972,1/16/2019,Verified
U04435,Alina,Sawant,Female,8336081403,L040,6/8/1961,7/18/2020,Verified
U04436,Madhuri,Qureshi,Female,6293649126,L022,8/28/1978,4/30/2023,Verified
U04437,Farah,Negi,Female,9263520505,L031,12/31/1994,5/3/2022,Verified
U04438,Sushma,Gupta,Female,7960276877,L031,10/11/1974,7/17/2024,Verified
U04439,Rehan,Lalwani,Male,9680261895,L006,12/3/1984,11/6/2018,Failed
U04440,Radhika,Nigam,Female,7612056878,L049,6/21/2000,6/2/2025,Verified
U04441,Kusum,Kumar,Female,9744497573,L036,2/13/1982,12/31/2017,Failed
U04442,Diya,Saikia,Female,7300275422,L020,2/7/1973,6/25/2022,Verified
U04443,Vidya,Sawant,Female,7328207357,L038,10/24/2007,6/7/2022,Verified
U04444,Mukesh,Dutta,Male,7103149466,L011,3/8/1976,8/20/2017,Verified
U04445,Farhan,Shaikh,Male,8676754811,L049,1/13/1991,1/29/2023,Pending
U04446,Siya,Das,Female,6633017448,L034,8/2/1980,3/13/2018,Verified
U04447,Dinesh,Saha,Male,9105958913,L014,6/14/1968,10/1/2017,Verified
U04448,Anita,Lal,Female,8389244798,L033,11/30/1966,8/3/2020,Pending
U04449,Pallavi,Shetty,Female,8278936883,L029,1/6/1959,6/27/2019,Verified
U04450,Reyansh,Rawat,Male,7730855741,L050,9/2/1991,7/12/2022,Verified
U04451,Varun,Jadhav,Male,7618274711,L046,1/12/1955,7/7/2022,Verified
U04452,Ayush,Patil,Male,9476452022,L011,4/23/1990,1/12/2019,Failed
U04453,Vinod,Sikdar,Male,6386412937,L008,12/27/2003,7/9/2018,Pending
U04454,Mansi,Soni,Female,7723010011,L043,9/2/1969,9/10/2021,Verified
U04455,Amit,Pandey,Male,9826192599,L035,11/29/1987,10/3/2024,Verified
U04456,Fatima,Joshi,Female,8744306052,L028,10/29/1968,4/17/2018,Verified
U04457,Akash,Qureshi,Male,9356739765,L005,1/23/1969,3/30/2019,Verified
U04458,Kartik,Ahuja,Male,7762145438,L034,12/18/1971,12/20/2018,Verified
U04459,Sonia,Hegde,Female,6100018487,L036,12/23/1960,4/30/2022,Verified
U04460,Vidya,Suri,Female,6220409387,L048,2/23/1991,6/26/2019,Verified
U04461,Nisha,Kapoor,Female,7105565849,L023,11/9/1984,11/18/2023,Verified
U04462,Salman,Patel,Male,9595354629,L043,4/23/1981,11/13/2022,Verified
U04463,Tarun,Arora,Male,7364043167,L039,2/24/1994,1/25/2023,Verified
U04464,Lokesh,Nair,Male,6852861370,L028,3/17/1990,4/26/2022,Verified
U04465,Faizan,Kulkarni,Male,6757659084,L005,11/2/1964,10/9/2022,Verified
U04466,Indu,Ansari,Female,9991172760,L013,10/19/1987,6/2/2021,Pending
U04467,Aman,Goel,Male,7582122750,L015,10/7/1999,10/17/2020,Pending
U04468,Chhavi,Fernandes,Female,6164128050,L003,9/5/1980,9/19/2025,Verified
U04469,Rahul,Lal,Male,9407028099,L019,11/10/1956,3/25/2020,Verified
U04470,Advik,Sengar,Male,9901023007,L018,7/15/1982,11/27/2024,Verified
U04471,Armaan,Jain,Male,9414854267,L029,3/27/1985,9/7/2024,Verified
U04472,Aman,Sengar,Male,7213314118,L047,6/10/1961,3/5/2025,Verified
U04473,Kiran,Syed,Female,7821879158,L022,7/12/1964,1/2/2020,Verified
U04474,Ananya,Kalita,Female,9705146795,L016,6/23/1957,8/22/2018,Verified
U04475,Kanchan,Kumar,Female,8185321331,L027,11/20/1987,5/27/2019,Verified
U04476,Harsh,Soni,Male,9231036595,L002,6/30/1959,3/16/2017,Verified
U04477,Akash,Patel,Male,9974306750,L022,1/16/1991,12/29/2021,Pending
U04478,Naman,Kamath,Male,7697989550,L035,1/4/1964,6/15/2024,Verified
U04479,Hina,Mathew,Female,7595864234,L004,2/18/2002,6/12/2024,Verified
U04480,Trisha,Tiwari,Female,9969686059,L036,11/14/1987,3/13/2022,Verified
U04481,Pranav,Bedi,Male,6792248673,L006,6/9/1994,11/7/2024,Failed
U04482,Jatin,Bansal,Male,7564430279,L044,5/30/1961,12/16/2022,Verified
U04483,Amit,Qureshi,Male,8644010807,L026,6/12/2003,11/13/2022,Pending
U04484,Shubham,Ali,Male,6889515938,L007,11/22/1971,4/1/2019,Verified
U04485,Varun,Qureshi,Male,7732075390,L005,5/5/1985,1/22/2017,Verified
U04486,Sanjana,Lal,Female,6312571245,L038,5/22/1989,1/18/2022,Pending
U04487,Sonia,Iyer,Female,6841713943,L005,5/17/2006,5/9/2024,Verified
U04488,Mohit,Joshi,Male,8880905509,L006,1/15/1972,4/10/2020,Verified
U04489,Zoya,Sandhu,Female,7466004958,L023,2/10/1955,4/11/2020,Verified
U04490,Ganesh,Mittal,Male,6421009087,L023,10/31/1965,9/22/2025,Verified
U04491,Ritika,Mishra,Female,7885363957,L049,11/2/1967,6/9/2022,Verified
U04492,Kiran,Narang,Female,7242474175,L049,2/27/1972,2/12/2018,Verified
U04493,Shubham,Pereira,Male,9363928137,L019,10/15/1968,1/11/2023,Verified
U04494,Nisha,Fernandes,Female,8331822867,L020,11/1/1965,3/27/2017,Verified
U04495,Anil,Pandey,Male,8489488013,L029,10/9/1991,12/1/2017,Failed
U04496,Lokesh,Shetty,Male,7111936554,L036,12/4/1988,11/23/2019,Verified
U04497,Rajat,Patil,Male,8131161292,L025,7/10/1994,9/6/2019,Verified
U04498,Meera,Sharma,Female,6627732602,L041,7/11/2001,10/6/2017,Verified
U04499,Pankaj,Dutta,Male,7610596353,L050,9/8/2001,7/12/2022,Verified
U04500,Chhavi,Rawat,Female,9483865750,L013,10/31/1979,3/1/2022,Verified
U04501,Deepika,Prasad,Female,9196638995,L031,8/18/1984,7/10/2020,Verified
U04502,Arjun,Mathew,Male,7397544937,L023,3/25/1991,9/24/2017,Failed
U04503,Advik,Sawant,Male,8681547653,L003,1/8/1955,5/15/2020,Verified
U04504,Hemant,Hegde,Male,6492911612,L006,7/26/1956,6/30/2021,Verified
U04505,Shaurya,Chopra,Male,8326136691,L002,10/25/1957,2/19/2021,Verified
U04506,Muskan,Gill,Female,8961189837,L005,10/18/1966,5/6/2022,Verified
U04507,Pankaj,Srivastava,Male,9915044082,L029,2/12/1959,10/28/2024,Verified
U04508,Aisha,Ali,Female,7485764716,L024,8/18/1973,8/22/2021,Verified
U04509,Hemant,Nair,Male,9577831825,L037,8/12/1974,7/31/2018,Verified
U04510,Geeta,Joseph,Female,7149885892,L033,2/23/1961,9/27/2019,Verified
U04511,Kabir,D'Souza,Male,9950565927,L001,2/20/1966,6/26/2020,Verified
U04512,Ankita,More,Female,7265837625,L010,7/15/1979,6/28/2023,Verified
U04513,Jatin,Srivastava,Male,7691515137,L049,7/8/1958,8/12/2018,Verified
U04514,Naresh,Rawat,Male,9510492026,L021,5/23/1987,6/17/2021,Verified
U04515,Radhika,George,Female,7814216727,L007,6/18/1965,12/8/2021,Verified
U04516,Aparna,Mathew,Female,6780844416,L034,9/3/1958,7/26/2022,Verified
U04517,Arnav,Sethi,Male,9389891057,L004,7/13/1956,8/18/2018,Verified
U04518,Ritvik,Khanna,Male,7636288092,L047,1/12/1977,8/16/2021,Verified
U04519,Lata,Gill,Female,9201061941,L045,2/6/1983,1/1/2018,Failed
U04520,Madhu,Arora,Female,7260134013,L025,3/11/1967,3/7/2017,Verified
U04521,Akash,Kalita,Male,9229258060,L003,7/21/1956,5/8/2020,Verified
U04522,Saurabh,Patil,Male,9451049015,L036,8/28/1988,10/5/2023,Verified
U04523,Naveen,Saikia,Male,8717106320,L026,8/7/1955,5/9/2018,Verified
U04524,Prachi,Rana,Female,8304839566,L028,8/17/1987,2/7/2025,Verified
U04525,Niharika,Sidhu,Female,7393695551,L003,12/21/1969,11/29/2019,Pending
U04526,Ishita,Shinde,Female,8624923151,L043,11/4/1996,2/11/2019,Pending
U04527,Deepika,Thakur,Female,8373748838,L034,2/1/1969,12/7/2017,Verified
U04528,Hina,D'Souza,Female,9476729514,L029,7/16/1978,3/6/2019,Verified
U04529,Kiara,Prasad,Female,7644139753,L005,9/18/1963,2/26/2017,Verified
U04530,Salman,Yadav,Male,6145456019,L039,6/16/2000,2/8/2020,Verified
U04531,Saurabh,George,Male,6764283637,L007,7/16/1985,6/21/2024,Verified
U04532,Kabir,Baruah,Male,8264218310,L001,6/30/1958,2/27/2019,Verified
U04533,Bharti,Shinde,Female,6475105742,L026,8/15/1960,9/8/2019,Failed
U04534,Anusha,Saikia,Female,9481814809,L032,1/19/1980,1/28/2024,Verified
U04535,Dinesh,Kalita,Male,9387399347,L046,6/17/1981,1/18/2025,Pending
U04536,Rajesh,Tripathi,Male,6381648202,L035,3/6/1996,2/16/2019,Verified
U04537,Aditya,Saikia,Male,9523429545,L025,7/20/1968,6/2/2018,Verified
U04538,Radhika,Shinde,Female,6411927393,L042,7/2/1982,7/24/2022,Verified
U04539,Harshit,Singh,Male,8833807362,L004,6/17/1992,10/25/2019,Verified
U04540,Mukesh,Ansari,Male,8620021807,L041,1/10/1973,12/20/2022,Verified
U04541,Shreya,Patil,Female,9267536088,L048,7/4/2005,11/27/2018,Verified
U04542,Asif,Mahajan,Male,9995358960,L016,4/17/1981,11/5/2017,Verified
U04543,Nikhil,Kumar,Male,7943769796,L032,12/8/1972,7/30/2017,Verified
U04544,Akash,Mahajan,Male,9397547722,L019,7/12/1959,9/1/2022,Verified
U04545,Ajay,Bansal,Male,7588897976,L042,9/12/1990,6/25/2017,Verified
U04546,Aditya,Tripathi,Male,8338421739,L021,9/22/1958,1/15/2021,Verified
U04547,Raj,Thakur,Male,6743468281,L005,5/30/1959,7/29/2023,Verified
U04548,Aisha,Rao,Female,8979516112,L047,3/5/1986,4/2/2023,Verified
U04549,Simran,Sawant,Female,7165806895,L037,11/9/1987,7/31/2025,Verified
U04550,Varsha,Shetty,Female,8568330475,L048,5/21/1986,12/19/2023,Verified
U04551,Reshma,Mukherjee,Female,8805465534,L041,3/19/1964,1/13/2019,Verified
U04552,Sushma,Chatterjee,Female,7214302729,L033,2/10/1961,9/23/2021,Verified
U04553,Salman,Tiwari,Male,8901596598,L001,1/28/2007,8/14/2023,Verified
U04554,Vedant,Verma,Male,7763925967,L042,2/11/1979,4/24/2023,Verified
U04555,Amit,Sikdar,Male,9509855699,L012,9/19/1972,4/11/2018,Verified
U04556,Vihaan,Iyer,Male,8950633977,L022,12/23/2007,2/17/2018,Verified
U04557,Sneha,Sharma,Female,9755486190,L011,12/10/1977,11/10/2025,Verified
U04558,Pooja,Naidu,Female,7339505143,L031,3/4/1955,3/27/2021,Verified
U04559,Hina,Chatterjee,Female,6625062315,L049,9/16/2002,7/28/2018,Verified
U04560,Aparna,Lal,Female,7589242519,L024,4/6/1977,2/20/2024,Verified
U04561,Deepak,Saikia,Male,9243340858,L023,9/30/1964,12/22/2020,Verified
U04562,Gaurav,Mathew,Male,9143643448,L007,6/28/1996,4/1/2020,Verified
U04563,Aarav,Pinto,Male,8140655904,L046,8/18/2001,7/3/2023,Verified
U04564,Tarun,Bansal,Male,8784514877,L013,3/28/2004,10/31/2017,Verified
U04565,Laksh,Bhatia,Male,8181385511,L004,4/6/1959,4/4/2020,Pending
U04566,Vaishnavi,Joshi,Female,9263840704,L050,7/2/1978,2/12/2017,Verified
U04567,Vikas,Mukherjee,Male,6811679743,L033,6/3/1964,9/10/2020,Verified
U04568,Kavya,Pandey,Female,6565111792,L037,7/3/1963,11/18/2024,Verified
U04569,Vihaan,Gaikwad,Male,8233147156,L005,12/2/1962,3/15/2025,Verified
U04570,Lokesh,Patel,Male,6442917336,L013,3/27/1967,12/31/2024,Verified
U04571,Ravi,Shetty,Male,9538651749,L050,8/28/1983,1/27/2020,Verified
U04572,Hina,Goel,Female,9348522005,L031,5/14/1966,5/18/2018,Verified
U04573,Tarun,Pinto,Male,9296607283,L025,6/15/1977,2/8/2022,Verified
U04574,Sara,Pinto,Female,7515921070,L013,7/21/1992,1/6/2021,Verified
U04575,Fatima,Arora,Female,9976478739,L038,12/5/2005,8/30/2018,Verified
U04576,Mercan,D'Souza,Female,7984940202,L044,3/12/2003,11/30/2024,Pending
U04577,Divya,Sengar,Female,9354976433,L040,7/27/1979,1/6/2025,Verified
U04578,Rahul,Khan,Male,8777832908,L048,7/1/1957,9/2/2023,Pending
U04579,Atharv,Ahuja,Male,7168459581,L049,11/23/1955,1/3/2020,Verified
U04580,Atharv,Sandhu,Male,6709339944,L044,2/20/1984,9/10/2017,Verified
U04581,Priti,Shetty,Female,9890606643,L005,5/9/1970,9/5/2021,Pending
U04582,Lata,Baruah,Female,8502205758,L025,11/4/1969,2/23/2024,Verified
U04583,Advik,Malhotra,Male,7765342356,L006,11/21/2001,2/19/2023,Verified
U04584,Naresh,Das,Male,8479331035,L038,2/22/1996,4/18/2018,Verified
U04585,Trisha,Mathew,Female,6368528493,L039,11/23/2000,12/17/2021,Verified
U04586,Riya,Thomas,Female,8975385939,L016,2/1/1981,4/2/2017,Verified
U04587,Aparna,Pinto,Female,6133267625,L044,5/19/2003,12/1/2022,Verified
U04588,Niharika,Shetty,Female,7113425501,L013,2/2/1989,6/11/2018,Verified
U04589,Payal,Banerjee,Female,9675670532,L022,8/1/2001,10/4/2021,Verified
U04590,Uday,Yadav,Male,8251728929,L022,7/24/1962,6/25/2023,Pending
U04591,Kiara,Chatterjee,Female,6497472333,L009,5/17/1978,11/28/2018,Pending
U04592,Riya,Pinto,Female,6884053312,L008,12/21/1971,6/1/2020,Verified
U04593,Rahul,Baruah,Male,7782258217,L025,6/30/1979,2/15/2025,Verified
U04594,Aanya,Sidhu,Female,6515818155,L022,6/4/1978,6/11/2020,Verified
U04595,Mayank,Sikdar,Male,6909557938,L021,1/15/2003,1/15/2019,Verified
U04596,Anu,Pinto,Female,8850432080,L039,12/17/1984,8/25/2023,Verified
U04597,Asif,Ghosh,Male,7926940402,L029,6/19/1989,3/16/2018,Verified
U04598,Aditi,Saxena,Female,9107092970,L013,7/5/1957,7/5/2025,Verified
U04599,Aman,Sengar,Male,9318291177,L034,10/9/2005,1/19/2020,Verified
U04600,Sushma,Jadhav,Female,9387701314,L039,7/21/1971,9/19/2018,Verified
U04601,Neha,Kakkar,Female,9354995414,L038,6/8/1981,12/3/2023,Verified
U04602,Deepak,Sidhu,Male,9727880967,L001,12/25/1979,2/25/2025,Pending
U04603,Rashmi,Pinto,Female,8474506530,L039,8/2/1966,7/7/2022,Verified
U04604,Manish,Kakkar,Male,7138783522,L032,2/2/1973,6/19/2018,Verified
U04605,Sonal,Nair,Female,9774804519,L043,2/22/1972,9/17/2017,Pending
U04606,Pooja,Pinto,Female,6228408952,L007,11/23/2003,10/21/2020,Verified
U04607,Renu,Rao,Female,9814367049,L011,8/22/2007,2/19/2023,Pending
U04608,Advik,Soni,Male,7282023455,L035,5/30/1967,3/3/2024,Verified
U04609,Kunal,Mittal,Male,9462993252,L031,2/21/1976,1/10/2022,Verified
U04610,Sonia,Ali,Female,9632329479,L019,4/20/1995,8/14/2024,Verified
U04611,Sheetal,Bansal,Female,9793550549,L011,2/1/1975,6/13/2024,Verified
U04612,Aman,Patil,Male,8745863414,L018,1/19/1969,6/28/2025,Verified
U04613,Sumit,Singh,Male,8149488290,L021,7/9/1968,9/24/2025,Verified
U04614,Renu,Pillai,Female,8964291888,L040,3/17/1957,3/23/2021,Verified
U04615,Varun,Ansari,Male,6239298229,L041,1/25/1974,11/7/2023,Verified
U04616,Sachin,Verma,Male,9329925951,L043,2/3/1985,7/12/2018,Verified
U04617,Naveen,Shinde,Male,6885746796,L008,1/11/1957,2/18/2020,Pending
U04618,Gaurav,Gupta,Male,6916495563,L021,4/8/2005,10/28/2025,Verified
U04619,Dinesh,Narang,Male,8166924246,L041,4/6/1999,11/12/2020,Verified
U04620,Rupal,Deshmukh,Female,6645471620,L031,3/19/1990,2/10/2019,Pending
U04621,Neha,Kamath,Female,8324323787,L017,9/24/1993,12/16/2018,Pending
U04622,Amit,Banerjee,Male,6243908935,L029,2/2/1968,6/20/2022,Failed
U04623,Sumit,Lalwani,Male,9599695220,L029,7/19/1964,11/20/2017,Verified
U04624,Sneha,Thomas,Female,7974703874,L048,4/3/1994,1/2/2025,Failed
U04625,Asif,Bora,Male,9268686212,L013,11/26/1981,5/22/2020,Failed
U04626,Shreya,Dubey,Female,9563828553,L002,5/2/1999,6/3/2025,Verified
U04627,Tejas,Jain,Male,8652380698,L047,4/3/2000,6/25/2022,Verified
U04628,Rekha,Mathew,Female,6758963894,L046,11/28/1955,7/23/2024,Verified
U04629,Myra,Bansal,Female,7980571886,L003,9/25/1972,1/19/2017,Verified
U04630,Palak,Dutta,Female,8555847839,L035,4/20/1986,1/31/2025,Verified
U04631,Ayush,Bose,Male,9835896891,L013,1/28/1966,10/3/2020,Verified
U04632,Sumit,Mehta,Male,8333972843,L041,4/22/1992,4/2/2022,Verified
U04633,Ramesh,Mittal,Male,9733851365,L012,1/2/1983,7/10/2025,Verified
U04634,Shaurya,Saha,Male,9227585125,L048,5/1/1981,4/21/2025,Verified
U04635,Krishna,Hegde,Male,8928371225,L041,1/14/1958,10/24/2020,Verified
U04636,Nazia,Choudhary,Female,9118567339,L006,9/1/1962,4/27/2022,Verified
U04637,Aanya,Arora,Female,7686884235,L008,12/26/1983,10/16/2024,Verified
U04638,Ira,Roy,Female,6289989659,L013,1/23/2002,2/13/2021,Verified
U04639,Sanjay,Patel,Male,9955149606,L026,8/10/2001,8/31/2017,Failed
U04640,Yash,Chawla,Male,7299556300,L034,1/25/1960,12/1/2023,Verified
U04641,Madhu,Srivastava,Female,8182879961,L037,8/26/1992,8/17/2025,Verified
U04642,Ritvik,Sengar,Male,8912934857,L002,6/7/2001,1/13/2022,Verified
U04643,Sunil,Mahajan,Male,6961601189,L017,1/5/1970,9/15/2023,Verified
U04644,Atharv,Yadav,Male,6724177677,L031,3/21/1981,3/20/2022,Failed
U04645,Simran,George,Female,9716399702,L050,6/9/1991,11/28/2021,Verified
U04646,Advik,Chopra,Male,8694705833,L050,5/11/2002,6/23/2025,Verified
U04647,Vidya,Sharma,Female,8798706675,L015,3/14/1994,10/1/2024,Verified
U04648,Siddharth,Mishra,Male,9544991173,L016,7/6/1995,3/4/2025,Verified
U04649,Ravi,Kamath,Male,9178293738,L015,7/11/2007,2/3/2017,Verified
U04650,Ritika,Shaikh,Female,9363888902,L023,7/21/1959,1/13/2022,Verified
U04651,Kishore,Pereira,Male,8195268006,L022,3/30/1958,4/17/2020,Verified
U04652,Nikhil,Bansal,Male,7712690434,L043,9/26/2000,8/31/2021,Verified
U04653,Vikas,Sethi,Male,8890203862,L001,8/19/1999,9/3/2023,Pending
U04654,Shyam,Hegde,Male,6798896698,L020,2/6/1986,3/3/2023,Verified
U04655,Faizan,Banerjee,Male,7251132316,L001,4/19/1987,10/22/2018,Verified
U04656,Anjali,Mishra,Female,8176350888,L049,3/21/1955,11/17/2021,Failed
U04657,Rupal,Yadav,Female,8547220314,L010,11/17/1977,1/18/2023,Verified
U04658,Palak,Nigam,Female,7820383254,L028,8/6/1968,3/8/2024,Verified
U04659,Gaurav,Shaikh,Male,8442507054,L026,5/8/1989,3/30/2018,Verified
U04660,Anusha,Agarwal,Female,8128792365,L033,10/4/1962,9/6/2024,Verified
U04661,Dhruv,Roy,Male,8131603567,L020,1/16/1981,11/29/2025,Pending
U04662,Sumit,Soni,Male,8684503707,L034,11/9/1967,5/22/2023,Verified
U04663,Vivaan,D'Souza,Male,9949758337,L008,5/6/2006,5/1/2019,Verified
U04664,Imran,Das,Male,6802820680,L027,1/2/1982,2/27/2025,Verified
U04665,Komal,Banerjee,Female,7661530278,L005,7/17/1968,7/9/2024,Verified
U04666,Rahul,Ali,Male,9538110317,L038,3/23/1976,10/1/2025,Verified
U04667,Reshma,Mathew,Female,7394121413,L024,1/16/2004,12/13/2020,Verified
U04668,Naman,Tiwari,Male,7485377071,L007,1/18/1978,11/26/2024,Verified
U04669,Arnav,Sethi,Male,8346365274,L045,7/10/1998,11/21/2018,Verified
U04670,Tushar,Kakkar,Male,7880793722,L018,11/25/1960,2/18/2025,Verified
U04671,Varsha,Narang,Female,6731950476,L012,8/9/2002,11/15/2021,Verified
U04672,Chirag,Bhardwaj,Male,7693056157,L041,12/3/1987,10/18/2023,Verified
U04673,Zaid,Sethi,Male,8673656428,L018,7/21/1984,2/25/2020,Verified
U04674,Vijay,Qureshi,Male,9979572866,L020,3/25/1983,3/28/2025,Verified
U04675,Mehak,Srivastava,Female,8844349959,L021,2/7/1993,12/31/2018,Verified
U04676,Neha,Saikia,Female,9877285529,L016,10/11/2003,6/27/2019,Failed
U04677,Anjali,Kapoor,Female,6715784407,L042,6/13/1972,9/18/2022,Verified
U04678,Ruchi,Kapoor,Female,9925408562,L050,10/16/1975,5/14/2023,Verified
U04679,Lavanya,Ali,Female,8948941115,L029,8/13/1966,10/3/2021,Verified
U04680,Aditya,Lalwani,Male,7623878927,L048,5/21/1988,1/2/2021,Verified
U04681,Rajat,Lal,Male,6206840552,L013,4/6/1963,8/13/2024,Verified
U04682,Anjali,Shaikh,Female,7524341274,L001,5/3/1998,6/13/2021,Verified
U04683,Ileana,Saikia,Female,9816103040,L032,7/25/1961,7/31/2024,Verified
U04684,Kiran,Srivastava,Female,7476837666,L032,2/4/1982,8/16/2021,Verified
U04685,Sowmya,Thomas,Female,9927736498,L027,8/1/1957,12/16/2017,Verified
U04686,Kiara,Choudhary,Female,6773494088,L004,1/4/1986,4/26/2019,Verified
U04687,Sushma,Thomas,Female,9854940850,L030,2/8/1959,8/16/2021,Verified
U04688,Madhu,Joseph,Female,6474277336,L049,7/10/2003,8/22/2019,Pending
U04689,Aarav,Khan,Male,6194512429,L050,6/23/1967,3/30/2018,Verified
U04690,Kavya,Agarwal,Female,9914584255,L047,5/15/1978,6/16/2022,Verified
U04691,Amit,Dutta,Male,9213935677,L013,12/16/1994,12/30/2025,Pending
U04692,Madhu,Dubey,Female,9468836528,L036,3/7/1984,6/22/2017,Verified
U04693,Shruti,Narang,Female,9145089436,L019,7/5/1976,3/11/2022,Verified
U04694,Bhavesh,Rawat,Male,8802226010,L042,7/22/1999,1/1/2017,Verified
U04695,Ayush,Ali,Male,7968905906,L013,10/27/1978,4/21/2025,Verified
U04696,Anita,Banerjee,Female,7948553792,L033,1/20/1966,5/1/2022,Verified
U04697,Priti,Joshi,Female,9664022329,L009,11/7/1967,1/16/2019,Verified
U04698,Akash,Sengar,Male,7969853969,L001,4/3/2001,4/17/2020,Pending
U04699,Jyoti,Jadhav,Female,8757949681,L035,2/27/2001,4/29/2019,Verified
U04700,Farah,Joshi,Female,8168393922,L029,3/16/2005,12/29/2018,Failed
U04701,Ashish,Joseph,Male,8466075817,L035,12/25/1958,1/31/2020,Verified
U04702,Sneha,Narang,Female,9589260459,L003,7/21/1960,6/21/2017,Verified
U04703,Rahul,Dubey,Male,9338577612,L023,9/10/2003,7/2/2018,Verified
U04704,Deepak,Mukherjee,Male,7815594771,L013,8/30/1992,8/21/2020,Verified
U04705,Niharika,Ansari,Female,6902234185,L038,6/19/1980,10/30/2018,Verified
U04706,Yash,Goel,Male,8628317653,L036,12/8/1978,1/2/2023,Verified
U04707,Krishna,Singh,Male,9421957873,L012,1/18/1984,11/3/2020,Verified
U04708,Niharika,Verma,Female,9169227483,L027,3/31/1994,6/7/2022,Pending
U04709,Lata,Sengar,Female,8826277434,L049,8/7/1966,10/31/2023,Failed
U04710,Uma,Mahajan,Female,9153361918,L016,12/10/1976,9/22/2018,Verified
U04711,Bhavesh,Chawla,Male,7816552963,L033,3/19/1997,10/28/2025,Verified
U04712,Shubham,George,Male,6621943187,L018,1/5/1963,10/19/2022,Verified
U04713,Ankita,Malhotra,Female,9359184150,L010,9/26/1983,5/8/2022,Verified
U04714,Seema,Pillai,Female,8603275305,L003,5/5/2002,6/19/2021,Verified
U04715,Sandeep,Roy,Male,8903976532,L006,3/16/1957,2/15/2019,Verified
U04716,Ruchi,Verma,Female,6612265840,L041,4/12/2004,4/3/2021,Verified
U04717,Abhishek,Saikia,Male,7672429570,L015,7/3/1981,9/8/2020,Verified
U04718,Ishita,Soni,Female,9396964623,L022,8/19/2004,4/29/2023,Verified
U04719,Harini,Kohli,Female,9843726195,L027,8/6/1990,6/10/2022,Failed
U04720,Purnima,Fernandes,Female,7171493357,L028,2/28/1974,12/24/2023,Verified
U04721,Ritvik,Mathew,Male,7289723920,L002,4/1/1956,9/10/2025,Verified
U04722,Rashmi,Mahajan,Female,9525441963,L016,7/20/1990,3/12/2020,Verified
U04723,Shruti,Ali,Female,6189203649,L034,5/18/1962,10/9/2021,Verified
U04724,Sanjana,Singh,Female,9442304163,L026,8/25/1981,6/8/2019,Verified
U04725,Pankaj,Dubey,Male,7880705090,L035,7/21/1990,9/18/2021,Verified
U04726,Khushi,Hegde,Female,7251323960,L034,10/15/2001,5/8/2019,Verified
U04727,Sachin,Rao,Male,8891453606,L036,2/9/1983,5/18/2020,Verified
U04728,Prachi,Arora,Female,8161806019,L011,3/28/2007,4/17/2020,Verified
U04729,Sneha,Deshmukh,Female,8753897435,L006,3/2/1989,11/30/2025,Verified
U04730,Payal,Mittal,Female,9223225732,L017,2/4/1997,2/6/2024,Verified
U04731,Mehak,Shinde,Female,9385105964,L016,12/11/2001,8/21/2025,Verified
U04732,Mohit,Choudhary,Male,8673741173,L034,3/28/1966,12/15/2019,Verified
U04733,Rishabh,Saha,Male,7313827735,L047,4/8/1987,10/13/2017,Verified
U04734,Asif,Bansal,Male,7301044466,L045,2/2/1955,5/27/2019,Pending
U04735,Radhika,Sengar,Female,6827122726,L018,6/11/2003,9/17/2017,Verified
U04736,Kiara,Das,Female,9866955746,L041,4/22/2001,4/24/2025,Verified
U04737,Vinod,More,Male,9977989890,L048,3/24/1978,5/26/2023,Verified
U04738,Aditi,Yadav,Female,9186530551,L038,3/10/2006,4/28/2023,Verified
U04739,Payal,Roy,Female,7589772056,L039,12/18/2005,1/5/2022,Failed
U04740,Naresh,Yadav,Male,9856346131,L023,2/2/1972,9/23/2023,Verified
U04741,Faizan,Rao,Male,7908480588,L008,5/21/1995,10/4/2025,Verified
U04742,Dhruv,Lalwani,Male,8738986408,L042,7/30/1973,2/26/2018,Verified
U04743,Mercan,Tiwari,Female,6204573763,L014,2/25/1961,8/15/2017,Verified
U04744,Yash,Khanna,Male,9318204659,L045,7/5/2001,9/20/2021,Verified
U04745,Saurabh,Narang,Male,8934911094,L005,1/24/2004,3/24/2019,Verified
U04746,Indu,Chatterjee,Female,7569818416,L046,11/25/1987,1/18/2020,Verified
U04747,Rahul,Thomas,Male,7192819164,L027,9/1/1986,8/5/2018,Verified
U04748,Sanjana,Pandey,Female,8680566005,L026,5/14/1959,3/24/2020,Verified
U04749,Chhavi,Rawat,Female,6239581809,L020,9/20/1972,5/20/2025,Verified
U04750,Khushi,Bhardwaj,Female,7960872163,L001,1/22/1991,11/29/2019,Verified
U04751,Sunil,Shinde,Male,7858109579,L019,9/9/1995,11/23/2017,Failed
U04752,Kishore,Yadav,Male,9226047349,L002,12/3/1980,3/16/2021,Verified
U04753,Noor,Ghosh,Female,9923298214,L050,6/4/1996,9/13/2023,Verified
U04754,Yash,Malhotra,Male,6839012177,L028,9/23/1987,7/1/2019,Verified
U04755,Ayush,Mathew,Male,8403412620,L010,8/6/1958,7/25/2018,Pending
U04756,Ayush,Narang,Male,7701088213,L047,10/4/1985,12/6/2017,Verified
U04757,Reshma,Ansari,Female,6159870468,L026,9/17/1965,5/24/2025,Verified
U04758,Keerthi,Mittal,Female,6820162114,L003,5/17/1967,6/17/2017,Verified
U04759,Simran,Sethi,Female,9679452313,L046,4/4/1963,1/7/2024,Verified
U04760,Amit,Syed,Male,6434018940,L037,9/17/1966,9/16/2025,Verified
U04761,Zaid,Jadhav,Male,7548582295,L042,11/24/1957,1/9/2017,Verified
U04762,Lokesh,Mishra,Male,7152974572,L017,4/14/1985,1/17/2025,Verified
U04763,Yash,Pawar,Male,6645709200,L021,2/23/1956,8/16/2024,Verified
U04764,Sakshi,Bhardwaj,Female,9605464244,L036,4/1/1970,6/6/2024,Verified
U04765,Naman,Joshi,Male,6494902194,L043,7/7/1968,9/5/2019,Verified
U04766,Sandeep,Joshi,Male,7406913347,L033,7/28/1994,4/3/2025,Verified
U04767,Khushi,Naidu,Female,7578675502,L028,11/8/1961,10/24/2024,Verified
U04768,Kiran,Shaikh,Female,8324259127,L028,12/25/1996,1/13/2020,Verified
U04769,Ayaan,Mehta,Male,6637719074,L030,3/10/2005,6/5/2024,Verified
U04770,Sonia,Agarwal,Female,9414996717,L017,4/19/2005,8/28/2018,Verified
U04771,Ayaan,Bose,Male,9704545547,L036,11/6/2001,10/18/2021,Verified
U04772,Ravi,Prasad,Male,9511802858,L023,4/11/1970,9/14/2017,Verified
U04773,Harsh,Tripathi,Male,6831297780,L039,4/15/1976,5/10/2018,Verified
U04774,Vivek,Shetty,Male,6417297246,L037,2/15/2006,5/29/2021,Verified
U04775,Mansi,Thakur,Female,9680174994,L015,10/19/1956,10/26/2021,Verified
U04776,Renu,Thomas,Female,7263588133,L043,6/17/1961,9/25/2024,Verified
U04777,Nazia,Lal,Female,8486409373,L029,10/20/2005,2/13/2020,Verified
U04778,Purnima,Roy,Female,9601965752,L010,9/7/1970,1/24/2022,Pending
U04779,Noor,Mishra,Female,7814104532,L033,2/26/1991,7/18/2025,Failed
U04780,Anu,Kakkar,Female,7201296575,L001,4/27/1958,9/1/2023,Verified
U04781,Varsha,Rawat,Female,6511866126,L040,4/5/1981,1/2/2023,Verified
U04782,Sonal,Saha,Female,6507742942,L031,7/1/1959,12/27/2022,Verified
U04783,Aditi,Mishra,Female,9915500101,L033,4/22/1993,1/3/2022,Verified
U04784,Siddharth,Mukherjee,Male,6646665122,L014,6/17/1961,11/23/2018,Verified
U04785,Vivaan,George,Male,9168631077,L037,7/9/1966,3/21/2017,Verified
U04786,Indu,D'Souza,Female,6329372339,L028,5/19/1990,11/6/2022,Verified
U04787,Ramesh,Yadav,Male,6282690739,L002,3/10/1983,6/17/2025,Verified
U04788,Rajat,More,Male,7242740856,L032,7/18/1964,2/18/2025,Verified
U04789,Lokesh,Ali,Male,8529802612,L015,9/21/1977,10/16/2017,Verified
U04790,Ileana,Kamath,Female,6980429514,L001,6/5/1957,4/3/2023,Verified
U04791,Aisha,Sawant,Female,9961427681,L029,11/4/1999,2/16/2022,Verified
U04792,Ayaan,Chawla,Male,9140235254,L024,2/12/1991,8/13/2020,Verified
U04793,Sushma,Shetty,Female,8777234775,L016,8/5/1990,1/31/2022,Pending
U04794,Renu,More,Female,6704517235,L035,11/24/1980,10/14/2023,Verified
U04795,Zoya,Joseph,Female,9653280417,L044,4/29/1970,9/29/2017,Verified
U04796,Rashmi,Choudhary,Female,7315166274,L049,9/20/1992,1/12/2017,Verified
U04797,Mukesh,Shaikh,Male,7541294730,L045,5/13/1977,9/8/2017,Verified
U04798,Danish,Baruah,Male,8235890949,L044,5/16/1982,1/2/2020,Verified
U04799,Ritvik,Bose,Male,7714031569,L033,1/16/1968,11/24/2019,Verified
U04800,Ishaan,Singh,Male,6818364305,L025,6/19/1998,11/6/2025,Pending
U04801,Salman,Mukherjee,Male,8984547520,L035,2/28/1996,6/17/2020,Verified
U04802,Lata,Shetty,Female,7737004090,L034,12/31/1967,8/3/2020,Verified
U04803,Rahul,Sandhu,Male,6316616320,L024,12/18/1967,5/9/2025,Pending
U04804,Tanvi,Shaikh,Female,6879500057,L037,6/7/1965,6/1/2022,Verified
U04805,Tarun,Patil,Male,6286918625,L029,5/12/1958,2/15/2021,Verified
U04806,Sneha,Tripathi,Female,7543565463,L047,6/18/1979,3/5/2017,Verified
U04807,Gaurav,Saha,Male,7822283440,L046,1/18/2004,1/11/2023,Verified
U04808,Ayaan,Mahajan,Male,7391620805,L048,2/15/1972,8/18/2017,Verified
U04809,Vivaan,Hegde,Male,9190097401,L045,6/21/1966,8/13/2020,Verified
U04810,Sunita,Ansari,Female,9739573659,L019,8/10/2007,12/8/2018,Verified
U04811,Aisha,Malhotra,Female,9441037625,L040,4/6/1978,3/31/2023,Verified
U04812,Sunil,Sethi,Male,9441731086,L013,2/9/1985,12/19/2023,Verified
U04813,Abhishek,Bhatia,Male,8264311660,L017,8/9/1965,6/9/2019,Verified
U04814,Aarav,Qureshi,Male,7766752994,L046,2/5/1964,1/15/2022,Verified
U04815,Farah,Pandey,Female,9775052217,L002,10/2/1997,7/11/2025,Pending
U04816,Divya,Mehta,Female,6518414451,L045,10/24/1987,12/6/2020,Verified
U04817,Ashish,Pandey,Male,8390427528,L005,3/25/1972,12/3/2024,Verified
U04818,Kiran,Sikdar,Female,6943818259,L003,1/5/1965,12/3/2023,Verified
U04819,Garima,Ghosh,Female,8550404598,L010,3/27/1977,3/17/2023,Verified
U04820,Meera,Reddy,Female,6736937515,L013,12/25/1990,8/14/2020,Verified
U04821,Ishita,Kulkarni,Female,9561945862,L038,3/2/1978,2/23/2019,Failed
U04822,Kabir,Syed,Male,9631292044,L036,7/1/1999,10/6/2023,Verified
U04823,Karan,Chauhan,Male,6935137632,L024,5/18/1977,11/24/2019,Verified
U04824,Sunita,Dutta,Female,7722549125,L012,8/26/1975,6/27/2019,Verified
U04825,Darshan,Sengar,Male,6909232187,L031,3/11/1971,6/4/2019,Verified
U04826,Swati,Jadhav,Female,8741769512,L007,5/11/1966,12/23/2021,Pending
U04827,Monika,Ahuja,Female,8278086890,L041,6/8/1966,6/20/2020,Verified
U04828,Armaan,Shinde,Male,9946155380,L025,11/7/1995,9/24/2025,Verified
U04829,Niharika,Dutta,Female,7198803999,L045,7/27/1969,7/13/2023,Verified
U04830,Mohit,Deshmukh,Male,6535764259,L047,8/16/1972,11/7/2019,Verified
U04831,Purnima,Kalita,Female,8357374191,L009,10/26/1998,7/14/2022,Verified
U04832,Harshit,Roy,Male,7713843077,L018,7/9/1978,7/30/2024,Verified
U04833,Rashmi,Thakur,Female,6199936859,L027,5/20/1998,11/3/2020,Verified
U04834,Rajesh,Nigam,Male,6155646438,L015,12/11/2007,6/12/2024,Verified
U04835,Keerthi,Mukherjee,Female,7207898328,L048,3/28/1967,4/6/2025,Pending
U04836,Harsh,Bhardwaj,Male,6105276122,L021,1/29/1981,3/24/2022,Verified
U04837,Nandini,Reddy,Female,9644032065,L026,11/3/1975,1/8/2021,Verified
U04838,Laksh,Iyer,Male,7926680481,L042,3/12/1959,3/5/2017,Verified
U04839,Farhan,Pereira,Male,8934045093,L024,10/15/1995,7/19/2023,Pending
U04840,Dhruv,Nigam,Male,7802539425,L047,11/6/1974,8/28/2020,Verified
U04841,Parth,Patil,Male,6195493003,L036,8/28/1966,10/10/2021,Failed
U04842,Priya,Banerjee,Female,6715904773,L022,1/3/1958,9/6/2023,Verified
U04843,Uma,Rao,Female,9833555852,L009,11/29/1985,9/30/2018,Verified
U04844,Pradeep,Nigam,Male,8753550716,L010,12/2/1966,12/8/2021,Verified
U04845,Naman,Bora,Male,6870863413,L038,7/4/1960,6/28/2020,Verified
U04846,Keerthi,Malhotra,Female,6623875116,L043,9/4/1979,1/21/2018,Verified
U04847,Arnav,Das,Male,7546504769,L014,7/10/2001,9/2/2021,Verified
U04848,Sachin,Ahuja,Male,9206442609,L047,8/3/1996,2/20/2022,Verified
U04849,Vivaan,Nair,Male,9723361655,L028,6/7/1995,2/15/2022,Verified
U04850,Sheetal,Reddy,Female,6965416893,L022,1/25/1998,9/24/2024,Verified
U04851,Aryan,Rana,Male,6124584911,L040,2/22/2003,12/21/2017,Verified
U04852,Noor,Khan,Female,7963483285,L030,8/30/1987,2/13/2019,Verified
U04853,Zoya,Sidhu,Female,6940944728,L026,9/30/1956,9/18/2020,Verified
U04854,Kunal,Gupta,Male,8151289094,L036,4/10/1970,12/29/2021,Verified
U04855,Myra,Mehta,Female,7201522562,L033,1/9/2006,1/12/2017,Pending
U04856,Rahul,Joshi,Male,8971300173,L025,12/3/1985,10/27/2018,Pending
U04857,Sara,Saikia,Female,7579332792,L020,8/9/2006,3/5/2020,Pending
U04858,Hemant,Bedi,Male,9359968681,L047,11/29/1986,4/16/2024,Verified
U04859,Zaid,Thomas,Male,9427825566,L017,8/14/1973,9/24/2022,Verified
U04860,Varsha,Hegde,Female,7749179624,L006,4/14/1984,5/4/2022,Verified
U04861,Naresh,Pereira,Male,7462494208,L022,12/2/1960,4/29/2025,Verified
U04862,Rajesh,Ansari,Male,6358120057,L003,6/19/1981,6/2/2022,Verified
U04863,Armaan,Gill,Male,9757700793,L012,8/15/2003,9/23/2021,Verified
U04864,Kishore,Dutta,Male,6461318442,L048,9/20/1958,6/20/2025,Verified
U04865,Myra,Gaikwad,Female,8873562593,L020,7/12/1970,12/21/2022,Verified
U04866,Deepak,Lal,Male,6214328024,L032,3/10/1999,5/6/2020,Verified
U04867,Bhavna,Bansal,Female,9850022527,L037,4/26/2001,5/13/2021,Verified
U04868,Kartik,Lalwani,Male,8299399989,L040,4/16/1970,9/6/2017,Verified
U04869,Om,Gaikwad,Male,6159774003,L009,9/21/1973,3/26/2024,Failed
U04870,Ruchi,Shaikh,Female,7853674987,L027,2/28/1969,7/6/2020,Verified
U04871,Tarun,Pawar,Male,6823644160,L031,7/18/1957,8/3/2018,Pending
U04872,Palak,Reddy,Female,7361101964,L039,7/4/1995,9/1/2023,Verified
U04873,Ayush,Menon,Male,8685000409,L040,3/9/1988,9/8/2022,Verified
U04874,Tanvi,Mahajan,Female,9473037609,L012,11/20/2003,1/9/2018,Verified
U04875,Uma,Saikia,Female,6620969465,L014,12/20/1976,12/12/2020,Verified
U04876,Fatima,Gaikwad,Female,8207845588,L010,10/28/1993,12/14/2017,Verified
U04877,Zaid,Dubey,Male,8123024138,L014,8/12/1993,12/29/2025,Verified
U04878,Kusum,Sawant,Female,8879906612,L042,4/11/1990,3/13/2025,Verified
U04879,Krishna,Mishra,Male,8165867764,L028,5/2/1970,12/6/2025,Verified
U04880,Atharv,Ahuja,Male,8592469225,L008,2/12/2006,3/11/2019,Verified
U04881,Hemant,Yadav,Male,6865170729,L038,8/27/1957,9/30/2020,Verified
U04882,Vihaan,Kohli,Male,8944895389,L027,6/7/1992,10/29/2020,Failed
U04883,Kabir,Soni,Male,9309865963,L017,5/25/1997,11/19/2023,Verified
U04884,Keerthi,Sethi,Female,6345282165,L025,2/8/1990,11/22/2023,Verified
U04885,Anjali,Qureshi,Female,6714464099,L020,12/22/1994,12/11/2024,Verified
U04886,Ruchi,Chatterjee,Female,9315500245,L003,5/4/1978,9/10/2022,Verified
U04887,Kiara,Arora,Female,7437102838,L034,3/24/1956,10/16/2020,Verified
U04888,Pallavi,Ansari,Female,9582501518,L014,9/18/1999,3/26/2017,Verified
U04889,Dinesh,Sidhu,Male,9643458596,L029,5/3/1981,9/21/2017,Verified
U04890,Manav,Mathew,Male,8843634762,L046,8/23/1958,4/17/2025,Verified
U04891,Purnima,D'Souza,Female,6696583301,L038,6/22/1956,4/8/2022,Verified
U04892,Tejas,Soni,Male,7869867343,L022,7/18/1960,1/9/2019,Verified
U04893,Naveen,Gaikwad,Male,8347805252,L023,12/10/1998,8/6/2019,Verified
U04894,Pranav,Choudhary,Male,7281656623,L045,2/9/2000,10/24/2024,Verified
U04895,Neha,Kulkarni,Female,9701505793,L031,5/13/2006,7/24/2023,Verified
U04896,Om,Dubey,Male,6673168185,L004,12/14/1985,12/14/2017,Verified
U04897,Mercan,Rao,Female,8619765741,L037,11/21/1997,12/26/2017,Pending
U04898,Mansi,Gaikwad,Female,9247549401,L048,10/21/1986,10/14/2024,Verified
U04899,Nazia,Syed,Female,8264125280,L001,11/21/1966,7/14/2023,Verified
U04900,Shalini,Mishra,Female,7200306093,L032,7/30/1990,3/11/2021,Pending
U04901,Anita,Menon,Female,8804053439,L020,12/13/1968,4/28/2022,Verified
U04902,Armaan,Ahuja,Male,7841147625,L043,5/23/2005,5/4/2025,Verified
U04903,Sunil,Menon,Male,8417414453,L018,8/26/1974,4/17/2018,Verified
U04904,Arjun,Soni,Male,9234157106,L018,11/6/1979,6/30/2025,Verified
U04905,Nandini,Kalita,Female,6706101543,L049,8/7/2004,10/2/2024,Verified
U04906,Sumit,Ansari,Male,8624019113,L028,10/27/1963,2/17/2017,Verified
U04907,Kabir,Banerjee,Male,7866867416,L018,11/10/1983,7/11/2025,Pending
U04908,Anjali,Rana,Female,6109455328,L050,7/19/2001,4/11/2019,Verified
U04909,Sushma,Qureshi,Female,9832680107,L029,3/29/1960,11/8/2019,Verified
U04910,Farah,Gupta,Female,9410293307,L048,2/10/1970,1/25/2020,Verified
U04911,Kartik,Ali,Male,8592845671,L007,4/10/1978,10/29/2019,Verified
U04912,Pradeep,Narang,Male,6883827827,L021,7/24/1989,3/24/2021,Verified
U04913,Dev,Qureshi,Male,6996086045,L031,9/5/2007,6/24/2022,Verified
U04914,Zoya,Jain,Female,9392244108,L046,6/27/1983,4/8/2018,Verified
U04915,Khushi,Nigam,Female,9182855209,L018,5/11/2006,6/7/2019,Verified
U04916,Preeti,Joseph,Female,9803328870,L035,1/22/1977,10/15/2018,Verified
U04917,Parth,Saha,Male,6617135643,L035,5/6/1996,12/15/2023,Verified
U04918,Hina,Dutta,Female,9797287966,L007,10/3/1989,5/9/2020,Verified
U04919,Advik,Puri,Male,9127995982,L046,7/8/2004,6/2/2023,Verified
U04920,Kunal,Khan,Male,7184483975,L033,6/12/2004,1/19/2021,Verified
U04921,Darshan,Dutta,Male,6321996780,L029,1/9/1988,3/21/2022,Verified
U04922,Shyam,Roy,Male,6205958190,L043,4/3/1999,6/15/2025,Verified
U04923,Mansi,Nair,Female,7937383391,L036,6/19/1959,12/10/2025,Verified
U04924,Anil,Puri,Male,9557189421,L043,4/9/1971,1/3/2019,Verified
U04925,Kanchan,Qureshi,Female,8132367335,L042,4/8/1967,10/2/2021,Verified
U04926,Ravi,Chawla,Male,7161982214,L009,8/27/1956,7/17/2021,Verified
U04927,Anita,Kumar,Female,8226185089,L042,1/23/1961,4/18/2017,Verified
U04928,Armaan,Mishra,Male,6946782948,L024,10/16/1996,11/16/2023,Verified
U04929,Rashmi,Bedi,Female,9911529589,L022,3/23/2000,3/28/2018,Verified
U04930,Dinesh,Shaikh,Male,6516499834,L046,2/26/1968,4/28/2017,Verified
U04931,Deepak,Bose,Male,7524328092,L011,12/2/1993,5/29/2024,Pending
U04932,Asif,Chopra,Male,6537506805,L045,3/14/1984,7/29/2020,Pending
U04933,Alina,Lalwani,Female,8792276741,L028,11/4/1981,1/13/2024,Verified
U04934,Dhruv,Prasad,Male,9545639666,L041,4/7/1968,10/28/2017,Verified
U04935,Pooja,Khanna,Female,8268753157,L020,10/29/1969,8/26/2020,Verified
U04936,Preeti,Saxena,Female,7312966075,L028,2/24/1974,8/23/2017,Verified
U04937,Mansi,Deshmukh,Female,6850685472,L016,11/23/2005,1/26/2021,Failed
U04938,Naveen,Tripathi,Male,9966120149,L035,8/28/1976,10/4/2017,Failed
U04939,Saurabh,Sethi,Male,9116374103,L030,9/19/1982,8/4/2022,Verified
U04940,Harshit,Ghosh,Male,7378416855,L004,1/2/1999,3/20/2017,Verified
U04941,Rudra,More,Male,8700599594,L011,12/27/2005,9/21/2017,Verified
U04942,Advik,Soni,Male,9396849990,L012,10/19/1965,9/12/2022,Verified
U04943,Charu,Srivastava,Female,9881206980,L020,5/12/1970,4/2/2025,Verified
U04944,Ritika,Malhotra,Female,6892722801,L035,5/13/1975,7/16/2017,Verified
U04945,Indu,Thomas,Female,8457219885,L032,1/10/1989,3/3/2017,Verified
U04946,Kusum,Bedi,Female,7620509642,L006,11/28/1981,10/13/2023,Verified
U04947,Divya,Shaikh,Female,7878692376,L038,1/29/1999,2/1/2021,Pending
U04948,Ayush,D'Souza,Male,7245472918,L015,12/8/1970,4/30/2023,Verified
U04949,Diya,Pinto,Female,7764230132,L007,3/11/2007,9/22/2025,Verified
U04950,Vaishnavi,Puri,Female,9716269874,L038,3/30/2005,11/26/2025,Verified
U04951,Hemant,Fernandes,Male,6405450372,L004,6/21/1957,9/5/2018,Verified
U04952,Ananya,Soni,Female,9466941741,L049,10/4/1976,2/2/2025,Verified
U04953,Shubham,Pillai,Male,7934878009,L026,2/24/1955,8/27/2023,Verified
U04954,Nazia,Srivastava,Female,6200128662,L027,3/23/1986,5/26/2019,Verified
U04955,Kunal,Rana,Male,7784129035,L003,8/24/1995,7/31/2017,Verified
U04956,Vaishnavi,Bansal,Female,6702383678,L010,3/6/2003,1/29/2025,Verified
U04957,Kunal,Jain,Male,6490155629,L011,7/3/1995,8/17/2020,Pending
U04958,Kusum,D'Souza,Female,6282390871,L009,7/24/1970,5/23/2025,Verified
U04959,Anusha,Sharma,Female,9505597213,L029,6/27/1969,7/10/2018,Verified
U04960,Kanchan,Thomas,Female,7159237914,L005,9/19/1993,7/6/2025,Verified
U04961,Myra,Chatterjee,Female,8962509552,L006,8/21/1996,8/11/2020,Verified
U04962,Hina,Ghosh,Female,6292756451,L047,2/4/1984,11/16/2022,Verified
U04963,Mayank,Saha,Male,8287676593,L013,1/31/1964,8/5/2023,Verified
U04964,Danish,Pandey,Male,8334674498,L007,2/18/1968,7/23/2024,Verified
U04965,Rishabh,Syed,Male,7547650311,L026,7/7/1993,6/24/2022,Verified
U04966,Rekha,Bansal,Female,8796325167,L023,1/24/2006,10/4/2025,Verified
U04967,Madhu,Kakkar,Female,9570799098,L037,8/15/1981,9/28/2025,Verified
U04968,Fatima,Fernandes,Female,8326178544,L047,7/17/1974,8/22/2024,Verified
U04969,Charu,Narang,Female,7904075229,L009,6/28/1962,3/1/2019,Failed
U04970,Ayaan,Sharma,Male,8301154688,L008,3/4/1957,9/11/2022,Verified
U04971,Komal,Fernandes,Female,6438755119,L022,10/22/1990,4/28/2020,Verified
U04972,Nazia,Puri,Female,9133583437,L046,12/16/1994,2/4/2021,Pending
U04973,Naresh,Rawat,Male,6680290149,L035,7/4/1993,4/21/2024,Verified
U04974,Sakshi,Kumar,Female,7529023427,L049,7/28/1976,9/20/2023,Verified
U04975,Chirag,Sengar,Male,8298457390,L004,5/31/1977,12/4/2024,Verified
U04976,Preeti,Sengar,Female,7461058219,L014,10/27/1969,8/26/2023,Verified
U04977,Ravi,Gupta,Male,6809360608,L012,5/4/1981,5/23/2025,Verified
U04978,Imran,Tiwari,Male,7178360594,L039,5/10/1964,7/2/2023,Verified
U04979,Uma,Kakkar,Female,7919685916,L046,10/29/1977,9/21/2025,Verified
U04980,Deepak,Fernandes,Male,6708839667,L004,4/15/1979,6/12/2022,Verified
U04981,Advik,Kulkarni,Male,9627264829,L006,12/25/1955,5/10/2023,Verified
U04982,Rudra,Fernandes,Male,7527761890,L047,6/3/1961,10/8/2025,Verified
U04983,Rekha,Thomas,Female,9835981618,L027,5/1/1968,11/30/2021,Pending
U04984,Muskan,Baruah,Female,6759248435,L032,1/31/1963,8/6/2020,Verified
U04985,Niharika,Jadhav,Female,8543664634,L002,2/8/1992,6/20/2021,Verified
U04986,Vihaan,Tripathi,Male,9518164046,L008,12/1/1990,11/17/2018,Verified
U04987,Rishabh,Iyer,Male,8638169572,L014,3/4/2001,11/8/2023,Verified
U04988,Vivaan,Saikia,Male,9588790862,L035,10/12/1993,2/20/2022,Verified
U04989,Niharika,Bedi,Female,6529326111,L015,3/27/1997,4/12/2017,Verified
U04990,Manish,Saxena,Male,7825200710,L018,7/22/1976,7/7/2021,Verified
U04991,Bhavna,Srivastava,Female,7876663409,L011,12/7/1992,9/12/2018,Verified
U04992,Diya,Dubey,Female,8569263207,L028,3/26/1975,10/12/2025,Verified
U04993,Pooja,Suri,Female,9590202731,L004,11/28/1962,10/27/2025,Verified
U04994,Deepika,Sengar,Female,6243707950,L035,2/24/1979,7/8/2024,Verified
U04995,Uday,D'Souza,Male,6860443781,L025,4/28/1991,3/20/2021,Verified
U04996,Charu,Tiwari,Female,8423781119,L004,9/13/1965,6/12/2024,Pending
U04997,Pradeep,Ali,Male,8266262112,L050,9/30/1995,5/13/2020,Verified
U04998,Zaid,Khanna,Male,9745049057,L019,8/30/2006,11/11/2025,Verified
U04999,Amit,Lal,Male,8191971340,L046,11/20/1984,3/26/2022,Verified
U05000,Sonia,Lal,Female,9593848764,L048,11/9/2002,12/28/2021,Verified
